[2026-07-03 15:42:51] [marian] Marian v1.12.0 65bf82ff 2023-02-21 09:56:29 -0800
[2026-07-03 15:42:51] [marian] Running on PS42 as process 11296 with command line:
[2026-07-03 15:42:51] [marian] /home/phantom/marian/build/marian -c model.transformer.phmy/ph-my.config.yml
[2026-07-03 15:42:51] [config] after: 0e
[2026-07-03 15:42:51] [config] after-batches: 0
[2026-07-03 15:42:51] [config] after-epochs: 0
[2026-07-03 15:42:51] [config] all-caps-every: 0
[2026-07-03 15:42:51] [config] allow-unk: false
[2026-07-03 15:42:51] [config] authors: false
[2026-07-03 15:42:51] [config] beam-size: 6
[2026-07-03 15:42:51] [config] bert-class-symbol: "[CLS]"
[2026-07-03 15:42:51] [config] bert-mask-symbol: "[MASK]"
[2026-07-03 15:42:51] [config] bert-masking-fraction: 0.15
[2026-07-03 15:42:51] [config] bert-sep-symbol: "[SEP]"
[2026-07-03 15:42:51] [config] bert-train-type-embeddings: true
[2026-07-03 15:42:51] [config] bert-type-vocab-size: 2
[2026-07-03 15:42:51] [config] build-info: ""
[2026-07-03 15:42:51] [config] check-gradient-nan: false
[2026-07-03 15:42:51] [config] check-nan: false
[2026-07-03 15:42:51] [config] cite: false
[2026-07-03 15:42:51] [config] clip-norm: 5
[2026-07-03 15:42:51] [config] cost-scaling:
[2026-07-03 15:42:51] [config]   []
[2026-07-03 15:42:51] [config] cost-type: ce-sum
[2026-07-03 15:42:51] [config] cpu-threads: 0
[2026-07-03 15:42:51] [config] data-threads: 8
[2026-07-03 15:42:51] [config] data-weighting: ""
[2026-07-03 15:42:51] [config] data-weighting-type: sentence
[2026-07-03 15:42:51] [config] dec-cell: gru
[2026-07-03 15:42:51] [config] dec-cell-base-depth: 2
[2026-07-03 15:42:51] [config] dec-cell-high-depth: 1
[2026-07-03 15:42:51] [config] dec-depth: 2
[2026-07-03 15:42:51] [config] devices:
[2026-07-03 15:42:51] [config]   - 0
[2026-07-03 15:42:51] [config] dim-emb: 512
[2026-07-03 15:42:51] [config] dim-rnn: 1024
[2026-07-03 15:42:51] [config] dim-vocabs:
[2026-07-03 15:42:51] [config]   - 0
[2026-07-03 15:42:51] [config]   - 0
[2026-07-03 15:42:51] [config] disp-first: 0
[2026-07-03 15:42:51] [config] disp-freq: 500
[2026-07-03 15:42:51] [config] disp-label-counts: true
[2026-07-03 15:42:51] [config] dropout-rnn: 0
[2026-07-03 15:42:51] [config] dropout-src: 0
[2026-07-03 15:42:51] [config] dropout-trg: 0
[2026-07-03 15:42:51] [config] dump-config: ""
[2026-07-03 15:42:51] [config] dynamic-gradient-scaling:
[2026-07-03 15:42:51] [config]   []
[2026-07-03 15:42:51] [config] early-stopping: 10
[2026-07-03 15:42:51] [config] early-stopping-on: first
[2026-07-03 15:42:51] [config] embedding-fix-src: false
[2026-07-03 15:42:51] [config] embedding-fix-trg: false
[2026-07-03 15:42:51] [config] embedding-normalization: false
[2026-07-03 15:42:51] [config] embedding-vectors:
[2026-07-03 15:42:51] [config]   []
[2026-07-03 15:42:51] [config] enc-cell: gru
[2026-07-03 15:42:51] [config] enc-cell-depth: 1
[2026-07-03 15:42:51] [config] enc-depth: 2
[2026-07-03 15:42:51] [config] enc-type: bidirectional
[2026-07-03 15:42:51] [config] english-title-case-every: 0
[2026-07-03 15:42:51] [config] exponential-smoothing: 0.0001
[2026-07-03 15:42:51] [config] factor-weight: 1
[2026-07-03 15:42:51] [config] factors-combine: sum
[2026-07-03 15:42:51] [config] factors-dim-emb: 0
[2026-07-03 15:42:51] [config] gradient-checkpointing: false
[2026-07-03 15:42:51] [config] gradient-norm-average-window: 100
[2026-07-03 15:42:51] [config] guided-alignment: none
[2026-07-03 15:42:51] [config] guided-alignment-cost: ce
[2026-07-03 15:42:51] [config] guided-alignment-weight: 0.1
[2026-07-03 15:42:51] [config] ignore-model-config: false
[2026-07-03 15:42:51] [config] input-types:
[2026-07-03 15:42:51] [config]   []
[2026-07-03 15:42:51] [config] interpolate-env-vars: false
[2026-07-03 15:42:51] [config] keep-best: false
[2026-07-03 15:42:51] [config] label-smoothing: 0.1
[2026-07-03 15:42:51] [config] layer-normalization: false
[2026-07-03 15:42:51] [config] learn-rate: 0.0003
[2026-07-03 15:42:51] [config] lemma-dependency: ""
[2026-07-03 15:42:51] [config] lemma-dim-emb: 0
[2026-07-03 15:42:51] [config] log: model.transformer.phmy/train.log
[2026-07-03 15:42:51] [config] log-level: info
[2026-07-03 15:42:51] [config] log-time-zone: ""
[2026-07-03 15:42:51] [config] logical-epoch:
[2026-07-03 15:42:51] [config]   - 1e
[2026-07-03 15:42:51] [config]   - 0
[2026-07-03 15:42:51] [config] lr-decay: 0
[2026-07-03 15:42:51] [config] lr-decay-freq: 50000
[2026-07-03 15:42:51] [config] lr-decay-inv-sqrt:
[2026-07-03 15:42:51] [config]   - 16000
[2026-07-03 15:42:51] [config] lr-decay-repeat-warmup: false
[2026-07-03 15:42:51] [config] lr-decay-reset-optimizer: false
[2026-07-03 15:42:51] [config] lr-decay-start:
[2026-07-03 15:42:51] [config]   - 10
[2026-07-03 15:42:51] [config]   - 1
[2026-07-03 15:42:51] [config] lr-decay-strategy: epoch+stalled
[2026-07-03 15:42:51] [config] lr-report: true
[2026-07-03 15:42:51] [config] lr-warmup: 0
[2026-07-03 15:42:51] [config] lr-warmup-at-reload: false
[2026-07-03 15:42:51] [config] lr-warmup-cycle: false
[2026-07-03 15:42:51] [config] lr-warmup-start-rate: 0
[2026-07-03 15:42:51] [config] max-length: 200
[2026-07-03 15:42:51] [config] max-length-crop: false
[2026-07-03 15:42:51] [config] max-length-factor: 3
[2026-07-03 15:42:51] [config] maxi-batch: 100
[2026-07-03 15:42:51] [config] maxi-batch-sort: trg
[2026-07-03 15:42:51] [config] mini-batch: 64
[2026-07-03 15:42:51] [config] mini-batch-fit: true
[2026-07-03 15:42:51] [config] mini-batch-fit-step: 10
[2026-07-03 15:42:51] [config] mini-batch-round-up: true
[2026-07-03 15:42:51] [config] mini-batch-track-lr: false
[2026-07-03 15:42:51] [config] mini-batch-warmup: 0
[2026-07-03 15:42:51] [config] mini-batch-words: 0
[2026-07-03 15:42:51] [config] mini-batch-words-ref: 0
[2026-07-03 15:42:51] [config] model: model.transformer.phmy/model.npz
[2026-07-03 15:42:51] [config] multi-loss-type: sum
[2026-07-03 15:42:51] [config] n-best: false
[2026-07-03 15:42:51] [config] no-nccl: false
[2026-07-03 15:42:51] [config] no-reload: false
[2026-07-03 15:42:51] [config] no-restore-corpus: false
[2026-07-03 15:42:51] [config] normalize: 0.6
[2026-07-03 15:42:51] [config] normalize-gradient: false
[2026-07-03 15:42:51] [config] num-devices: 0
[2026-07-03 15:42:51] [config] optimizer: adam
[2026-07-03 15:42:51] [config] optimizer-delay: 1
[2026-07-03 15:42:51] [config] optimizer-params:
[2026-07-03 15:42:51] [config]   []
[2026-07-03 15:42:51] [config] output-omit-bias: false
[2026-07-03 15:42:51] [config] overwrite: false
[2026-07-03 15:42:51] [config] precision:
[2026-07-03 15:42:51] [config]   - float32
[2026-07-03 15:42:51] [config]   - float32
[2026-07-03 15:42:51] [config] pretrained-model: ""
[2026-07-03 15:42:51] [config] quantize-biases: false
[2026-07-03 15:42:51] [config] quantize-bits: 0
[2026-07-03 15:42:51] [config] quantize-log-based: false
[2026-07-03 15:42:51] [config] quantize-optimization-steps: 0
[2026-07-03 15:42:51] [config] quiet: false
[2026-07-03 15:42:51] [config] quiet-translation: true
[2026-07-03 15:42:51] [config] relative-paths: false
[2026-07-03 15:42:51] [config] right-left: false
[2026-07-03 15:42:51] [config] save-freq: 5000
[2026-07-03 15:42:51] [config] seed: 1111
[2026-07-03 15:42:51] [config] sentencepiece-alphas:
[2026-07-03 15:42:51] [config]   []
[2026-07-03 15:42:51] [config] sentencepiece-max-lines: 2000000
[2026-07-03 15:42:51] [config] sentencepiece-options: ""
[2026-07-03 15:42:51] [config] sharding: global
[2026-07-03 15:42:51] [config] shuffle: data
[2026-07-03 15:42:51] [config] shuffle-in-ram: false
[2026-07-03 15:42:51] [config] sigterm: save-and-exit
[2026-07-03 15:42:51] [config] skip: false
[2026-07-03 15:42:51] [config] sqlite: ""
[2026-07-03 15:42:51] [config] sqlite-drop: false
[2026-07-03 15:42:51] [config] sync-freq: 200u
[2026-07-03 15:42:51] [config] sync-sgd: true
[2026-07-03 15:42:51] [config] tempdir: /tmp
[2026-07-03 15:42:51] [config] tied-embeddings: true
[2026-07-03 15:42:51] [config] tied-embeddings-all: false
[2026-07-03 15:42:51] [config] tied-embeddings-src: false
[2026-07-03 15:42:51] [config] train-embedder-rank:
[2026-07-03 15:42:51] [config]   []
[2026-07-03 15:42:51] [config] train-sets:
[2026-07-03 15:42:51] [config]   - /home/phantom/Documents/assignment_7_testing/kaung-htet-htun_assignment-7/g2p-par/train.ph
[2026-07-03 15:42:51] [config]   - /home/phantom/Documents/assignment_7_testing/kaung-htet-htun_assignment-7/g2p-par/train.my
[2026-07-03 15:42:51] [config] transformer-aan-activation: swish
[2026-07-03 15:42:51] [config] transformer-aan-depth: 2
[2026-07-03 15:42:51] [config] transformer-aan-nogate: false
[2026-07-03 15:42:51] [config] transformer-decoder-autoreg: self-attention
[2026-07-03 15:42:51] [config] transformer-decoder-dim-ffn: 0
[2026-07-03 15:42:51] [config] transformer-decoder-ffn-depth: 0
[2026-07-03 15:42:51] [config] transformer-depth-scaling: false
[2026-07-03 15:42:51] [config] transformer-dim-aan: 2048
[2026-07-03 15:42:51] [config] transformer-dim-ffn: 2048
[2026-07-03 15:42:51] [config] transformer-dropout: 0.3
[2026-07-03 15:42:51] [config] transformer-dropout-attention: 0
[2026-07-03 15:42:51] [config] transformer-dropout-ffn: 0
[2026-07-03 15:42:51] [config] transformer-ffn-activation: swish
[2026-07-03 15:42:51] [config] transformer-ffn-depth: 2
[2026-07-03 15:42:51] [config] transformer-guided-alignment-layer: last
[2026-07-03 15:42:51] [config] transformer-heads: 8
[2026-07-03 15:42:51] [config] transformer-no-projection: false
[2026-07-03 15:42:51] [config] transformer-pool: false
[2026-07-03 15:42:51] [config] transformer-postprocess: dan
[2026-07-03 15:42:51] [config] transformer-postprocess-emb: d
[2026-07-03 15:42:51] [config] transformer-postprocess-top: ""
[2026-07-03 15:42:51] [config] transformer-preprocess: ""
[2026-07-03 15:42:51] [config] transformer-rnn-projection: false
[2026-07-03 15:42:51] [config] transformer-tied-layers:
[2026-07-03 15:42:51] [config]   []
[2026-07-03 15:42:51] [config] transformer-train-position-embeddings: false
[2026-07-03 15:42:51] [config] tsv: false
[2026-07-03 15:42:51] [config] tsv-fields: 0
[2026-07-03 15:42:51] [config] type: transformer
[2026-07-03 15:42:51] [config] ulr: false
[2026-07-03 15:42:51] [config] ulr-dim-emb: 0
[2026-07-03 15:42:51] [config] ulr-dropout: 0
[2026-07-03 15:42:51] [config] ulr-keys-vectors: ""
[2026-07-03 15:42:51] [config] ulr-query-vectors: ""
[2026-07-03 15:42:51] [config] ulr-softmax-temperature: 1
[2026-07-03 15:42:51] [config] ulr-trainable-transformation: false
[2026-07-03 15:42:51] [config] unlikelihood-loss: false
[2026-07-03 15:42:51] [config] valid-freq: 5000
[2026-07-03 15:42:51] [config] valid-log: model.transformer.phmy/valid.log
[2026-07-03 15:42:51] [config] valid-max-length: 1000
[2026-07-03 15:42:51] [config] valid-metrics:
[2026-07-03 15:42:51] [config]   - cross-entropy
[2026-07-03 15:42:51] [config]   - perplexity
[2026-07-03 15:42:51] [config]   - bleu
[2026-07-03 15:42:51] [config] valid-mini-batch: 64
[2026-07-03 15:42:51] [config] valid-reset-all: false
[2026-07-03 15:42:51] [config] valid-reset-stalled: false
[2026-07-03 15:42:51] [config] valid-script-args:
[2026-07-03 15:42:51] [config]   []
[2026-07-03 15:42:51] [config] valid-script-path: ""
[2026-07-03 15:42:51] [config] valid-sets:
[2026-07-03 15:42:51] [config]   - /home/phantom/Documents/assignment_7_testing/kaung-htet-htun_assignment-7/g2p-par/dev.ph
[2026-07-03 15:42:51] [config]   - /home/phantom/Documents/assignment_7_testing/kaung-htet-htun_assignment-7/g2p-par/dev.my
[2026-07-03 15:42:51] [config] valid-translation-output: model.transformer.phmy/valid.ph-my.output
[2026-07-03 15:42:51] [config] vocabs:
[2026-07-03 15:42:51] [config]   - /home/phantom/Documents/assignment_7_testing/kaung-htet-htun_assignment-7/g2p-par/vocab/vocab.ph.yml
[2026-07-03 15:42:51] [config]   - /home/phantom/Documents/assignment_7_testing/kaung-htet-htun_assignment-7/g2p-par/vocab/vocab.my.yml
[2026-07-03 15:42:51] [config] word-penalty: 0
[2026-07-03 15:42:51] [config] word-scores: false
[2026-07-03 15:42:51] [config] workspace: 1000
[2026-07-03 15:42:51] [config] Model is being created with Marian v1.12.0 65bf82ff 2023-02-21 09:56:29 -0800
[2026-07-03 15:42:51] Using synchronous SGD
[2026-07-03 15:42:51] [comm] Compiled without MPI support. Running as a single process on PS42
[2026-07-03 15:42:51] Synced seed 1111
[2026-07-03 15:42:51] [data] Loading vocabulary from JSON/Yaml file /home/phantom/Documents/assignment_7_testing/kaung-htet-htun_assignment-7/g2p-par/vocab/vocab.ph.yml
[2026-07-03 15:42:51] [data] Setting vocabulary size for input 0 to 1,851
[2026-07-03 15:42:51] [data] Loading vocabulary from JSON/Yaml file /home/phantom/Documents/assignment_7_testing/kaung-htet-htun_assignment-7/g2p-par/vocab/vocab.my.yml
[2026-07-03 15:42:51] [data] Setting vocabulary size for input 1 to 2,308
[2026-07-03 15:42:51] [batching] Collecting statistics for batch fitting with step size 10
[2026-07-03 15:42:52] [memory] Extending reserved space to 1024 MB (device gpu0)
[2026-07-03 15:42:52] [comm] Using NCCL 2.8.3 for GPU communication
[2026-07-03 15:42:52] [comm] Using global sharding
[2026-07-03 15:42:52] [comm] NCCLCommunicators constructed successfully
[2026-07-03 15:42:52] [training] Using 1 GPUs
[2026-07-03 15:42:52] [logits] Applying loss function for 1 factor(s)
[2026-07-03 15:42:52] [memory] Reserving 64 MB, device gpu0
[2026-07-03 15:42:53] [gpu] 16-bit TensorCores enabled for float32 matrix operations
[2026-07-03 15:42:53] [memory] Reserving 64 MB, device gpu0
[2026-07-03 15:43:29] [batching] Done. Typical MB size is 2,825 target words
[2026-07-03 15:43:29] [memory] Extending reserved space to 1024 MB (device gpu0)
[2026-07-03 15:43:29] [comm] Using NCCL 2.8.3 for GPU communication
[2026-07-03 15:43:29] [comm] Using global sharding
[2026-07-03 15:43:29] [comm] NCCLCommunicators constructed successfully
[2026-07-03 15:43:29] [training] Using 1 GPUs
[2026-07-03 15:43:29] Training started
[2026-07-03 15:43:29] [data] Shuffling data
[2026-07-03 15:43:29] [data] Done reading 20,000 sentences
[2026-07-03 15:43:29] [data] Done shuffling 20,000 sentences to temp files
[2026-07-03 15:43:30] [training] Batches are processed as 1 process(es) x 1 devices/process
[2026-07-03 15:43:30] [memory] Reserving 64 MB, device gpu0
[2026-07-03 15:43:30] [memory] Reserving 64 MB, device gpu0
[2026-07-03 15:43:30] Parameter type float32, optimization type float32, casting types false
[2026-07-03 15:43:30] Allocating memory for general optimizer shards
[2026-07-03 15:43:30] [memory] Reserving 64 MB, device gpu0
[2026-07-03 15:43:30] Allocating memory for Adam-specific shards
[2026-07-03 15:43:30] [memory] Reserving 128 MB, device gpu0
[2026-07-03 15:43:45] Seen 20,000 samples
[2026-07-03 15:43:45] Starting data epoch 2 in logical epoch 2
[2026-07-03 15:43:45] [data] Shuffling data
[2026-07-03 15:43:45] [data] Done reading 20,000 sentences
[2026-07-03 15:43:45] [data] Done shuffling 20,000 sentences to temp files
[2026-07-03 15:44:00] Seen 20,000 samples
[2026-07-03 15:44:00] Starting data epoch 3 in logical epoch 3
[2026-07-03 15:44:00] [data] Shuffling data
[2026-07-03 15:44:00] [data] Done reading 20,000 sentences
[2026-07-03 15:44:00] [data] Done shuffling 20,000 sentences to temp files
[2026-07-03 15:44:15] Seen 20,000 samples
[2026-07-03 15:44:15] Starting data epoch 4 in logical epoch 4
[2026-07-03 15:44:15] [data] Shuffling data
[2026-07-03 15:44:15] [data] Done reading 20,000 sentences
[2026-07-03 15:44:15] [data] Done shuffling 20,000 sentences to temp files
[2026-07-03 15:44:30] Seen 20,000 samples
[2026-07-03 15:44:30] Starting data epoch 5 in logical epoch 5
[2026-07-03 15:44:30] [data] Shuffling data
[2026-07-03 15:44:30] [data] Done reading 20,000 sentences
[2026-07-03 15:44:31] [data] Done shuffling 20,000 sentences to temp files
[2026-07-03 15:44:46] Seen 20,000 samples
[2026-07-03 15:44:46] Starting data epoch 6 in logical epoch 6
[2026-07-03 15:44:46] [data] Shuffling data
[2026-07-03 15:44:46] [data] Done reading 20,000 sentences
[2026-07-03 15:44:46] [data] Done shuffling 20,000 sentences to temp files
[2026-07-03 15:45:01] Seen 20,000 samples
[2026-07-03 15:45:01] Starting data epoch 7 in logical epoch 7
[2026-07-03 15:45:01] [data] Shuffling data
[2026-07-03 15:45:01] [data] Done reading 20,000 sentences
[2026-07-03 15:45:01] [data] Done shuffling 20,000 sentences to temp files
[2026-07-03 15:45:16] Seen 20,000 samples
[2026-07-03 15:45:16] Starting data epoch 8 in logical epoch 8
[2026-07-03 15:45:16] [data] Shuffling data
[2026-07-03 15:45:16] [data] Done reading 20,000 sentences
[2026-07-03 15:45:17] [data] Done shuffling 20,000 sentences to temp files
[2026-07-03 15:45:31] Ep. 8 : Up. 500 : Sen. 18,867 : Cost 3.36808324 * 614,592 @ 729 after 614,592 : Time 121.56s : 5055.95 words/s : gNorm 2.9619 : L.r. 3.0000e-04
[2026-07-03 15:45:32] Seen 20,000 samples
[2026-07-03 15:45:32] Starting data epoch 9 in logical epoch 9
[2026-07-03 15:45:32] [data] Shuffling data
[2026-07-03 15:45:32] [data] Done reading 20,000 sentences
[2026-07-03 15:45:32] [data] Done shuffling 20,000 sentences to temp files
[2026-07-03 15:45:47] Seen 20,000 samples
[2026-07-03 15:45:47] Starting data epoch 10 in logical epoch 10
[2026-07-03 15:45:47] [data] Shuffling data
[2026-07-03 15:45:47] [data] Done reading 20,000 sentences
[2026-07-03 15:45:47] [data] Done shuffling 20,000 sentences to temp files
[2026-07-03 15:46:03] Seen 20,000 samples
[2026-07-03 15:46:03] Starting data epoch 11 in logical epoch 11
[2026-07-03 15:46:03] [data] Shuffling data
[2026-07-03 15:46:03] [data] Done reading 20,000 sentences
[2026-07-03 15:46:03] [data] Done shuffling 20,000 sentences to temp files
[2026-07-03 15:46:18] Seen 20,000 samples
[2026-07-03 15:46:18] Starting data epoch 12 in logical epoch 12
[2026-07-03 15:46:18] [data] Shuffling data
[2026-07-03 15:46:18] [data] Done reading 20,000 sentences
[2026-07-03 15:46:18] [data] Done shuffling 20,000 sentences to temp files
[2026-07-03 15:46:33] Seen 20,000 samples
[2026-07-03 15:46:33] Starting data epoch 13 in logical epoch 13
[2026-07-03 15:46:33] [data] Shuffling data
[2026-07-03 15:46:33] [data] Done reading 20,000 sentences
[2026-07-03 15:46:33] [data] Done shuffling 20,000 sentences to temp files
[2026-07-03 15:46:48] Seen 20,000 samples
[2026-07-03 15:46:48] Starting data epoch 14 in logical epoch 14
[2026-07-03 15:46:48] [data] Shuffling data
[2026-07-03 15:46:48] [data] Done reading 20,000 sentences
[2026-07-03 15:46:48] [data] Done shuffling 20,000 sentences to temp files
[2026-07-03 15:47:03] Seen 20,000 samples
[2026-07-03 15:47:03] Starting data epoch 15 in logical epoch 15
[2026-07-03 15:47:03] [data] Shuffling data
[2026-07-03 15:47:03] [data] Done reading 20,000 sentences
[2026-07-03 15:47:03] [data] Done shuffling 20,000 sentences to temp files
[2026-07-03 15:47:18] Seen 20,000 samples
[2026-07-03 15:47:18] Starting data epoch 16 in logical epoch 16
[2026-07-03 15:47:18] [data] Shuffling data
[2026-07-03 15:47:18] [data] Done reading 20,000 sentences
[2026-07-03 15:47:18] [data] Done shuffling 20,000 sentences to temp files
[2026-07-03 15:47:32] Ep. 16 : Up. 1000 : Sen. 17,705 : Cost 1.85153282 * 613,847 @ 999 after 1,228,439 : Time 120.68s : 5086.52 words/s : gNorm 2.0554 : L.r. 3.0000e-04
[2026-07-03 15:47:34] Seen 20,000 samples
[2026-07-03 15:47:34] Starting data epoch 17 in logical epoch 17
[2026-07-03 15:47:34] [data] Shuffling data
[2026-07-03 15:47:34] [data] Done reading 20,000 sentences
[2026-07-03 15:47:34] [data] Done shuffling 20,000 sentences to temp files
[2026-07-03 15:47:49] Seen 20,000 samples
[2026-07-03 15:47:49] Starting data epoch 18 in logical epoch 18
[2026-07-03 15:47:49] [data] Shuffling data
[2026-07-03 15:47:49] [data] Done reading 20,000 sentences
[2026-07-03 15:47:49] [data] Done shuffling 20,000 sentences to temp files
[2026-07-03 15:48:04] Seen 20,000 samples
[2026-07-03 15:48:04] Starting data epoch 19 in logical epoch 19
[2026-07-03 15:48:04] [data] Shuffling data
[2026-07-03 15:48:04] [data] Done reading 20,000 sentences
[2026-07-03 15:48:04] [data] Done shuffling 20,000 sentences to temp files
[2026-07-03 15:48:20] Seen 20,000 samples
[2026-07-03 15:48:20] Starting data epoch 20 in logical epoch 20
[2026-07-03 15:48:20] [data] Shuffling data
[2026-07-03 15:48:20] [data] Done reading 20,000 sentences
[2026-07-03 15:48:20] [data] Done shuffling 20,000 sentences to temp files
[2026-07-03 15:48:35] Seen 20,000 samples
[2026-07-03 15:48:35] Starting data epoch 21 in logical epoch 21
[2026-07-03 15:48:35] [data] Shuffling data
[2026-07-03 15:48:35] [data] Done reading 20,000 sentences
[2026-07-03 15:48:35] [data] Done shuffling 20,000 sentences to temp files
[2026-07-03 15:48:50] Seen 20,000 samples
[2026-07-03 15:48:50] Starting data epoch 22 in logical epoch 22
[2026-07-03 15:48:50] [data] Shuffling data
[2026-07-03 15:48:50] [data] Done reading 20,000 sentences
[2026-07-03 15:48:51] [data] Done shuffling 20,000 sentences to temp files
[2026-07-03 15:49:06] Seen 20,000 samples
[2026-07-03 15:49:06] Starting data epoch 23 in logical epoch 23
[2026-07-03 15:49:06] [data] Shuffling data
[2026-07-03 15:49:06] [data] Done reading 20,000 sentences
[2026-07-03 15:49:06] [data] Done shuffling 20,000 sentences to temp files
[2026-07-03 15:49:22] Seen 20,000 samples
[2026-07-03 15:49:22] Starting data epoch 24 in logical epoch 24
[2026-07-03 15:49:22] [data] Shuffling data
[2026-07-03 15:49:22] [data] Done reading 20,000 sentences
[2026-07-03 15:49:22] [data] Done shuffling 20,000 sentences to temp files
[2026-07-03 15:49:34] Ep. 24 : Up. 1500 : Sen. 16,373 : Cost 1.58934402 * 612,761 @ 1,332 after 1,841,200 : Time 122.65s : 4996.14 words/s : gNorm 1.5256 : L.r. 3.0000e-04
[2026-07-03 15:49:37] Seen 20,000 samples
[2026-07-03 15:49:37] Starting data epoch 25 in logical epoch 25
[2026-07-03 15:49:37] [data] Shuffling data
[2026-07-03 15:49:37] [data] Done reading 20,000 sentences
[2026-07-03 15:49:37] [data] Done shuffling 20,000 sentences to temp files
[2026-07-03 15:49:53] Seen 20,000 samples
[2026-07-03 15:49:53] Starting data epoch 26 in logical epoch 26
[2026-07-03 15:49:53] [data] Shuffling data
[2026-07-03 15:49:53] [data] Done reading 20,000 sentences
[2026-07-03 15:49:53] [data] Done shuffling 20,000 sentences to temp files
[2026-07-03 15:50:09] Seen 20,000 samples
[2026-07-03 15:50:09] Starting data epoch 27 in logical epoch 27
[2026-07-03 15:50:09] [data] Shuffling data
[2026-07-03 15:50:09] [data] Done reading 20,000 sentences
[2026-07-03 15:50:09] [data] Done shuffling 20,000 sentences to temp files
[2026-07-03 15:50:25] Seen 20,000 samples
[2026-07-03 15:50:25] Starting data epoch 28 in logical epoch 28
[2026-07-03 15:50:25] [data] Shuffling data
[2026-07-03 15:50:25] [data] Done reading 20,000 sentences
[2026-07-03 15:50:25] [data] Done shuffling 20,000 sentences to temp files
[2026-07-03 15:50:41] Seen 20,000 samples
[2026-07-03 15:50:41] Starting data epoch 29 in logical epoch 29
[2026-07-03 15:50:41] [data] Shuffling data
[2026-07-03 15:50:41] [data] Done reading 20,000 sentences
[2026-07-03 15:50:41] [data] Done shuffling 20,000 sentences to temp files
[2026-07-03 15:50:57] Seen 20,000 samples
[2026-07-03 15:50:57] Starting data epoch 30 in logical epoch 30
[2026-07-03 15:50:57] [data] Shuffling data
[2026-07-03 15:50:57] [data] Done reading 20,000 sentences
[2026-07-03 15:50:57] [data] Done shuffling 20,000 sentences to temp files
[2026-07-03 15:51:16] Seen 20,000 samples
[2026-07-03 15:51:16] Starting data epoch 31 in logical epoch 31
[2026-07-03 15:51:16] [data] Shuffling data
[2026-07-03 15:51:16] [data] Done reading 20,000 sentences
[2026-07-03 15:51:16] [data] Done shuffling 20,000 sentences to temp files
[2026-07-03 15:51:34] Seen 20,000 samples
[2026-07-03 15:51:34] Starting data epoch 32 in logical epoch 32
[2026-07-03 15:51:34] [data] Shuffling data
[2026-07-03 15:51:34] [data] Done reading 20,000 sentences
[2026-07-03 15:51:34] [data] Done shuffling 20,000 sentences to temp files
[2026-07-03 15:51:48] Ep. 32 : Up. 2000 : Sen. 14,871 : Cost 1.48529351 * 614,039 @ 999 after 2,455,239 : Time 133.98s : 4583.23 words/s : gNorm 1.4813 : L.r. 3.0000e-04
[2026-07-03 15:51:53] Seen 20,000 samples
[2026-07-03 15:51:53] Starting data epoch 33 in logical epoch 33
[2026-07-03 15:51:53] [data] Shuffling data
[2026-07-03 15:51:53] [data] Done reading 20,000 sentences
[2026-07-03 15:51:53] [data] Done shuffling 20,000 sentences to temp files
[2026-07-03 15:52:13] Seen 20,000 samples
[2026-07-03 15:52:13] Starting data epoch 34 in logical epoch 34
[2026-07-03 15:52:13] [data] Shuffling data
[2026-07-03 15:52:13] [data] Done reading 20,000 sentences
[2026-07-03 15:52:13] [data] Done shuffling 20,000 sentences to temp files
[2026-07-03 15:52:33] Seen 20,000 samples
[2026-07-03 15:52:33] Starting data epoch 35 in logical epoch 35
[2026-07-03 15:52:33] [data] Shuffling data
[2026-07-03 15:52:33] [data] Done reading 20,000 sentences
[2026-07-03 15:52:33] [data] Done shuffling 20,000 sentences to temp files
[2026-07-03 15:52:54] Seen 20,000 samples
[2026-07-03 15:52:54] Starting data epoch 36 in logical epoch 36
[2026-07-03 15:52:54] [data] Shuffling data
[2026-07-03 15:52:54] [data] Done reading 20,000 sentences
[2026-07-03 15:52:54] [data] Done shuffling 20,000 sentences to temp files
[2026-07-03 15:53:15] Seen 20,000 samples
[2026-07-03 15:53:15] Starting data epoch 37 in logical epoch 37
[2026-07-03 15:53:15] [data] Shuffling data
[2026-07-03 15:53:15] [data] Done reading 20,000 sentences
[2026-07-03 15:53:15] [data] Done shuffling 20,000 sentences to temp files
[2026-07-03 15:53:37] Seen 20,000 samples
[2026-07-03 15:53:37] Starting data epoch 38 in logical epoch 38
[2026-07-03 15:53:37] [data] Shuffling data
[2026-07-03 15:53:37] [data] Done reading 20,000 sentences
[2026-07-03 15:53:37] [data] Done shuffling 20,000 sentences to temp files
[2026-07-03 15:53:59] Seen 20,000 samples
[2026-07-03 15:53:59] Starting data epoch 39 in logical epoch 39
[2026-07-03 15:53:59] [data] Shuffling data
[2026-07-03 15:53:59] [data] Done reading 20,000 sentences
[2026-07-03 15:53:59] [data] Done shuffling 20,000 sentences to temp files
[2026-07-03 15:54:22] Seen 20,000 samples
[2026-07-03 15:54:22] Starting data epoch 40 in logical epoch 40
[2026-07-03 15:54:22] [data] Shuffling data
[2026-07-03 15:54:22] [data] Done reading 20,000 sentences
[2026-07-03 15:54:22] [data] Done shuffling 20,000 sentences to temp files
[2026-07-03 15:54:38] Ep. 40 : Up. 2500 : Sen. 13,799 : Cost 1.39876354 * 614,349 @ 999 after 3,069,588 : Time 169.85s : 3617.04 words/s : gNorm 1.0852 : L.r. 3.0000e-04
[2026-07-03 15:54:46] Seen 20,000 samples
[2026-07-03 15:54:46] Starting data epoch 41 in logical epoch 41
[2026-07-03 15:54:46] [data] Shuffling data
[2026-07-03 15:54:46] [data] Done reading 20,000 sentences
[2026-07-03 15:54:46] [data] Done shuffling 20,000 sentences to temp files
[2026-07-03 15:55:10] Seen 20,000 samples
[2026-07-03 15:55:10] Starting data epoch 42 in logical epoch 42
[2026-07-03 15:55:10] [data] Shuffling data
[2026-07-03 15:55:10] [data] Done reading 20,000 sentences
[2026-07-03 15:55:10] [data] Done shuffling 20,000 sentences to temp files
[2026-07-03 15:55:33] Seen 20,000 samples
[2026-07-03 15:55:33] Starting data epoch 43 in logical epoch 43
[2026-07-03 15:55:33] [data] Shuffling data
[2026-07-03 15:55:33] [data] Done reading 20,000 sentences
[2026-07-03 15:55:34] [data] Done shuffling 20,000 sentences to temp files
[2026-07-03 15:55:57] Seen 20,000 samples
[2026-07-03 15:55:57] Starting data epoch 44 in logical epoch 44
[2026-07-03 15:55:57] [data] Shuffling data
[2026-07-03 15:55:57] [data] Done reading 20,000 sentences
[2026-07-03 15:55:57] [data] Done shuffling 20,000 sentences to temp files
[2026-07-03 15:56:22] Seen 20,000 samples
[2026-07-03 15:56:22] Starting data epoch 45 in logical epoch 45
[2026-07-03 15:56:22] [data] Shuffling data
[2026-07-03 15:56:22] [data] Done reading 20,000 sentences
[2026-07-03 15:56:22] [data] Done shuffling 20,000 sentences to temp files
[2026-07-03 15:56:51] Seen 20,000 samples
[2026-07-03 15:56:51] Starting data epoch 46 in logical epoch 46
[2026-07-03 15:56:51] [data] Shuffling data
[2026-07-03 15:56:51] [data] Done reading 20,000 sentences
[2026-07-03 15:56:52] [data] Done shuffling 20,000 sentences to temp files
[2026-07-03 15:57:19] Seen 20,000 samples
[2026-07-03 15:57:19] Starting data epoch 47 in logical epoch 47
[2026-07-03 15:57:19] [data] Shuffling data
[2026-07-03 15:57:19] [data] Done reading 20,000 sentences
[2026-07-03 15:57:19] [data] Done shuffling 20,000 sentences to temp files
[2026-07-03 15:57:48] Seen 20,000 samples
[2026-07-03 15:57:48] Starting data epoch 48 in logical epoch 48
[2026-07-03 15:57:48] [data] Shuffling data
[2026-07-03 15:57:48] [data] Done reading 20,000 sentences
[2026-07-03 15:57:48] [data] Done shuffling 20,000 sentences to temp files
[2026-07-03 15:58:06] Ep. 48 : Up. 3000 : Sen. 12,467 : Cost 1.35535955 * 613,339 @ 729 after 3,682,927 : Time 207.62s : 2954.08 words/s : gNorm 1.7006 : L.r. 3.0000e-04
[2026-07-03 15:58:16] Seen 20,000 samples
[2026-07-03 15:58:16] Starting data epoch 49 in logical epoch 49
[2026-07-03 15:58:16] [data] Shuffling data
[2026-07-03 15:58:16] [data] Done reading 20,000 sentences
[2026-07-03 15:58:17] [data] Done shuffling 20,000 sentences to temp files
[2026-07-03 15:58:47] Seen 20,000 samples
[2026-07-03 15:58:47] Starting data epoch 50 in logical epoch 50
[2026-07-03 15:58:47] [data] Shuffling data
[2026-07-03 15:58:47] [data] Done reading 20,000 sentences
[2026-07-03 15:58:47] [data] Done shuffling 20,000 sentences to temp files
[2026-07-03 15:59:18] Seen 20,000 samples
[2026-07-03 15:59:18] Starting data epoch 51 in logical epoch 51
[2026-07-03 15:59:18] [data] Shuffling data
[2026-07-03 15:59:18] [data] Done reading 20,000 sentences
[2026-07-03 15:59:19] [data] Done shuffling 20,000 sentences to temp files
[2026-07-03 15:59:48] Seen 20,000 samples
[2026-07-03 15:59:48] Starting data epoch 52 in logical epoch 52
[2026-07-03 15:59:48] [data] Shuffling data
[2026-07-03 15:59:48] [data] Done reading 20,000 sentences
[2026-07-03 15:59:49] [data] Done shuffling 20,000 sentences to temp files
[2026-07-03 16:00:18] Seen 20,000 samples
[2026-07-03 16:00:18] Starting data epoch 53 in logical epoch 53
[2026-07-03 16:00:18] [data] Shuffling data
[2026-07-03 16:00:18] [data] Done reading 20,000 sentences
[2026-07-03 16:00:18] [data] Done shuffling 20,000 sentences to temp files
[2026-07-03 16:00:49] Seen 20,000 samples
[2026-07-03 16:00:49] Starting data epoch 54 in logical epoch 54
[2026-07-03 16:00:49] [data] Shuffling data
[2026-07-03 16:00:49] [data] Done reading 20,000 sentences
[2026-07-03 16:00:49] [data] Done shuffling 20,000 sentences to temp files
[2026-07-03 16:01:20] Seen 20,000 samples
[2026-07-03 16:01:20] Starting data epoch 55 in logical epoch 55
[2026-07-03 16:01:20] [data] Shuffling data
[2026-07-03 16:01:20] [data] Done reading 20,000 sentences
[2026-07-03 16:01:20] [data] Done shuffling 20,000 sentences to temp files
[2026-07-03 16:01:52] Seen 20,000 samples
[2026-07-03 16:01:52] Starting data epoch 56 in logical epoch 56
[2026-07-03 16:01:52] [data] Shuffling data
[2026-07-03 16:01:52] [data] Done reading 20,000 sentences
[2026-07-03 16:01:52] [data] Done shuffling 20,000 sentences to temp files
[2026-07-03 16:02:08] Ep. 56 : Up. 3500 : Sen. 11,135 : Cost 1.30735373 * 613,115 @ 999 after 4,296,042 : Time 242.81s : 2525.09 words/s : gNorm 0.8645 : L.r. 3.0000e-04
[2026-07-03 16:02:21] Seen 20,000 samples
[2026-07-03 16:02:21] Starting data epoch 57 in logical epoch 57
[2026-07-03 16:02:21] [data] Shuffling data
[2026-07-03 16:02:21] [data] Done reading 20,000 sentences
[2026-07-03 16:02:21] [data] Done shuffling 20,000 sentences to temp files
[2026-07-03 16:02:51] Seen 20,000 samples
[2026-07-03 16:02:51] Starting data epoch 58 in logical epoch 58
[2026-07-03 16:02:51] [data] Shuffling data
[2026-07-03 16:02:51] [data] Done reading 20,000 sentences
[2026-07-03 16:02:51] [data] Done shuffling 20,000 sentences to temp files
[2026-07-03 16:03:20] Seen 20,000 samples
[2026-07-03 16:03:20] Starting data epoch 59 in logical epoch 59
[2026-07-03 16:03:20] [data] Shuffling data
[2026-07-03 16:03:20] [data] Done reading 20,000 sentences
[2026-07-03 16:03:20] [data] Done shuffling 20,000 sentences to temp files
[2026-07-03 16:03:37] Seen 20,000 samples
[2026-07-03 16:03:37] Starting data epoch 60 in logical epoch 60
[2026-07-03 16:03:37] [data] Shuffling data
[2026-07-03 16:03:37] [data] Done reading 20,000 sentences
[2026-07-03 16:03:37] [data] Done shuffling 20,000 sentences to temp files
[2026-07-03 16:03:53] Seen 20,000 samples
[2026-07-03 16:03:53] Starting data epoch 61 in logical epoch 61
[2026-07-03 16:03:53] [data] Shuffling data
[2026-07-03 16:03:53] [data] Done reading 20,000 sentences
[2026-07-03 16:03:53] [data] Done shuffling 20,000 sentences to temp files
[2026-07-03 16:04:09] Seen 20,000 samples
[2026-07-03 16:04:09] Starting data epoch 62 in logical epoch 62
[2026-07-03 16:04:09] [data] Shuffling data
[2026-07-03 16:04:09] [data] Done reading 20,000 sentences
[2026-07-03 16:04:09] [data] Done shuffling 20,000 sentences to temp files
[2026-07-03 16:04:25] Seen 20,000 samples
[2026-07-03 16:04:25] Starting data epoch 63 in logical epoch 63
[2026-07-03 16:04:25] [data] Shuffling data
[2026-07-03 16:04:25] [data] Done reading 20,000 sentences
[2026-07-03 16:04:25] [data] Done shuffling 20,000 sentences to temp files
[2026-07-03 16:04:40] Seen 20,000 samples
[2026-07-03 16:04:40] Starting data epoch 64 in logical epoch 64
[2026-07-03 16:04:40] [data] Shuffling data
[2026-07-03 16:04:40] [data] Done reading 20,000 sentences
[2026-07-03 16:04:41] [data] Done shuffling 20,000 sentences to temp files
[2026-07-03 16:04:48] Ep. 64 : Up. 4000 : Sen. 9,973 : Cost 1.28214490 * 614,838 @ 999 after 4,910,880 : Time 159.86s : 3846.19 words/s : gNorm 0.7739 : L.r. 3.0000e-04
[2026-07-03 16:04:56] Seen 20,000 samples
[2026-07-03 16:04:56] Starting data epoch 65 in logical epoch 65
[2026-07-03 16:04:56] [data] Shuffling data
[2026-07-03 16:04:56] [data] Done reading 20,000 sentences
[2026-07-03 16:04:56] [data] Done shuffling 20,000 sentences to temp files
[2026-07-03 16:05:12] Seen 20,000 samples
[2026-07-03 16:05:12] Starting data epoch 66 in logical epoch 66
[2026-07-03 16:05:12] [data] Shuffling data
[2026-07-03 16:05:12] [data] Done reading 20,000 sentences
[2026-07-03 16:05:12] [data] Done shuffling 20,000 sentences to temp files
[2026-07-03 16:05:28] Seen 20,000 samples
[2026-07-03 16:05:28] Starting data epoch 67 in logical epoch 67
[2026-07-03 16:05:28] [data] Shuffling data
[2026-07-03 16:05:28] [data] Done reading 20,000 sentences
[2026-07-03 16:05:28] [data] Done shuffling 20,000 sentences to temp files
[2026-07-03 16:05:44] Seen 20,000 samples
[2026-07-03 16:05:44] Starting data epoch 68 in logical epoch 68
[2026-07-03 16:05:44] [data] Shuffling data
[2026-07-03 16:05:44] [data] Done reading 20,000 sentences
[2026-07-03 16:05:44] [data] Done shuffling 20,000 sentences to temp files
[2026-07-03 16:05:59] Seen 20,000 samples
[2026-07-03 16:05:59] Starting data epoch 69 in logical epoch 69
[2026-07-03 16:05:59] [data] Shuffling data
[2026-07-03 16:05:59] [data] Done reading 20,000 sentences
[2026-07-03 16:06:00] [data] Done shuffling 20,000 sentences to temp files
[2026-07-03 16:06:15] Seen 20,000 samples
[2026-07-03 16:06:15] Starting data epoch 70 in logical epoch 70
[2026-07-03 16:06:15] [data] Shuffling data
[2026-07-03 16:06:15] [data] Done reading 20,000 sentences
[2026-07-03 16:06:15] [data] Done shuffling 20,000 sentences to temp files
[2026-07-03 16:06:30] Seen 20,000 samples
[2026-07-03 16:06:30] Starting data epoch 71 in logical epoch 71
[2026-07-03 16:06:30] [data] Shuffling data
[2026-07-03 16:06:30] [data] Done reading 20,000 sentences
[2026-07-03 16:06:30] [data] Done shuffling 20,000 sentences to temp files
[2026-07-03 16:06:45] Seen 20,000 samples
[2026-07-03 16:06:45] Starting data epoch 72 in logical epoch 72
[2026-07-03 16:06:45] [data] Shuffling data
[2026-07-03 16:06:45] [data] Done reading 20,000 sentences
[2026-07-03 16:06:45] [data] Done shuffling 20,000 sentences to temp files
[2026-07-03 16:06:52] Ep. 72 : Up. 4500 : Sen. 8,731 : Cost 1.26062620 * 614,228 @ 999 after 5,525,108 : Time 123.62s : 4968.56 words/s : gNorm 1.0604 : L.r. 3.0000e-04
[2026-07-03 16:07:00] Seen 20,000 samples
[2026-07-03 16:07:00] Starting data epoch 73 in logical epoch 73
[2026-07-03 16:07:00] [data] Shuffling data
[2026-07-03 16:07:00] [data] Done reading 20,000 sentences
[2026-07-03 16:07:00] [data] Done shuffling 20,000 sentences to temp files
[2026-07-03 16:07:15] Seen 20,000 samples
[2026-07-03 16:07:15] Starting data epoch 74 in logical epoch 74
[2026-07-03 16:07:15] [data] Shuffling data
[2026-07-03 16:07:15] [data] Done reading 20,000 sentences
[2026-07-03 16:07:15] [data] Done shuffling 20,000 sentences to temp files
[2026-07-03 16:07:30] Seen 20,000 samples
[2026-07-03 16:07:30] Starting data epoch 75 in logical epoch 75
[2026-07-03 16:07:30] [data] Shuffling data
[2026-07-03 16:07:30] [data] Done reading 20,000 sentences
[2026-07-03 16:07:30] [data] Done shuffling 20,000 sentences to temp files
[2026-07-03 16:07:45] Seen 20,000 samples
[2026-07-03 16:07:45] Starting data epoch 76 in logical epoch 76
[2026-07-03 16:07:45] [data] Shuffling data
[2026-07-03 16:07:45] [data] Done reading 20,000 sentences
[2026-07-03 16:07:45] [data] Done shuffling 20,000 sentences to temp files
[2026-07-03 16:08:00] Seen 20,000 samples
[2026-07-03 16:08:00] Starting data epoch 77 in logical epoch 77
[2026-07-03 16:08:00] [data] Shuffling data
[2026-07-03 16:08:00] [data] Done reading 20,000 sentences
[2026-07-03 16:08:00] [data] Done shuffling 20,000 sentences to temp files
[2026-07-03 16:08:15] Seen 20,000 samples
[2026-07-03 16:08:15] Starting data epoch 78 in logical epoch 78
[2026-07-03 16:08:15] [data] Shuffling data
[2026-07-03 16:08:15] [data] Done reading 20,000 sentences
[2026-07-03 16:08:15] [data] Done shuffling 20,000 sentences to temp files
[2026-07-03 16:08:30] Seen 20,000 samples
[2026-07-03 16:08:30] Starting data epoch 79 in logical epoch 79
[2026-07-03 16:08:30] [data] Shuffling data
[2026-07-03 16:08:30] [data] Done reading 20,000 sentences
[2026-07-03 16:08:30] [data] Done shuffling 20,000 sentences to temp files
[2026-07-03 16:08:45] Seen 20,000 samples
[2026-07-03 16:08:45] Starting data epoch 80 in logical epoch 80
[2026-07-03 16:08:45] [data] Shuffling data
[2026-07-03 16:08:45] [data] Done reading 20,000 sentences
[2026-07-03 16:08:45] [data] Done shuffling 20,000 sentences to temp files
[2026-07-03 16:08:50] Ep. 80 : Up. 5000 : Sen. 7,399 : Cost 1.23633313 * 613,150 @ 1,332 after 6,138,258 : Time 118.28s : 5183.81 words/s : gNorm 0.6475 : L.r. 3.0000e-04
[2026-07-03 16:08:50] Saving model weights and runtime parameters to model.transformer.phmy/model.iter5000.npz
[2026-07-03 16:08:50] Saving model weights and runtime parameters to model.transformer.phmy/model.npz
[2026-07-03 16:08:51] Saving Adam parameters
[2026-07-03 16:08:51] [training] Saving training checkpoint to model.transformer.phmy/model.npz and model.transformer.phmy/model.npz.optimizer.npz
[2026-07-03 16:08:52] [valid] Ep. 80 : Up. 5000 : cross-entropy : 1.83935 : new best
[2026-07-03 16:08:53] [valid] Ep. 80 : Up. 5000 : perplexity : 1.61375 : new best
[2026-07-03 16:08:53] [valid] First sentence's tokens as scored:
[2026-07-03 16:08:53] [valid] DefaultVocab keeps original segments for scoring
[2026-07-03 16:08:53] [valid]   Hyp: ဥတ် တ ရ ဖ လ ဂု နီ
[2026-07-03 16:08:53] [valid]   Ref: ဥတ် တ ရ ဖ လ ဂု နီ
[2026-07-03 16:08:55] [valid] Ep. 80 : Up. 5000 : bleu : 76.1047 : new best
[2026-07-03 16:09:05] Seen 20,000 samples
[2026-07-03 16:09:05] Starting data epoch 81 in logical epoch 81
[2026-07-03 16:09:05] [data] Shuffling data
[2026-07-03 16:09:05] [data] Done reading 20,000 sentences
[2026-07-03 16:09:05] [data] Done shuffling 20,000 sentences to temp files
[2026-07-03 16:09:20] Seen 20,000 samples
[2026-07-03 16:09:20] Starting data epoch 82 in logical epoch 82
[2026-07-03 16:09:20] [data] Shuffling data
[2026-07-03 16:09:20] [data] Done reading 20,000 sentences
[2026-07-03 16:09:20] [data] Done shuffling 20,000 sentences to temp files
[2026-07-03 16:09:35] Seen 20,000 samples
[2026-07-03 16:09:35] Starting data epoch 83 in logical epoch 83
[2026-07-03 16:09:35] [data] Shuffling data
[2026-07-03 16:09:35] [data] Done reading 20,000 sentences
[2026-07-03 16:09:35] [data] Done shuffling 20,000 sentences to temp files
[2026-07-03 16:09:49] Seen 20,000 samples
[2026-07-03 16:09:49] Starting data epoch 84 in logical epoch 84
[2026-07-03 16:09:49] [data] Shuffling data
[2026-07-03 16:09:49] [data] Done reading 20,000 sentences
[2026-07-03 16:09:50] [data] Done shuffling 20,000 sentences to temp files
[2026-07-03 16:10:04] Seen 20,000 samples
[2026-07-03 16:10:04] Starting data epoch 85 in logical epoch 85
[2026-07-03 16:10:04] [data] Shuffling data
[2026-07-03 16:10:04] [data] Done reading 20,000 sentences
[2026-07-03 16:10:04] [data] Done shuffling 20,000 sentences to temp files
[2026-07-03 16:10:19] Seen 20,000 samples
[2026-07-03 16:10:19] Starting data epoch 86 in logical epoch 86
[2026-07-03 16:10:19] [data] Shuffling data
[2026-07-03 16:10:19] [data] Done reading 20,000 sentences
[2026-07-03 16:10:19] [data] Done shuffling 20,000 sentences to temp files
[2026-07-03 16:10:34] Seen 20,000 samples
[2026-07-03 16:10:34] Starting data epoch 87 in logical epoch 87
[2026-07-03 16:10:34] [data] Shuffling data
[2026-07-03 16:10:34] [data] Done reading 20,000 sentences
[2026-07-03 16:10:34] [data] Done shuffling 20,000 sentences to temp files
[2026-07-03 16:10:49] Seen 20,000 samples
[2026-07-03 16:10:49] Starting data epoch 88 in logical epoch 88
[2026-07-03 16:10:49] [data] Shuffling data
[2026-07-03 16:10:49] [data] Done reading 20,000 sentences
[2026-07-03 16:10:49] [data] Done shuffling 20,000 sentences to temp files
[2026-07-03 16:10:53] Ep. 88 : Up. 5500 : Sen. 6,067 : Cost 1.22392976 * 613,669 @ 1,332 after 6,751,927 : Time 122.92s : 4992.59 words/s : gNorm 0.7877 : L.r. 3.0000e-04
[2026-07-03 16:11:03] Seen 20,000 samples
[2026-07-03 16:11:03] Starting data epoch 89 in logical epoch 89
[2026-07-03 16:11:03] [data] Shuffling data
[2026-07-03 16:11:03] [data] Done reading 20,000 sentences
[2026-07-03 16:11:03] [data] Done shuffling 20,000 sentences to temp files
[2026-07-03 16:11:18] Seen 20,000 samples
[2026-07-03 16:11:18] Starting data epoch 90 in logical epoch 90
[2026-07-03 16:11:18] [data] Shuffling data
[2026-07-03 16:11:18] [data] Done reading 20,000 sentences
[2026-07-03 16:11:18] [data] Done shuffling 20,000 sentences to temp files
[2026-07-03 16:11:33] Seen 20,000 samples
[2026-07-03 16:11:33] Starting data epoch 91 in logical epoch 91
[2026-07-03 16:11:33] [data] Shuffling data
[2026-07-03 16:11:33] [data] Done reading 20,000 sentences
[2026-07-03 16:11:33] [data] Done shuffling 20,000 sentences to temp files
[2026-07-03 16:11:48] Seen 20,000 samples
[2026-07-03 16:11:48] Starting data epoch 92 in logical epoch 92
[2026-07-03 16:11:48] [data] Shuffling data
[2026-07-03 16:11:48] [data] Done reading 20,000 sentences
[2026-07-03 16:11:48] [data] Done shuffling 20,000 sentences to temp files
[2026-07-03 16:12:02] Seen 20,000 samples
[2026-07-03 16:12:02] Starting data epoch 93 in logical epoch 93
[2026-07-03 16:12:02] [data] Shuffling data
[2026-07-03 16:12:02] [data] Done reading 20,000 sentences
[2026-07-03 16:12:02] [data] Done shuffling 20,000 sentences to temp files
[2026-07-03 16:12:17] Seen 20,000 samples
[2026-07-03 16:12:17] Starting data epoch 94 in logical epoch 94
[2026-07-03 16:12:17] [data] Shuffling data
[2026-07-03 16:12:17] [data] Done reading 20,000 sentences
[2026-07-03 16:12:17] [data] Done shuffling 20,000 sentences to temp files
[2026-07-03 16:12:32] Seen 20,000 samples
[2026-07-03 16:12:32] Starting data epoch 95 in logical epoch 95
[2026-07-03 16:12:32] [data] Shuffling data
[2026-07-03 16:12:32] [data] Done reading 20,000 sentences
[2026-07-03 16:12:32] [data] Done shuffling 20,000 sentences to temp files
[2026-07-03 16:12:47] Seen 20,000 samples
[2026-07-03 16:12:47] Starting data epoch 96 in logical epoch 96
[2026-07-03 16:12:47] [data] Shuffling data
[2026-07-03 16:12:47] [data] Done reading 20,000 sentences
[2026-07-03 16:12:47] [data] Done shuffling 20,000 sentences to temp files
[2026-07-03 16:12:50] Ep. 96 : Up. 6000 : Sen. 4,735 : Cost 1.21067083 * 613,423 @ 1,332 after 7,365,350 : Time 117.16s : 5235.73 words/s : gNorm 0.7098 : L.r. 3.0000e-04
[2026-07-03 16:13:01] Seen 20,000 samples
[2026-07-03 16:13:01] Starting data epoch 97 in logical epoch 97
[2026-07-03 16:13:01] [data] Shuffling data
[2026-07-03 16:13:01] [data] Done reading 20,000 sentences
[2026-07-03 16:13:01] [data] Done shuffling 20,000 sentences to temp files
[2026-07-03 16:13:16] Seen 20,000 samples
[2026-07-03 16:13:16] Starting data epoch 98 in logical epoch 98
[2026-07-03 16:13:16] [data] Shuffling data
[2026-07-03 16:13:16] [data] Done reading 20,000 sentences
[2026-07-03 16:13:16] [data] Done shuffling 20,000 sentences to temp files
[2026-07-03 16:13:31] Seen 20,000 samples
[2026-07-03 16:13:31] Starting data epoch 99 in logical epoch 99
[2026-07-03 16:13:31] [data] Shuffling data
[2026-07-03 16:13:31] [data] Done reading 20,000 sentences
[2026-07-03 16:13:31] [data] Done shuffling 20,000 sentences to temp files
[2026-07-03 16:13:46] Seen 20,000 samples
[2026-07-03 16:13:46] Starting data epoch 100 in logical epoch 100
[2026-07-03 16:13:46] [data] Shuffling data
[2026-07-03 16:13:46] [data] Done reading 20,000 sentences
[2026-07-03 16:13:46] [data] Done shuffling 20,000 sentences to temp files
[2026-07-03 16:14:01] Seen 20,000 samples
[2026-07-03 16:14:01] Starting data epoch 101 in logical epoch 101
[2026-07-03 16:14:01] [data] Shuffling data
[2026-07-03 16:14:01] [data] Done reading 20,000 sentences
[2026-07-03 16:14:01] [data] Done shuffling 20,000 sentences to temp files
[2026-07-03 16:14:16] Seen 20,000 samples
[2026-07-03 16:14:16] Starting data epoch 102 in logical epoch 102
[2026-07-03 16:14:16] [data] Shuffling data
[2026-07-03 16:14:16] [data] Done reading 20,000 sentences
[2026-07-03 16:14:16] [data] Done shuffling 20,000 sentences to temp files
[2026-07-03 16:14:30] Seen 20,000 samples
[2026-07-03 16:14:30] Starting data epoch 103 in logical epoch 103
[2026-07-03 16:14:30] [data] Shuffling data
[2026-07-03 16:14:30] [data] Done reading 20,000 sentences
[2026-07-03 16:14:30] [data] Done shuffling 20,000 sentences to temp files
[2026-07-03 16:14:45] Seen 20,000 samples
[2026-07-03 16:14:45] Starting data epoch 104 in logical epoch 104
[2026-07-03 16:14:45] [data] Shuffling data
[2026-07-03 16:14:45] [data] Done reading 20,000 sentences
[2026-07-03 16:14:45] [data] Done shuffling 20,000 sentences to temp files
[2026-07-03 16:14:48] Ep. 104 : Up. 6500 : Sen. 3,493 : Cost 1.20094049 * 613,710 @ 999 after 7,979,060 : Time 117.49s : 5223.62 words/s : gNorm 0.7293 : L.r. 3.0000e-04
[2026-07-03 16:15:00] Seen 20,000 samples
[2026-07-03 16:15:00] Starting data epoch 105 in logical epoch 105
[2026-07-03 16:15:00] [data] Shuffling data
[2026-07-03 16:15:00] [data] Done reading 20,000 sentences
[2026-07-03 16:15:00] [data] Done shuffling 20,000 sentences to temp files
[2026-07-03 16:15:15] Seen 20,000 samples
[2026-07-03 16:15:15] Starting data epoch 106 in logical epoch 106
[2026-07-03 16:15:15] [data] Shuffling data
[2026-07-03 16:15:15] [data] Done reading 20,000 sentences
[2026-07-03 16:15:15] [data] Done shuffling 20,000 sentences to temp files
[2026-07-03 16:15:29] Seen 20,000 samples
[2026-07-03 16:15:29] Starting data epoch 107 in logical epoch 107
[2026-07-03 16:15:29] [data] Shuffling data
[2026-07-03 16:15:29] [data] Done reading 20,000 sentences
[2026-07-03 16:15:29] [data] Done shuffling 20,000 sentences to temp files
[2026-07-03 16:15:44] Seen 20,000 samples
[2026-07-03 16:15:44] Starting data epoch 108 in logical epoch 108
[2026-07-03 16:15:44] [data] Shuffling data
[2026-07-03 16:15:44] [data] Done reading 20,000 sentences
[2026-07-03 16:15:44] [data] Done shuffling 20,000 sentences to temp files
[2026-07-03 16:15:59] Seen 20,000 samples
[2026-07-03 16:15:59] Starting data epoch 109 in logical epoch 109
[2026-07-03 16:15:59] [data] Shuffling data
[2026-07-03 16:15:59] [data] Done reading 20,000 sentences
[2026-07-03 16:15:59] [data] Done shuffling 20,000 sentences to temp files
[2026-07-03 16:16:14] Seen 20,000 samples
[2026-07-03 16:16:14] Starting data epoch 110 in logical epoch 110
[2026-07-03 16:16:14] [data] Shuffling data
[2026-07-03 16:16:14] [data] Done reading 20,000 sentences
[2026-07-03 16:16:14] [data] Done shuffling 20,000 sentences to temp files
[2026-07-03 16:16:29] Seen 20,000 samples
[2026-07-03 16:16:29] Starting data epoch 111 in logical epoch 111
[2026-07-03 16:16:29] [data] Shuffling data
[2026-07-03 16:16:29] [data] Done reading 20,000 sentences
[2026-07-03 16:16:29] [data] Done shuffling 20,000 sentences to temp files
[2026-07-03 16:16:43] Seen 20,000 samples
[2026-07-03 16:16:43] Starting data epoch 112 in logical epoch 112
[2026-07-03 16:16:43] [data] Shuffling data
[2026-07-03 16:16:43] [data] Done reading 20,000 sentences
[2026-07-03 16:16:43] [data] Done shuffling 20,000 sentences to temp files
[2026-07-03 16:16:45] Ep. 112 : Up. 7000 : Sen. 2,331 : Cost 1.19577932 * 614,298 @ 1,332 after 8,593,358 : Time 117.30s : 5236.88 words/s : gNorm 0.5966 : L.r. 3.0000e-04
[2026-07-03 16:16:58] Seen 20,000 samples
[2026-07-03 16:16:58] Starting data epoch 113 in logical epoch 113
[2026-07-03 16:16:58] [data] Shuffling data
[2026-07-03 16:16:58] [data] Done reading 20,000 sentences
[2026-07-03 16:16:58] [data] Done shuffling 20,000 sentences to temp files
[2026-07-03 16:17:13] Seen 20,000 samples
[2026-07-03 16:17:13] Starting data epoch 114 in logical epoch 114
[2026-07-03 16:17:13] [data] Shuffling data
[2026-07-03 16:17:13] [data] Done reading 20,000 sentences
[2026-07-03 16:17:13] [data] Done shuffling 20,000 sentences to temp files
[2026-07-03 16:17:28] Seen 20,000 samples
[2026-07-03 16:17:28] Starting data epoch 115 in logical epoch 115
[2026-07-03 16:17:28] [data] Shuffling data
[2026-07-03 16:17:28] [data] Done reading 20,000 sentences
[2026-07-03 16:17:28] [data] Done shuffling 20,000 sentences to temp files
[2026-07-03 16:17:42] Seen 20,000 samples
[2026-07-03 16:17:42] Starting data epoch 116 in logical epoch 116
[2026-07-03 16:17:42] [data] Shuffling data
[2026-07-03 16:17:42] [data] Done reading 20,000 sentences
[2026-07-03 16:17:43] [data] Done shuffling 20,000 sentences to temp files
[2026-07-03 16:17:57] Seen 20,000 samples
[2026-07-03 16:17:57] Starting data epoch 117 in logical epoch 117
[2026-07-03 16:17:57] [data] Shuffling data
[2026-07-03 16:17:57] [data] Done reading 20,000 sentences
[2026-07-03 16:17:57] [data] Done shuffling 20,000 sentences to temp files
[2026-07-03 16:18:12] Seen 20,000 samples
[2026-07-03 16:18:12] Starting data epoch 118 in logical epoch 118
[2026-07-03 16:18:12] [data] Shuffling data
[2026-07-03 16:18:12] [data] Done reading 20,000 sentences
[2026-07-03 16:18:12] [data] Done shuffling 20,000 sentences to temp files
[2026-07-03 16:18:27] Seen 20,000 samples
[2026-07-03 16:18:27] Starting data epoch 119 in logical epoch 119
[2026-07-03 16:18:27] [data] Shuffling data
[2026-07-03 16:18:27] [data] Done reading 20,000 sentences
[2026-07-03 16:18:27] [data] Done shuffling 20,000 sentences to temp files
[2026-07-03 16:18:42] Seen 20,000 samples
[2026-07-03 16:18:42] Starting data epoch 120 in logical epoch 120
[2026-07-03 16:18:42] [data] Shuffling data
[2026-07-03 16:18:42] [data] Done reading 20,000 sentences
[2026-07-03 16:18:42] [data] Done shuffling 20,000 sentences to temp files
[2026-07-03 16:18:43] Ep. 120 : Up. 7500 : Sen. 999 : Cost 1.18496978 * 612,956 @ 999 after 9,206,314 : Time 117.59s : 5212.63 words/s : gNorm 0.4625 : L.r. 3.0000e-04
[2026-07-03 16:18:57] Seen 20,000 samples
[2026-07-03 16:18:57] Starting data epoch 121 in logical epoch 121
[2026-07-03 16:18:57] [data] Shuffling data
[2026-07-03 16:18:57] [data] Done reading 20,000 sentences
[2026-07-03 16:18:57] [data] Done shuffling 20,000 sentences to temp files
[2026-07-03 16:19:12] Seen 20,000 samples
[2026-07-03 16:19:12] Starting data epoch 122 in logical epoch 122
[2026-07-03 16:19:12] [data] Shuffling data
[2026-07-03 16:19:12] [data] Done reading 20,000 sentences
[2026-07-03 16:19:12] [data] Done shuffling 20,000 sentences to temp files
[2026-07-03 16:19:26] Seen 20,000 samples
[2026-07-03 16:19:26] Starting data epoch 123 in logical epoch 123
[2026-07-03 16:19:26] [data] Shuffling data
[2026-07-03 16:19:26] [data] Done reading 20,000 sentences
[2026-07-03 16:19:26] [data] Done shuffling 20,000 sentences to temp files
[2026-07-03 16:19:41] Seen 20,000 samples
[2026-07-03 16:19:41] Starting data epoch 124 in logical epoch 124
[2026-07-03 16:19:41] [data] Shuffling data
[2026-07-03 16:19:41] [data] Done reading 20,000 sentences
[2026-07-03 16:19:41] [data] Done shuffling 20,000 sentences to temp files
[2026-07-03 16:19:56] Seen 20,000 samples
[2026-07-03 16:19:56] Starting data epoch 125 in logical epoch 125
[2026-07-03 16:19:56] [data] Shuffling data
[2026-07-03 16:19:56] [data] Done reading 20,000 sentences
[2026-07-03 16:19:56] [data] Done shuffling 20,000 sentences to temp files
[2026-07-03 16:20:11] Seen 20,000 samples
[2026-07-03 16:20:11] Starting data epoch 126 in logical epoch 126
[2026-07-03 16:20:11] [data] Shuffling data
[2026-07-03 16:20:11] [data] Done reading 20,000 sentences
[2026-07-03 16:20:11] [data] Done shuffling 20,000 sentences to temp files
[2026-07-03 16:20:25] Seen 20,000 samples
[2026-07-03 16:20:25] Starting data epoch 127 in logical epoch 127
[2026-07-03 16:20:25] [data] Shuffling data
[2026-07-03 16:20:25] [data] Done reading 20,000 sentences
[2026-07-03 16:20:25] [data] Done shuffling 20,000 sentences to temp files
[2026-07-03 16:20:40] Ep. 127 : Up. 8000 : Sen. 19,866 : Cost 1.18022215 * 614,956 @ 1,607 after 9,821,270 : Time 117.26s : 5244.27 words/s : gNorm 0.5490 : L.r. 3.0000e-04
[2026-07-03 16:20:40] Seen 20,000 samples
[2026-07-03 16:20:40] Starting data epoch 128 in logical epoch 128
[2026-07-03 16:20:40] [data] Shuffling data
[2026-07-03 16:20:40] [data] Done reading 20,000 sentences
[2026-07-03 16:20:40] [data] Done shuffling 20,000 sentences to temp files
[2026-07-03 16:20:55] Seen 20,000 samples
[2026-07-03 16:20:55] Starting data epoch 129 in logical epoch 129
[2026-07-03 16:20:55] [data] Shuffling data
[2026-07-03 16:20:55] [data] Done reading 20,000 sentences
[2026-07-03 16:20:55] [data] Done shuffling 20,000 sentences to temp files
[2026-07-03 16:21:09] Seen 20,000 samples
[2026-07-03 16:21:09] Starting data epoch 130 in logical epoch 130
[2026-07-03 16:21:09] [data] Shuffling data
[2026-07-03 16:21:09] [data] Done reading 20,000 sentences
[2026-07-03 16:21:10] [data] Done shuffling 20,000 sentences to temp files
[2026-07-03 16:21:24] Seen 20,000 samples
[2026-07-03 16:21:24] Starting data epoch 131 in logical epoch 131
[2026-07-03 16:21:24] [data] Shuffling data
[2026-07-03 16:21:24] [data] Done reading 20,000 sentences
[2026-07-03 16:21:24] [data] Done shuffling 20,000 sentences to temp files
[2026-07-03 16:21:39] Seen 20,000 samples
[2026-07-03 16:21:39] Starting data epoch 132 in logical epoch 132
[2026-07-03 16:21:39] [data] Shuffling data
[2026-07-03 16:21:39] [data] Done reading 20,000 sentences
[2026-07-03 16:21:39] [data] Done shuffling 20,000 sentences to temp files
[2026-07-03 16:21:54] Seen 20,000 samples
[2026-07-03 16:21:54] Starting data epoch 133 in logical epoch 133
[2026-07-03 16:21:54] [data] Shuffling data
[2026-07-03 16:21:54] [data] Done reading 20,000 sentences
[2026-07-03 16:21:54] [data] Done shuffling 20,000 sentences to temp files
[2026-07-03 16:22:09] Seen 20,000 samples
[2026-07-03 16:22:09] Starting data epoch 134 in logical epoch 134
[2026-07-03 16:22:09] [data] Shuffling data
[2026-07-03 16:22:09] [data] Done reading 20,000 sentences
[2026-07-03 16:22:09] [data] Done shuffling 20,000 sentences to temp files
[2026-07-03 16:22:23] Seen 20,000 samples
[2026-07-03 16:22:23] Starting data epoch 135 in logical epoch 135
[2026-07-03 16:22:23] [data] Shuffling data
[2026-07-03 16:22:23] [data] Done reading 20,000 sentences
[2026-07-03 16:22:23] [data] Done shuffling 20,000 sentences to temp files
[2026-07-03 16:22:37] Ep. 135 : Up. 8500 : Sen. 18,534 : Cost 1.17656088 * 613,658 @ 999 after 10,434,928 : Time 117.06s : 5242.11 words/s : gNorm 0.4797 : L.r. 3.0000e-04
[2026-07-03 16:22:38] Seen 20,000 samples
[2026-07-03 16:22:38] Starting data epoch 136 in logical epoch 136
[2026-07-03 16:22:38] [data] Shuffling data
[2026-07-03 16:22:38] [data] Done reading 20,000 sentences
[2026-07-03 16:22:38] [data] Done shuffling 20,000 sentences to temp files
[2026-07-03 16:22:53] Seen 20,000 samples
[2026-07-03 16:22:53] Starting data epoch 137 in logical epoch 137
[2026-07-03 16:22:53] [data] Shuffling data
[2026-07-03 16:22:53] [data] Done reading 20,000 sentences
[2026-07-03 16:22:53] [data] Done shuffling 20,000 sentences to temp files
[2026-07-03 16:23:08] Seen 20,000 samples
[2026-07-03 16:23:08] Starting data epoch 138 in logical epoch 138
[2026-07-03 16:23:08] [data] Shuffling data
[2026-07-03 16:23:08] [data] Done reading 20,000 sentences
[2026-07-03 16:23:08] [data] Done shuffling 20,000 sentences to temp files
[2026-07-03 16:23:22] Seen 20,000 samples
[2026-07-03 16:23:22] Starting data epoch 139 in logical epoch 139
[2026-07-03 16:23:22] [data] Shuffling data
[2026-07-03 16:23:22] [data] Done reading 20,000 sentences
[2026-07-03 16:23:23] [data] Done shuffling 20,000 sentences to temp files
[2026-07-03 16:23:37] Seen 20,000 samples
[2026-07-03 16:23:37] Starting data epoch 140 in logical epoch 140
[2026-07-03 16:23:37] [data] Shuffling data
[2026-07-03 16:23:37] [data] Done reading 20,000 sentences
[2026-07-03 16:23:37] [data] Done shuffling 20,000 sentences to temp files
[2026-07-03 16:23:52] Seen 20,000 samples
[2026-07-03 16:23:52] Starting data epoch 141 in logical epoch 141
[2026-07-03 16:23:52] [data] Shuffling data
[2026-07-03 16:23:52] [data] Done reading 20,000 sentences
[2026-07-03 16:23:52] [data] Done shuffling 20,000 sentences to temp files
[2026-07-03 16:24:07] Seen 20,000 samples
[2026-07-03 16:24:07] Starting data epoch 142 in logical epoch 142
[2026-07-03 16:24:07] [data] Shuffling data
[2026-07-03 16:24:07] [data] Done reading 20,000 sentences
[2026-07-03 16:24:07] [data] Done shuffling 20,000 sentences to temp files
[2026-07-03 16:24:22] Seen 20,000 samples
[2026-07-03 16:24:22] Starting data epoch 143 in logical epoch 143
[2026-07-03 16:24:22] [data] Shuffling data
[2026-07-03 16:24:22] [data] Done reading 20,000 sentences
[2026-07-03 16:24:22] [data] Done shuffling 20,000 sentences to temp files
[2026-07-03 16:24:34] Ep. 143 : Up. 9000 : Sen. 17,372 : Cost 1.17185044 * 613,370 @ 1,665 after 11,048,298 : Time 117.01s : 5242.02 words/s : gNorm 0.5624 : L.r. 3.0000e-04
[2026-07-03 16:24:36] Seen 20,000 samples
[2026-07-03 16:24:36] Starting data epoch 144 in logical epoch 144
[2026-07-03 16:24:36] [data] Shuffling data
[2026-07-03 16:24:36] [data] Done reading 20,000 sentences
[2026-07-03 16:24:36] [data] Done shuffling 20,000 sentences to temp files
[2026-07-03 16:24:51] Seen 20,000 samples
[2026-07-03 16:24:51] Starting data epoch 145 in logical epoch 145
[2026-07-03 16:24:51] [data] Shuffling data
[2026-07-03 16:24:51] [data] Done reading 20,000 sentences
[2026-07-03 16:24:51] [data] Done shuffling 20,000 sentences to temp files
[2026-07-03 16:25:06] Seen 20,000 samples
[2026-07-03 16:25:06] Starting data epoch 146 in logical epoch 146
[2026-07-03 16:25:06] [data] Shuffling data
[2026-07-03 16:25:06] [data] Done reading 20,000 sentences
[2026-07-03 16:25:06] [data] Done shuffling 20,000 sentences to temp files
[2026-07-03 16:25:21] Seen 20,000 samples
[2026-07-03 16:25:21] Starting data epoch 147 in logical epoch 147
[2026-07-03 16:25:21] [data] Shuffling data
[2026-07-03 16:25:21] [data] Done reading 20,000 sentences
[2026-07-03 16:25:21] [data] Done shuffling 20,000 sentences to temp files
[2026-07-03 16:25:35] Seen 20,000 samples
[2026-07-03 16:25:35] Starting data epoch 148 in logical epoch 148
[2026-07-03 16:25:35] [data] Shuffling data
[2026-07-03 16:25:35] [data] Done reading 20,000 sentences
[2026-07-03 16:25:36] [data] Done shuffling 20,000 sentences to temp files
[2026-07-03 16:25:50] Seen 20,000 samples
[2026-07-03 16:25:50] Starting data epoch 149 in logical epoch 149
[2026-07-03 16:25:50] [data] Shuffling data
[2026-07-03 16:25:50] [data] Done reading 20,000 sentences
[2026-07-03 16:25:50] [data] Done shuffling 20,000 sentences to temp files
[2026-07-03 16:26:05] Seen 20,000 samples
[2026-07-03 16:26:05] Starting data epoch 150 in logical epoch 150
[2026-07-03 16:26:05] [data] Shuffling data
[2026-07-03 16:26:05] [data] Done reading 20,000 sentences
[2026-07-03 16:26:05] [data] Done shuffling 20,000 sentences to temp files
[2026-07-03 16:26:20] Seen 20,000 samples
[2026-07-03 16:26:20] Starting data epoch 151 in logical epoch 151
[2026-07-03 16:26:20] [data] Shuffling data
[2026-07-03 16:26:20] [data] Done reading 20,000 sentences
[2026-07-03 16:26:20] [data] Done shuffling 20,000 sentences to temp files
[2026-07-03 16:26:31] Ep. 151 : Up. 9500 : Sen. 16,040 : Cost 1.16668761 * 613,981 @ 1,665 after 11,662,279 : Time 117.52s : 5224.35 words/s : gNorm 0.7064 : L.r. 3.0000e-04
[2026-07-03 16:26:35] Seen 20,000 samples
[2026-07-03 16:26:35] Starting data epoch 152 in logical epoch 152
[2026-07-03 16:26:35] [data] Shuffling data
[2026-07-03 16:26:35] [data] Done reading 20,000 sentences
[2026-07-03 16:26:35] [data] Done shuffling 20,000 sentences to temp files
[2026-07-03 16:26:50] Seen 20,000 samples
[2026-07-03 16:26:50] Starting data epoch 153 in logical epoch 153
[2026-07-03 16:26:50] [data] Shuffling data
[2026-07-03 16:26:50] [data] Done reading 20,000 sentences
[2026-07-03 16:26:50] [data] Done shuffling 20,000 sentences to temp files
[2026-07-03 16:27:04] Seen 20,000 samples
[2026-07-03 16:27:04] Starting data epoch 154 in logical epoch 154
[2026-07-03 16:27:04] [data] Shuffling data
[2026-07-03 16:27:04] [data] Done reading 20,000 sentences
[2026-07-03 16:27:04] [data] Done shuffling 20,000 sentences to temp files
[2026-07-03 16:27:19] Seen 20,000 samples
[2026-07-03 16:27:19] Starting data epoch 155 in logical epoch 155
[2026-07-03 16:27:19] [data] Shuffling data
[2026-07-03 16:27:19] [data] Done reading 20,000 sentences
[2026-07-03 16:27:19] [data] Done shuffling 20,000 sentences to temp files
[2026-07-03 16:27:34] Seen 20,000 samples
[2026-07-03 16:27:34] Starting data epoch 156 in logical epoch 156
[2026-07-03 16:27:34] [data] Shuffling data
[2026-07-03 16:27:34] [data] Done reading 20,000 sentences
[2026-07-03 16:27:34] [data] Done shuffling 20,000 sentences to temp files
[2026-07-03 16:27:48] Seen 20,000 samples
[2026-07-03 16:27:48] Starting data epoch 157 in logical epoch 157
[2026-07-03 16:27:48] [data] Shuffling data
[2026-07-03 16:27:48] [data] Done reading 20,000 sentences
[2026-07-03 16:27:48] [data] Done shuffling 20,000 sentences to temp files
[2026-07-03 16:28:03] Seen 20,000 samples
[2026-07-03 16:28:03] Starting data epoch 158 in logical epoch 158
[2026-07-03 16:28:03] [data] Shuffling data
[2026-07-03 16:28:03] [data] Done reading 20,000 sentences
[2026-07-03 16:28:03] [data] Done shuffling 20,000 sentences to temp files
[2026-07-03 16:28:18] Seen 20,000 samples
[2026-07-03 16:28:18] Starting data epoch 159 in logical epoch 159
[2026-07-03 16:28:18] [data] Shuffling data
[2026-07-03 16:28:18] [data] Done reading 20,000 sentences
[2026-07-03 16:28:18] [data] Done shuffling 20,000 sentences to temp files
[2026-07-03 16:28:29] Ep. 159 : Up. 10000 : Sen. 14,798 : Cost 1.16463876 * 614,231 @ 1,332 after 12,276,510 : Time 117.13s : 5243.84 words/s : gNorm 0.5930 : L.r. 3.0000e-04
[2026-07-03 16:28:29] Saving model weights and runtime parameters to model.transformer.phmy/model.iter10000.npz
[2026-07-03 16:28:29] Saving model weights and runtime parameters to model.transformer.phmy/model.npz
[2026-07-03 16:28:29] Saving Adam parameters
[2026-07-03 16:28:29] [training] Saving training checkpoint to model.transformer.phmy/model.npz and model.transformer.phmy/model.npz.optimizer.npz
[2026-07-03 16:28:31] [valid] Ep. 159 : Up. 10000 : cross-entropy : 2.11296 : stalled 1 times (last best: 1.83935)
[2026-07-03 16:28:31] [valid] Ep. 159 : Up. 10000 : perplexity : 1.73282 : stalled 1 times (last best: 1.61375)
[2026-07-03 16:28:34] [valid] Ep. 159 : Up. 10000 : bleu : 75.2163 : stalled 1 times (last best: 76.1047)
[2026-07-03 16:28:38] Seen 20,000 samples
[2026-07-03 16:28:38] Starting data epoch 160 in logical epoch 160
[2026-07-03 16:28:38] [data] Shuffling data
[2026-07-03 16:28:38] [data] Done reading 20,000 sentences
[2026-07-03 16:28:38] [data] Done shuffling 20,000 sentences to temp files
[2026-07-03 16:28:53] Seen 20,000 samples
[2026-07-03 16:28:53] Starting data epoch 161 in logical epoch 161
[2026-07-03 16:28:53] [data] Shuffling data
[2026-07-03 16:28:53] [data] Done reading 20,000 sentences
[2026-07-03 16:28:53] [data] Done shuffling 20,000 sentences to temp files
[2026-07-03 16:29:07] Seen 20,000 samples
[2026-07-03 16:29:07] Starting data epoch 162 in logical epoch 162
[2026-07-03 16:29:07] [data] Shuffling data
[2026-07-03 16:29:08] [data] Done reading 20,000 sentences
[2026-07-03 16:29:08] [data] Done shuffling 20,000 sentences to temp files
[2026-07-03 16:29:22] Seen 20,000 samples
[2026-07-03 16:29:22] Starting data epoch 163 in logical epoch 163
[2026-07-03 16:29:22] [data] Shuffling data
[2026-07-03 16:29:22] [data] Done reading 20,000 sentences
[2026-07-03 16:29:22] [data] Done shuffling 20,000 sentences to temp files
[2026-07-03 16:29:37] Seen 20,000 samples
[2026-07-03 16:29:37] Starting data epoch 164 in logical epoch 164
[2026-07-03 16:29:37] [data] Shuffling data
[2026-07-03 16:29:37] [data] Done reading 20,000 sentences
[2026-07-03 16:29:37] [data] Done shuffling 20,000 sentences to temp files
[2026-07-03 16:29:52] Seen 20,000 samples
[2026-07-03 16:29:52] Starting data epoch 165 in logical epoch 165
[2026-07-03 16:29:52] [data] Shuffling data
[2026-07-03 16:29:52] [data] Done reading 20,000 sentences
[2026-07-03 16:29:52] [data] Done shuffling 20,000 sentences to temp files
[2026-07-03 16:30:07] Seen 20,000 samples
[2026-07-03 16:30:07] Starting data epoch 166 in logical epoch 166
[2026-07-03 16:30:07] [data] Shuffling data
[2026-07-03 16:30:07] [data] Done reading 20,000 sentences
[2026-07-03 16:30:07] [data] Done shuffling 20,000 sentences to temp files
[2026-07-03 16:30:22] Seen 20,000 samples
[2026-07-03 16:30:22] Starting data epoch 167 in logical epoch 167
[2026-07-03 16:30:22] [data] Shuffling data
[2026-07-03 16:30:22] [data] Done reading 20,000 sentences
[2026-07-03 16:30:22] [data] Done shuffling 20,000 sentences to temp files
[2026-07-03 16:30:31] Ep. 167 : Up. 10500 : Sen. 13,466 : Cost 1.16084778 * 612,821 @ 999 after 12,889,331 : Time 122.63s : 4997.34 words/s : gNorm 0.4500 : L.r. 3.0000e-04
[2026-07-03 16:30:36] Seen 20,000 samples
[2026-07-03 16:30:36] Starting data epoch 168 in logical epoch 168
[2026-07-03 16:30:36] [data] Shuffling data
[2026-07-03 16:30:36] [data] Done reading 20,000 sentences
[2026-07-03 16:30:36] [data] Done shuffling 20,000 sentences to temp files
[2026-07-03 16:30:51] Seen 20,000 samples
[2026-07-03 16:30:51] Starting data epoch 169 in logical epoch 169
[2026-07-03 16:30:51] [data] Shuffling data
[2026-07-03 16:30:51] [data] Done reading 20,000 sentences
[2026-07-03 16:30:51] [data] Done shuffling 20,000 sentences to temp files
[2026-07-03 16:31:06] Seen 20,000 samples
[2026-07-03 16:31:06] Starting data epoch 170 in logical epoch 170
[2026-07-03 16:31:06] [data] Shuffling data
[2026-07-03 16:31:06] [data] Done reading 20,000 sentences
[2026-07-03 16:31:06] [data] Done shuffling 20,000 sentences to temp files
[2026-07-03 16:31:21] Seen 20,000 samples
[2026-07-03 16:31:21] Starting data epoch 171 in logical epoch 171
[2026-07-03 16:31:21] [data] Shuffling data
[2026-07-03 16:31:21] [data] Done reading 20,000 sentences
[2026-07-03 16:31:21] [data] Done shuffling 20,000 sentences to temp files
[2026-07-03 16:31:36] Seen 20,000 samples
[2026-07-03 16:31:36] Starting data epoch 172 in logical epoch 172
[2026-07-03 16:31:36] [data] Shuffling data
[2026-07-03 16:31:36] [data] Done reading 20,000 sentences
[2026-07-03 16:31:36] [data] Done shuffling 20,000 sentences to temp files
[2026-07-03 16:31:51] Seen 20,000 samples
[2026-07-03 16:31:51] Starting data epoch 173 in logical epoch 173
[2026-07-03 16:31:51] [data] Shuffling data
[2026-07-03 16:31:51] [data] Done reading 20,000 sentences
[2026-07-03 16:31:51] [data] Done shuffling 20,000 sentences to temp files
[2026-07-03 16:32:06] Seen 20,000 samples
[2026-07-03 16:32:06] Starting data epoch 174 in logical epoch 174
[2026-07-03 16:32:06] [data] Shuffling data
[2026-07-03 16:32:06] [data] Done reading 20,000 sentences
[2026-07-03 16:32:06] [data] Done shuffling 20,000 sentences to temp files
[2026-07-03 16:32:20] Seen 20,000 samples
[2026-07-03 16:32:20] Starting data epoch 175 in logical epoch 175
[2026-07-03 16:32:20] [data] Shuffling data
[2026-07-03 16:32:20] [data] Done reading 20,000 sentences
[2026-07-03 16:32:21] [data] Done shuffling 20,000 sentences to temp files
[2026-07-03 16:32:30] Ep. 175 : Up. 11000 : Sen. 12,134 : Cost 1.15773928 * 614,269 @ 999 after 13,503,600 : Time 118.28s : 5193.19 words/s : gNorm 0.6029 : L.r. 3.0000e-04
[2026-07-03 16:32:35] Seen 20,000 samples
[2026-07-03 16:32:35] Starting data epoch 176 in logical epoch 176
[2026-07-03 16:32:35] [data] Shuffling data
[2026-07-03 16:32:35] [data] Done reading 20,000 sentences
[2026-07-03 16:32:35] [data] Done shuffling 20,000 sentences to temp files
[2026-07-03 16:32:50] Seen 20,000 samples
[2026-07-03 16:32:50] Starting data epoch 177 in logical epoch 177
[2026-07-03 16:32:50] [data] Shuffling data
[2026-07-03 16:32:50] [data] Done reading 20,000 sentences
[2026-07-03 16:32:50] [data] Done shuffling 20,000 sentences to temp files
[2026-07-03 16:33:05] Seen 20,000 samples
[2026-07-03 16:33:05] Starting data epoch 178 in logical epoch 178
[2026-07-03 16:33:05] [data] Shuffling data
[2026-07-03 16:33:05] [data] Done reading 20,000 sentences
[2026-07-03 16:33:05] [data] Done shuffling 20,000 sentences to temp files
[2026-07-03 16:33:20] Seen 20,000 samples
[2026-07-03 16:33:20] Starting data epoch 179 in logical epoch 179
[2026-07-03 16:33:20] [data] Shuffling data
[2026-07-03 16:33:20] [data] Done reading 20,000 sentences
[2026-07-03 16:33:20] [data] Done shuffling 20,000 sentences to temp files
[2026-07-03 16:33:35] Seen 20,000 samples
[2026-07-03 16:33:35] Starting data epoch 180 in logical epoch 180
[2026-07-03 16:33:35] [data] Shuffling data
[2026-07-03 16:33:35] [data] Done reading 20,000 sentences
[2026-07-03 16:33:35] [data] Done shuffling 20,000 sentences to temp files
[2026-07-03 16:33:50] Seen 20,000 samples
[2026-07-03 16:33:50] Starting data epoch 181 in logical epoch 181
[2026-07-03 16:33:50] [data] Shuffling data
[2026-07-03 16:33:50] [data] Done reading 20,000 sentences
[2026-07-03 16:33:50] [data] Done shuffling 20,000 sentences to temp files
[2026-07-03 16:34:04] Seen 20,000 samples
[2026-07-03 16:34:04] Starting data epoch 182 in logical epoch 182
[2026-07-03 16:34:04] [data] Shuffling data
[2026-07-03 16:34:04] [data] Done reading 20,000 sentences
[2026-07-03 16:34:04] [data] Done shuffling 20,000 sentences to temp files
[2026-07-03 16:34:19] Seen 20,000 samples
[2026-07-03 16:34:19] Starting data epoch 183 in logical epoch 183
[2026-07-03 16:34:19] [data] Shuffling data
[2026-07-03 16:34:19] [data] Done reading 20,000 sentences
[2026-07-03 16:34:19] [data] Done shuffling 20,000 sentences to temp files
[2026-07-03 16:34:27] Ep. 183 : Up. 11500 : Sen. 10,802 : Cost 1.15703249 * 612,688 @ 1,332 after 14,116,288 : Time 117.56s : 5211.55 words/s : gNorm 0.4387 : L.r. 3.0000e-04
[2026-07-03 16:34:34] Seen 20,000 samples
[2026-07-03 16:34:34] Starting data epoch 184 in logical epoch 184
[2026-07-03 16:34:34] [data] Shuffling data
[2026-07-03 16:34:34] [data] Done reading 20,000 sentences
[2026-07-03 16:34:34] [data] Done shuffling 20,000 sentences to temp files
[2026-07-03 16:34:49] Seen 20,000 samples
[2026-07-03 16:34:49] Starting data epoch 185 in logical epoch 185
[2026-07-03 16:34:49] [data] Shuffling data
[2026-07-03 16:34:49] [data] Done reading 20,000 sentences
[2026-07-03 16:34:49] [data] Done shuffling 20,000 sentences to temp files
[2026-07-03 16:35:04] Seen 20,000 samples
[2026-07-03 16:35:04] Starting data epoch 186 in logical epoch 186
[2026-07-03 16:35:04] [data] Shuffling data
[2026-07-03 16:35:04] [data] Done reading 20,000 sentences
[2026-07-03 16:35:04] [data] Done shuffling 20,000 sentences to temp files
[2026-07-03 16:35:19] Seen 20,000 samples
[2026-07-03 16:35:19] Starting data epoch 187 in logical epoch 187
[2026-07-03 16:35:19] [data] Shuffling data
[2026-07-03 16:35:19] [data] Done reading 20,000 sentences
[2026-07-03 16:35:19] [data] Done shuffling 20,000 sentences to temp files
[2026-07-03 16:35:34] Seen 20,000 samples
[2026-07-03 16:35:34] Starting data epoch 188 in logical epoch 188
[2026-07-03 16:35:34] [data] Shuffling data
[2026-07-03 16:35:34] [data] Done reading 20,000 sentences
[2026-07-03 16:35:34] [data] Done shuffling 20,000 sentences to temp files
[2026-07-03 16:35:48] Seen 20,000 samples
[2026-07-03 16:35:48] Starting data epoch 189 in logical epoch 189
[2026-07-03 16:35:48] [data] Shuffling data
[2026-07-03 16:35:48] [data] Done reading 20,000 sentences
[2026-07-03 16:35:48] [data] Done shuffling 20,000 sentences to temp files
[2026-07-03 16:36:03] Seen 20,000 samples
[2026-07-03 16:36:03] Starting data epoch 190 in logical epoch 190
[2026-07-03 16:36:03] [data] Shuffling data
[2026-07-03 16:36:03] [data] Done reading 20,000 sentences
[2026-07-03 16:36:03] [data] Done shuffling 20,000 sentences to temp files
[2026-07-03 16:36:18] Seen 20,000 samples
[2026-07-03 16:36:18] Starting data epoch 191 in logical epoch 191
[2026-07-03 16:36:18] [data] Shuffling data
[2026-07-03 16:36:18] [data] Done reading 20,000 sentences
[2026-07-03 16:36:18] [data] Done shuffling 20,000 sentences to temp files
[2026-07-03 16:36:25] Ep. 191 : Up. 12000 : Sen. 9,730 : Cost 1.15365529 * 615,870 @ 1,332 after 14,732,158 : Time 117.96s : 5221.00 words/s : gNorm 0.5837 : L.r. 3.0000e-04
[2026-07-03 16:36:33] Seen 20,000 samples
[2026-07-03 16:36:33] Starting data epoch 192 in logical epoch 192
[2026-07-03 16:36:33] [data] Shuffling data
[2026-07-03 16:36:33] [data] Done reading 20,000 sentences
[2026-07-03 16:36:33] [data] Done shuffling 20,000 sentences to temp files
[2026-07-03 16:36:48] Seen 20,000 samples
[2026-07-03 16:36:48] Starting data epoch 193 in logical epoch 193
[2026-07-03 16:36:48] [data] Shuffling data
[2026-07-03 16:36:48] [data] Done reading 20,000 sentences
[2026-07-03 16:36:48] [data] Done shuffling 20,000 sentences to temp files
[2026-07-03 16:37:02] Seen 20,000 samples
[2026-07-03 16:37:02] Starting data epoch 194 in logical epoch 194
[2026-07-03 16:37:02] [data] Shuffling data
[2026-07-03 16:37:02] [data] Done reading 20,000 sentences
[2026-07-03 16:37:03] [data] Done shuffling 20,000 sentences to temp files
[2026-07-03 16:37:17] Seen 20,000 samples
[2026-07-03 16:37:17] Starting data epoch 195 in logical epoch 195
[2026-07-03 16:37:17] [data] Shuffling data
[2026-07-03 16:37:17] [data] Done reading 20,000 sentences
[2026-07-03 16:37:17] [data] Done shuffling 20,000 sentences to temp files
[2026-07-03 16:37:32] Seen 20,000 samples
[2026-07-03 16:37:32] Starting data epoch 196 in logical epoch 196
[2026-07-03 16:37:32] [data] Shuffling data
[2026-07-03 16:37:32] [data] Done reading 20,000 sentences
[2026-07-03 16:37:32] [data] Done shuffling 20,000 sentences to temp files
[2026-07-03 16:37:47] Seen 20,000 samples
[2026-07-03 16:37:47] Starting data epoch 197 in logical epoch 197
[2026-07-03 16:37:47] [data] Shuffling data
[2026-07-03 16:37:47] [data] Done reading 20,000 sentences
[2026-07-03 16:37:47] [data] Done shuffling 20,000 sentences to temp files
[2026-07-03 16:38:02] Seen 20,000 samples
[2026-07-03 16:38:02] Starting data epoch 198 in logical epoch 198
[2026-07-03 16:38:02] [data] Shuffling data
[2026-07-03 16:38:02] [data] Done reading 20,000 sentences
[2026-07-03 16:38:02] [data] Done shuffling 20,000 sentences to temp files
[2026-07-03 16:38:17] Seen 20,000 samples
[2026-07-03 16:38:17] Starting data epoch 199 in logical epoch 199
[2026-07-03 16:38:17] [data] Shuffling data
[2026-07-03 16:38:17] [data] Done reading 20,000 sentences
[2026-07-03 16:38:17] [data] Done shuffling 20,000 sentences to temp files
[2026-07-03 16:38:23] Ep. 199 : Up. 12500 : Sen. 8,308 : Cost 1.15128946 * 612,176 @ 729 after 15,344,334 : Time 117.53s : 5208.79 words/s : gNorm 0.4080 : L.r. 3.0000e-04
[2026-07-03 16:38:31] Seen 20,000 samples
[2026-07-03 16:38:31] Starting data epoch 200 in logical epoch 200
[2026-07-03 16:38:31] [data] Shuffling data
[2026-07-03 16:38:31] [data] Done reading 20,000 sentences
[2026-07-03 16:38:31] [data] Done shuffling 20,000 sentences to temp files
[2026-07-03 16:38:46] Seen 20,000 samples
[2026-07-03 16:38:46] Starting data epoch 201 in logical epoch 201
[2026-07-03 16:38:46] [data] Shuffling data
[2026-07-03 16:38:46] [data] Done reading 20,000 sentences
[2026-07-03 16:38:46] [data] Done shuffling 20,000 sentences to temp files
[2026-07-03 16:39:01] Seen 20,000 samples
[2026-07-03 16:39:01] Starting data epoch 202 in logical epoch 202
[2026-07-03 16:39:01] [data] Shuffling data
[2026-07-03 16:39:01] [data] Done reading 20,000 sentences
[2026-07-03 16:39:01] [data] Done shuffling 20,000 sentences to temp files
[2026-07-03 16:39:16] Seen 20,000 samples
[2026-07-03 16:39:16] Starting data epoch 203 in logical epoch 203
[2026-07-03 16:39:16] [data] Shuffling data
[2026-07-03 16:39:16] [data] Done reading 20,000 sentences
[2026-07-03 16:39:16] [data] Done shuffling 20,000 sentences to temp files
[2026-07-03 16:39:31] Seen 20,000 samples
[2026-07-03 16:39:31] Starting data epoch 204 in logical epoch 204
[2026-07-03 16:39:31] [data] Shuffling data
[2026-07-03 16:39:31] [data] Done reading 20,000 sentences
[2026-07-03 16:39:31] [data] Done shuffling 20,000 sentences to temp files
[2026-07-03 16:39:45] Seen 20,000 samples
[2026-07-03 16:39:45] Starting data epoch 205 in logical epoch 205
[2026-07-03 16:39:45] [data] Shuffling data
[2026-07-03 16:39:45] [data] Done reading 20,000 sentences
[2026-07-03 16:39:45] [data] Done shuffling 20,000 sentences to temp files
[2026-07-03 16:40:00] Seen 20,000 samples
[2026-07-03 16:40:00] Starting data epoch 206 in logical epoch 206
[2026-07-03 16:40:00] [data] Shuffling data
[2026-07-03 16:40:00] [data] Done reading 20,000 sentences
[2026-07-03 16:40:00] [data] Done shuffling 20,000 sentences to temp files
[2026-07-03 16:40:15] Seen 20,000 samples
[2026-07-03 16:40:15] Starting data epoch 207 in logical epoch 207
[2026-07-03 16:40:15] [data] Shuffling data
[2026-07-03 16:40:15] [data] Done reading 20,000 sentences
[2026-07-03 16:40:15] [data] Done shuffling 20,000 sentences to temp files
[2026-07-03 16:40:20] Ep. 207 : Up. 13000 : Sen. 7,066 : Cost 1.15052545 * 613,702 @ 999 after 15,958,036 : Time 117.43s : 5226.21 words/s : gNorm 0.6338 : L.r. 3.0000e-04
[2026-07-03 16:40:30] Seen 20,000 samples
[2026-07-03 16:40:30] Starting data epoch 208 in logical epoch 208
[2026-07-03 16:40:30] [data] Shuffling data
[2026-07-03 16:40:30] [data] Done reading 20,000 sentences
[2026-07-03 16:40:30] [data] Done shuffling 20,000 sentences to temp files
[2026-07-03 16:40:45] Seen 20,000 samples
[2026-07-03 16:40:45] Starting data epoch 209 in logical epoch 209
[2026-07-03 16:40:45] [data] Shuffling data
[2026-07-03 16:40:45] [data] Done reading 20,000 sentences
[2026-07-03 16:40:45] [data] Done shuffling 20,000 sentences to temp files
[2026-07-03 16:41:00] Seen 20,000 samples
[2026-07-03 16:41:00] Starting data epoch 210 in logical epoch 210
[2026-07-03 16:41:00] [data] Shuffling data
[2026-07-03 16:41:00] [data] Done reading 20,000 sentences
[2026-07-03 16:41:00] [data] Done shuffling 20,000 sentences to temp files
[2026-07-03 16:41:14] Seen 20,000 samples
[2026-07-03 16:41:14] Starting data epoch 211 in logical epoch 211
[2026-07-03 16:41:14] [data] Shuffling data
[2026-07-03 16:41:14] [data] Done reading 20,000 sentences
[2026-07-03 16:41:14] [data] Done shuffling 20,000 sentences to temp files
[2026-07-03 16:41:29] Seen 20,000 samples
[2026-07-03 16:41:29] Starting data epoch 212 in logical epoch 212
[2026-07-03 16:41:29] [data] Shuffling data
[2026-07-03 16:41:29] [data] Done reading 20,000 sentences
[2026-07-03 16:41:29] [data] Done shuffling 20,000 sentences to temp files
[2026-07-03 16:41:44] Seen 20,000 samples
[2026-07-03 16:41:44] Starting data epoch 213 in logical epoch 213
[2026-07-03 16:41:44] [data] Shuffling data
[2026-07-03 16:41:44] [data] Done reading 20,000 sentences
[2026-07-03 16:41:44] [data] Done shuffling 20,000 sentences to temp files
[2026-07-03 16:41:59] Seen 20,000 samples
[2026-07-03 16:41:59] Starting data epoch 214 in logical epoch 214
[2026-07-03 16:41:59] [data] Shuffling data
[2026-07-03 16:41:59] [data] Done reading 20,000 sentences
[2026-07-03 16:41:59] [data] Done shuffling 20,000 sentences to temp files
[2026-07-03 16:42:13] Seen 20,000 samples
[2026-07-03 16:42:13] Starting data epoch 215 in logical epoch 215
[2026-07-03 16:42:13] [data] Shuffling data
[2026-07-03 16:42:13] [data] Done reading 20,000 sentences
[2026-07-03 16:42:14] [data] Done shuffling 20,000 sentences to temp files
[2026-07-03 16:42:18] Ep. 215 : Up. 13500 : Sen. 5,904 : Cost 1.14916325 * 614,082 @ 1,659 after 16,572,118 : Time 117.65s : 5219.78 words/s : gNorm 0.6149 : L.r. 3.0000e-04
[2026-07-03 16:42:28] Seen 20,000 samples
[2026-07-03 16:42:28] Starting data epoch 216 in logical epoch 216
[2026-07-03 16:42:28] [data] Shuffling data
[2026-07-03 16:42:28] [data] Done reading 20,000 sentences
[2026-07-03 16:42:28] [data] Done shuffling 20,000 sentences to temp files
[2026-07-03 16:42:43] Seen 20,000 samples
[2026-07-03 16:42:43] Starting data epoch 217 in logical epoch 217
[2026-07-03 16:42:43] [data] Shuffling data
[2026-07-03 16:42:43] [data] Done reading 20,000 sentences
[2026-07-03 16:42:43] [data] Done shuffling 20,000 sentences to temp files
[2026-07-03 16:42:58] Seen 20,000 samples
[2026-07-03 16:42:58] Starting data epoch 218 in logical epoch 218
[2026-07-03 16:42:58] [data] Shuffling data
[2026-07-03 16:42:58] [data] Done reading 20,000 sentences
[2026-07-03 16:42:58] [data] Done shuffling 20,000 sentences to temp files
[2026-07-03 16:43:13] Seen 20,000 samples
[2026-07-03 16:43:13] Starting data epoch 219 in logical epoch 219
[2026-07-03 16:43:13] [data] Shuffling data
[2026-07-03 16:43:13] [data] Done reading 20,000 sentences
[2026-07-03 16:43:13] [data] Done shuffling 20,000 sentences to temp files
[2026-07-03 16:43:27] Seen 20,000 samples
[2026-07-03 16:43:27] Starting data epoch 220 in logical epoch 220
[2026-07-03 16:43:27] [data] Shuffling data
[2026-07-03 16:43:27] [data] Done reading 20,000 sentences
[2026-07-03 16:43:28] [data] Done shuffling 20,000 sentences to temp files
[2026-07-03 16:43:42] Seen 20,000 samples
[2026-07-03 16:43:42] Starting data epoch 221 in logical epoch 221
[2026-07-03 16:43:42] [data] Shuffling data
[2026-07-03 16:43:42] [data] Done reading 20,000 sentences
[2026-07-03 16:43:43] [data] Done shuffling 20,000 sentences to temp files
[2026-07-03 16:43:57] Seen 20,000 samples
[2026-07-03 16:43:57] Starting data epoch 222 in logical epoch 222
[2026-07-03 16:43:57] [data] Shuffling data
[2026-07-03 16:43:57] [data] Done reading 20,000 sentences
[2026-07-03 16:43:57] [data] Done shuffling 20,000 sentences to temp files
[2026-07-03 16:44:12] Seen 20,000 samples
[2026-07-03 16:44:12] Starting data epoch 223 in logical epoch 223
[2026-07-03 16:44:12] [data] Shuffling data
[2026-07-03 16:44:12] [data] Done reading 20,000 sentences
[2026-07-03 16:44:12] [data] Done shuffling 20,000 sentences to temp files
[2026-07-03 16:44:15] Ep. 223 : Up. 14000 : Sen. 4,492 : Cost 1.14712179 * 614,345 @ 1,332 after 17,186,463 : Time 117.69s : 5219.83 words/s : gNorm 0.4712 : L.r. 3.0000e-04
[2026-07-03 16:44:27] Seen 20,000 samples
[2026-07-03 16:44:27] Starting data epoch 224 in logical epoch 224
[2026-07-03 16:44:27] [data] Shuffling data
[2026-07-03 16:44:27] [data] Done reading 20,000 sentences
[2026-07-03 16:44:27] [data] Done shuffling 20,000 sentences to temp files
[2026-07-03 16:44:41] Seen 20,000 samples
[2026-07-03 16:44:41] Starting data epoch 225 in logical epoch 225
[2026-07-03 16:44:41] [data] Shuffling data
[2026-07-03 16:44:41] [data] Done reading 20,000 sentences
[2026-07-03 16:44:42] [data] Done shuffling 20,000 sentences to temp files
[2026-07-03 16:44:56] Seen 20,000 samples
[2026-07-03 16:44:56] Starting data epoch 226 in logical epoch 226
[2026-07-03 16:44:56] [data] Shuffling data
[2026-07-03 16:44:56] [data] Done reading 20,000 sentences
[2026-07-03 16:44:56] [data] Done shuffling 20,000 sentences to temp files
[2026-07-03 16:45:11] Seen 20,000 samples
[2026-07-03 16:45:11] Starting data epoch 227 in logical epoch 227
[2026-07-03 16:45:11] [data] Shuffling data
[2026-07-03 16:45:11] [data] Done reading 20,000 sentences
[2026-07-03 16:45:11] [data] Done shuffling 20,000 sentences to temp files
[2026-07-03 16:45:26] Seen 20,000 samples
[2026-07-03 16:45:26] Starting data epoch 228 in logical epoch 228
[2026-07-03 16:45:26] [data] Shuffling data
[2026-07-03 16:45:26] [data] Done reading 20,000 sentences
[2026-07-03 16:45:26] [data] Done shuffling 20,000 sentences to temp files
[2026-07-03 16:45:41] Seen 20,000 samples
[2026-07-03 16:45:41] Starting data epoch 229 in logical epoch 229
[2026-07-03 16:45:41] [data] Shuffling data
[2026-07-03 16:45:41] [data] Done reading 20,000 sentences
[2026-07-03 16:45:41] [data] Done shuffling 20,000 sentences to temp files
[2026-07-03 16:45:56] Seen 20,000 samples
[2026-07-03 16:45:56] Starting data epoch 230 in logical epoch 230
[2026-07-03 16:45:56] [data] Shuffling data
[2026-07-03 16:45:56] [data] Done reading 20,000 sentences
[2026-07-03 16:45:56] [data] Done shuffling 20,000 sentences to temp files
[2026-07-03 16:46:10] Seen 20,000 samples
[2026-07-03 16:46:10] Starting data epoch 231 in logical epoch 231
[2026-07-03 16:46:10] [data] Shuffling data
[2026-07-03 16:46:10] [data] Done reading 20,000 sentences
[2026-07-03 16:46:10] [data] Done shuffling 20,000 sentences to temp files
[2026-07-03 16:46:13] Ep. 231 : Up. 14500 : Sen. 3,070 : Cost 1.14584875 * 612,691 @ 999 after 17,799,154 : Time 117.19s : 5228.40 words/s : gNorm 0.5403 : L.r. 3.0000e-04
[2026-07-03 16:46:25] Seen 20,000 samples
[2026-07-03 16:46:25] Starting data epoch 232 in logical epoch 232
[2026-07-03 16:46:25] [data] Shuffling data
[2026-07-03 16:46:25] [data] Done reading 20,000 sentences
[2026-07-03 16:46:25] [data] Done shuffling 20,000 sentences to temp files
[2026-07-03 16:46:40] Seen 20,000 samples
[2026-07-03 16:46:40] Starting data epoch 233 in logical epoch 233
[2026-07-03 16:46:40] [data] Shuffling data
[2026-07-03 16:46:40] [data] Done reading 20,000 sentences
[2026-07-03 16:46:40] [data] Done shuffling 20,000 sentences to temp files
[2026-07-03 16:46:55] Seen 20,000 samples
[2026-07-03 16:46:55] Starting data epoch 234 in logical epoch 234
[2026-07-03 16:46:55] [data] Shuffling data
[2026-07-03 16:46:55] [data] Done reading 20,000 sentences
[2026-07-03 16:46:55] [data] Done shuffling 20,000 sentences to temp files
[2026-07-03 16:47:10] Seen 20,000 samples
[2026-07-03 16:47:10] Starting data epoch 235 in logical epoch 235
[2026-07-03 16:47:10] [data] Shuffling data
[2026-07-03 16:47:10] [data] Done reading 20,000 sentences
[2026-07-03 16:47:10] [data] Done shuffling 20,000 sentences to temp files
[2026-07-03 16:47:24] Seen 20,000 samples
[2026-07-03 16:47:24] Starting data epoch 236 in logical epoch 236
[2026-07-03 16:47:24] [data] Shuffling data
[2026-07-03 16:47:24] [data] Done reading 20,000 sentences
[2026-07-03 16:47:24] [data] Done shuffling 20,000 sentences to temp files
[2026-07-03 16:47:39] Seen 20,000 samples
[2026-07-03 16:47:39] Starting data epoch 237 in logical epoch 237
[2026-07-03 16:47:39] [data] Shuffling data
[2026-07-03 16:47:39] [data] Done reading 20,000 sentences
[2026-07-03 16:47:39] [data] Done shuffling 20,000 sentences to temp files
[2026-07-03 16:47:54] Seen 20,000 samples
[2026-07-03 16:47:54] Starting data epoch 238 in logical epoch 238
[2026-07-03 16:47:54] [data] Shuffling data
[2026-07-03 16:47:54] [data] Done reading 20,000 sentences
[2026-07-03 16:47:54] [data] Done shuffling 20,000 sentences to temp files
[2026-07-03 16:48:09] Seen 20,000 samples
[2026-07-03 16:48:09] Starting data epoch 239 in logical epoch 239
[2026-07-03 16:48:09] [data] Shuffling data
[2026-07-03 16:48:09] [data] Done reading 20,000 sentences
[2026-07-03 16:48:09] [data] Done shuffling 20,000 sentences to temp files
[2026-07-03 16:48:10] Ep. 239 : Up. 15000 : Sen. 1,998 : Cost 1.14492536 * 614,155 @ 1,665 after 18,413,309 : Time 117.76s : 5215.45 words/s : gNorm 0.5488 : L.r. 3.0000e-04
[2026-07-03 16:48:10] Saving model weights and runtime parameters to model.transformer.phmy/model.iter15000.npz
[2026-07-03 16:48:10] Saving model weights and runtime parameters to model.transformer.phmy/model.npz
[2026-07-03 16:48:11] Saving Adam parameters
[2026-07-03 16:48:11] [training] Saving training checkpoint to model.transformer.phmy/model.npz and model.transformer.phmy/model.npz.optimizer.npz
[2026-07-03 16:48:12] [valid] Ep. 239 : Up. 15000 : cross-entropy : 2.28532 : stalled 2 times (last best: 1.83935)
[2026-07-03 16:48:13] [valid] Ep. 239 : Up. 15000 : perplexity : 1.81229 : stalled 2 times (last best: 1.61375)
[2026-07-03 16:48:16] [valid] Ep. 239 : Up. 15000 : bleu : 74.8871 : stalled 2 times (last best: 76.1047)
[2026-07-03 16:48:29] Seen 20,000 samples
[2026-07-03 16:48:29] Starting data epoch 240 in logical epoch 240
[2026-07-03 16:48:29] [data] Shuffling data
[2026-07-03 16:48:29] [data] Done reading 20,000 sentences
[2026-07-03 16:48:29] [data] Done shuffling 20,000 sentences to temp files
[2026-07-03 16:48:44] Seen 20,000 samples
[2026-07-03 16:48:44] Starting data epoch 241 in logical epoch 241
[2026-07-03 16:48:44] [data] Shuffling data
[2026-07-03 16:48:44] [data] Done reading 20,000 sentences
[2026-07-03 16:48:44] [data] Done shuffling 20,000 sentences to temp files
[2026-07-03 16:48:59] Seen 20,000 samples
[2026-07-03 16:48:59] Starting data epoch 242 in logical epoch 242
[2026-07-03 16:48:59] [data] Shuffling data
[2026-07-03 16:48:59] [data] Done reading 20,000 sentences
[2026-07-03 16:48:59] [data] Done shuffling 20,000 sentences to temp files
[2026-07-03 16:49:13] Seen 20,000 samples
[2026-07-03 16:49:13] Starting data epoch 243 in logical epoch 243
[2026-07-03 16:49:13] [data] Shuffling data
[2026-07-03 16:49:13] [data] Done reading 20,000 sentences
[2026-07-03 16:49:13] [data] Done shuffling 20,000 sentences to temp files
[2026-07-03 16:49:28] Seen 20,000 samples
[2026-07-03 16:49:28] Starting data epoch 244 in logical epoch 244
[2026-07-03 16:49:28] [data] Shuffling data
[2026-07-03 16:49:28] [data] Done reading 20,000 sentences
[2026-07-03 16:49:28] [data] Done shuffling 20,000 sentences to temp files
[2026-07-03 16:49:43] Seen 20,000 samples
[2026-07-03 16:49:43] Starting data epoch 245 in logical epoch 245
[2026-07-03 16:49:43] [data] Shuffling data
[2026-07-03 16:49:43] [data] Done reading 20,000 sentences
[2026-07-03 16:49:43] [data] Done shuffling 20,000 sentences to temp files
[2026-07-03 16:49:58] Seen 20,000 samples
[2026-07-03 16:49:58] Starting data epoch 246 in logical epoch 246
[2026-07-03 16:49:58] [data] Shuffling data
[2026-07-03 16:49:58] [data] Done reading 20,000 sentences
[2026-07-03 16:49:58] [data] Done shuffling 20,000 sentences to temp files
[2026-07-03 16:50:12] Seen 20,000 samples
[2026-07-03 16:50:12] Starting data epoch 247 in logical epoch 247
[2026-07-03 16:50:12] [data] Shuffling data
[2026-07-03 16:50:12] [data] Done reading 20,000 sentences
[2026-07-03 16:50:12] [data] Done shuffling 20,000 sentences to temp files
[2026-07-03 16:50:13] Ep. 247 : Up. 15500 : Sen. 666 : Cost 1.14433277 * 613,678 @ 999 after 19,026,987 : Time 122.59s : 5005.79 words/s : gNorm 0.4849 : L.r. 3.0000e-04
[2026-07-03 16:50:27] Seen 20,000 samples
[2026-07-03 16:50:27] Starting data epoch 248 in logical epoch 248
[2026-07-03 16:50:27] [data] Shuffling data
[2026-07-03 16:50:27] [data] Done reading 20,000 sentences
[2026-07-03 16:50:27] [data] Done shuffling 20,000 sentences to temp files
[2026-07-03 16:50:42] Seen 20,000 samples
[2026-07-03 16:50:42] Starting data epoch 249 in logical epoch 249
[2026-07-03 16:50:42] [data] Shuffling data
[2026-07-03 16:50:42] [data] Done reading 20,000 sentences
[2026-07-03 16:50:42] [data] Done shuffling 20,000 sentences to temp files
[2026-07-03 16:50:57] Seen 20,000 samples
[2026-07-03 16:50:57] Starting data epoch 250 in logical epoch 250
[2026-07-03 16:50:57] [data] Shuffling data
[2026-07-03 16:50:57] [data] Done reading 20,000 sentences
[2026-07-03 16:50:57] [data] Done shuffling 20,000 sentences to temp files
[2026-07-03 16:51:12] Seen 20,000 samples
[2026-07-03 16:51:12] Starting data epoch 251 in logical epoch 251
[2026-07-03 16:51:12] [data] Shuffling data
[2026-07-03 16:51:12] [data] Done reading 20,000 sentences
[2026-07-03 16:51:12] [data] Done shuffling 20,000 sentences to temp files
[2026-07-03 16:51:26] Seen 20,000 samples
[2026-07-03 16:51:26] Starting data epoch 252 in logical epoch 252
[2026-07-03 16:51:26] [data] Shuffling data
[2026-07-03 16:51:26] [data] Done reading 20,000 sentences
[2026-07-03 16:51:26] [data] Done shuffling 20,000 sentences to temp files
[2026-07-03 16:51:41] Seen 20,000 samples
[2026-07-03 16:51:41] Starting data epoch 253 in logical epoch 253
[2026-07-03 16:51:41] [data] Shuffling data
[2026-07-03 16:51:41] [data] Done reading 20,000 sentences
[2026-07-03 16:51:41] [data] Done shuffling 20,000 sentences to temp files
[2026-07-03 16:51:56] Seen 20,000 samples
[2026-07-03 16:51:56] Starting data epoch 254 in logical epoch 254
[2026-07-03 16:51:56] [data] Shuffling data
[2026-07-03 16:51:56] [data] Done reading 20,000 sentences
[2026-07-03 16:51:56] [data] Done shuffling 20,000 sentences to temp files
[2026-07-03 16:52:10] Ep. 254 : Up. 16000 : Sen. 19,533 : Cost 1.14317322 * 614,374 @ 1,111 after 19,641,361 : Time 117.16s : 5244.01 words/s : gNorm 0.6428 : L.r. 3.0000e-04
[2026-07-03 16:52:11] Seen 20,000 samples
[2026-07-03 16:52:11] Starting data epoch 255 in logical epoch 255
[2026-07-03 16:52:11] [data] Shuffling data
[2026-07-03 16:52:11] [data] Done reading 20,000 sentences
[2026-07-03 16:52:11] [data] Done shuffling 20,000 sentences to temp files
[2026-07-03 16:52:25] Seen 20,000 samples
[2026-07-03 16:52:25] Starting data epoch 256 in logical epoch 256
[2026-07-03 16:52:25] [data] Shuffling data
[2026-07-03 16:52:25] [data] Done reading 20,000 sentences
[2026-07-03 16:52:26] [data] Done shuffling 20,000 sentences to temp files
[2026-07-03 16:52:40] Seen 20,000 samples
[2026-07-03 16:52:40] Starting data epoch 257 in logical epoch 257
[2026-07-03 16:52:40] [data] Shuffling data
[2026-07-03 16:52:40] [data] Done reading 20,000 sentences
[2026-07-03 16:52:40] [data] Done shuffling 20,000 sentences to temp files
[2026-07-03 16:52:55] Seen 20,000 samples
[2026-07-03 16:52:55] Starting data epoch 258 in logical epoch 258
[2026-07-03 16:52:55] [data] Shuffling data
[2026-07-03 16:52:55] [data] Done reading 20,000 sentences
[2026-07-03 16:52:55] [data] Done shuffling 20,000 sentences to temp files
[2026-07-03 16:53:10] Seen 20,000 samples
[2026-07-03 16:53:10] Starting data epoch 259 in logical epoch 259
[2026-07-03 16:53:10] [data] Shuffling data
[2026-07-03 16:53:10] [data] Done reading 20,000 sentences
[2026-07-03 16:53:10] [data] Done shuffling 20,000 sentences to temp files
[2026-07-03 16:53:25] Seen 20,000 samples
[2026-07-03 16:53:25] Starting data epoch 260 in logical epoch 260
[2026-07-03 16:53:25] [data] Shuffling data
[2026-07-03 16:53:25] [data] Done reading 20,000 sentences
[2026-07-03 16:53:25] [data] Done shuffling 20,000 sentences to temp files
[2026-07-03 16:53:39] Seen 20,000 samples
[2026-07-03 16:53:39] Starting data epoch 261 in logical epoch 261
[2026-07-03 16:53:39] [data] Shuffling data
[2026-07-03 16:53:39] [data] Done reading 20,000 sentences
[2026-07-03 16:53:40] [data] Done shuffling 20,000 sentences to temp files
[2026-07-03 16:53:54] Seen 20,000 samples
[2026-07-03 16:53:54] Starting data epoch 262 in logical epoch 262
[2026-07-03 16:53:54] [data] Shuffling data
[2026-07-03 16:53:54] [data] Done reading 20,000 sentences
[2026-07-03 16:53:54] [data] Done shuffling 20,000 sentences to temp files
[2026-07-03 16:54:07] Ep. 262 : Up. 16500 : Sen. 18,371 : Cost 1.14073491 * 613,809 @ 999 after 20,255,170 : Time 117.45s : 5226.31 words/s : gNorm 0.4431 : L.r. 2.9542e-04
[2026-07-03 16:54:09] Seen 20,000 samples
[2026-07-03 16:54:09] Starting data epoch 263 in logical epoch 263
[2026-07-03 16:54:09] [data] Shuffling data
[2026-07-03 16:54:09] [data] Done reading 20,000 sentences
[2026-07-03 16:54:09] [data] Done shuffling 20,000 sentences to temp files
[2026-07-03 16:54:24] Seen 20,000 samples
[2026-07-03 16:54:24] Starting data epoch 264 in logical epoch 264
[2026-07-03 16:54:24] [data] Shuffling data
[2026-07-03 16:54:24] [data] Done reading 20,000 sentences
[2026-07-03 16:54:24] [data] Done shuffling 20,000 sentences to temp files
[2026-07-03 16:54:39] Seen 20,000 samples
[2026-07-03 16:54:39] Starting data epoch 265 in logical epoch 265
[2026-07-03 16:54:39] [data] Shuffling data
[2026-07-03 16:54:39] [data] Done reading 20,000 sentences
[2026-07-03 16:54:39] [data] Done shuffling 20,000 sentences to temp files
[2026-07-03 16:54:54] Seen 20,000 samples
[2026-07-03 16:54:54] Starting data epoch 266 in logical epoch 266
[2026-07-03 16:54:54] [data] Shuffling data
[2026-07-03 16:54:54] [data] Done reading 20,000 sentences
[2026-07-03 16:54:54] [data] Done shuffling 20,000 sentences to temp files
[2026-07-03 16:55:08] Seen 20,000 samples
[2026-07-03 16:55:08] Starting data epoch 267 in logical epoch 267
[2026-07-03 16:55:08] [data] Shuffling data
[2026-07-03 16:55:08] [data] Done reading 20,000 sentences
[2026-07-03 16:55:08] [data] Done shuffling 20,000 sentences to temp files
[2026-07-03 16:55:23] Seen 20,000 samples
[2026-07-03 16:55:23] Starting data epoch 268 in logical epoch 268
[2026-07-03 16:55:23] [data] Shuffling data
[2026-07-03 16:55:23] [data] Done reading 20,000 sentences
[2026-07-03 16:55:23] [data] Done shuffling 20,000 sentences to temp files
[2026-07-03 16:55:38] Seen 20,000 samples
[2026-07-03 16:55:38] Starting data epoch 269 in logical epoch 269
[2026-07-03 16:55:38] [data] Shuffling data
[2026-07-03 16:55:38] [data] Done reading 20,000 sentences
[2026-07-03 16:55:38] [data] Done shuffling 20,000 sentences to temp files
[2026-07-03 16:55:53] Seen 20,000 samples
[2026-07-03 16:55:53] Starting data epoch 270 in logical epoch 270
[2026-07-03 16:55:53] [data] Shuffling data
[2026-07-03 16:55:53] [data] Done reading 20,000 sentences
[2026-07-03 16:55:53] [data] Done shuffling 20,000 sentences to temp files
[2026-07-03 16:56:05] Ep. 270 : Up. 17000 : Sen. 17,039 : Cost 1.14045012 * 614,654 @ 999 after 20,869,824 : Time 117.51s : 5230.77 words/s : gNorm 0.5268 : L.r. 2.9104e-04
[2026-07-03 16:56:07] Seen 20,000 samples
[2026-07-03 16:56:07] Starting data epoch 271 in logical epoch 271
[2026-07-03 16:56:07] [data] Shuffling data
[2026-07-03 16:56:07] [data] Done reading 20,000 sentences
[2026-07-03 16:56:07] [data] Done shuffling 20,000 sentences to temp files
[2026-07-03 16:56:22] Seen 20,000 samples
[2026-07-03 16:56:22] Starting data epoch 272 in logical epoch 272
[2026-07-03 16:56:22] [data] Shuffling data
[2026-07-03 16:56:22] [data] Done reading 20,000 sentences
[2026-07-03 16:56:22] [data] Done shuffling 20,000 sentences to temp files
[2026-07-03 16:56:37] Seen 20,000 samples
[2026-07-03 16:56:37] Starting data epoch 273 in logical epoch 273
[2026-07-03 16:56:37] [data] Shuffling data
[2026-07-03 16:56:37] [data] Done reading 20,000 sentences
[2026-07-03 16:56:37] [data] Done shuffling 20,000 sentences to temp files
[2026-07-03 16:56:52] Seen 20,000 samples
[2026-07-03 16:56:52] Starting data epoch 274 in logical epoch 274
[2026-07-03 16:56:52] [data] Shuffling data
[2026-07-03 16:56:52] [data] Done reading 20,000 sentences
[2026-07-03 16:56:52] [data] Done shuffling 20,000 sentences to temp files
[2026-07-03 16:57:06] Seen 20,000 samples
[2026-07-03 16:57:06] Starting data epoch 275 in logical epoch 275
[2026-07-03 16:57:06] [data] Shuffling data
[2026-07-03 16:57:06] [data] Done reading 20,000 sentences
[2026-07-03 16:57:06] [data] Done shuffling 20,000 sentences to temp files
[2026-07-03 16:57:21] Seen 20,000 samples
[2026-07-03 16:57:21] Starting data epoch 276 in logical epoch 276
[2026-07-03 16:57:21] [data] Shuffling data
[2026-07-03 16:57:21] [data] Done reading 20,000 sentences
[2026-07-03 16:57:21] [data] Done shuffling 20,000 sentences to temp files
[2026-07-03 16:57:36] Seen 20,000 samples
[2026-07-03 16:57:36] Starting data epoch 277 in logical epoch 277
[2026-07-03 16:57:36] [data] Shuffling data
[2026-07-03 16:57:36] [data] Done reading 20,000 sentences
[2026-07-03 16:57:36] [data] Done shuffling 20,000 sentences to temp files
[2026-07-03 16:57:51] Seen 20,000 samples
[2026-07-03 16:57:51] Starting data epoch 278 in logical epoch 278
[2026-07-03 16:57:51] [data] Shuffling data
[2026-07-03 16:57:51] [data] Done reading 20,000 sentences
[2026-07-03 16:57:51] [data] Done shuffling 20,000 sentences to temp files
[2026-07-03 16:58:03] Ep. 278 : Up. 17500 : Sen. 15,627 : Cost 1.13977849 * 613,084 @ 1,869 after 21,482,908 : Time 117.50s : 5217.87 words/s : gNorm 0.5824 : L.r. 2.8685e-04
[2026-07-03 16:58:06] Seen 20,000 samples
[2026-07-03 16:58:06] Starting data epoch 279 in logical epoch 279
[2026-07-03 16:58:06] [data] Shuffling data
[2026-07-03 16:58:06] [data] Done reading 20,000 sentences
[2026-07-03 16:58:06] [data] Done shuffling 20,000 sentences to temp files
[2026-07-03 16:58:21] Seen 20,000 samples
[2026-07-03 16:58:21] Starting data epoch 280 in logical epoch 280
[2026-07-03 16:58:21] [data] Shuffling data
[2026-07-03 16:58:21] [data] Done reading 20,000 sentences
[2026-07-03 16:58:21] [data] Done shuffling 20,000 sentences to temp files
[2026-07-03 16:58:35] Seen 20,000 samples
[2026-07-03 16:58:35] Starting data epoch 281 in logical epoch 281
[2026-07-03 16:58:35] [data] Shuffling data
[2026-07-03 16:58:35] [data] Done reading 20,000 sentences
[2026-07-03 16:58:36] [data] Done shuffling 20,000 sentences to temp files
[2026-07-03 16:58:50] Seen 20,000 samples
[2026-07-03 16:58:50] Starting data epoch 282 in logical epoch 282
[2026-07-03 16:58:50] [data] Shuffling data
[2026-07-03 16:58:50] [data] Done reading 20,000 sentences
[2026-07-03 16:58:50] [data] Done shuffling 20,000 sentences to temp files
[2026-07-03 16:59:05] Seen 20,000 samples
[2026-07-03 16:59:05] Starting data epoch 283 in logical epoch 283
[2026-07-03 16:59:05] [data] Shuffling data
[2026-07-03 16:59:05] [data] Done reading 20,000 sentences
[2026-07-03 16:59:05] [data] Done shuffling 20,000 sentences to temp files
[2026-07-03 16:59:20] Seen 20,000 samples
[2026-07-03 16:59:20] Starting data epoch 284 in logical epoch 284
[2026-07-03 16:59:20] [data] Shuffling data
[2026-07-03 16:59:20] [data] Done reading 20,000 sentences
[2026-07-03 16:59:20] [data] Done shuffling 20,000 sentences to temp files
[2026-07-03 16:59:35] Seen 20,000 samples
[2026-07-03 16:59:35] Starting data epoch 285 in logical epoch 285
[2026-07-03 16:59:35] [data] Shuffling data
[2026-07-03 16:59:35] [data] Done reading 20,000 sentences
[2026-07-03 16:59:35] [data] Done shuffling 20,000 sentences to temp files
[2026-07-03 16:59:49] Seen 20,000 samples
[2026-07-03 16:59:49] Starting data epoch 286 in logical epoch 286
[2026-07-03 16:59:49] [data] Shuffling data
[2026-07-03 16:59:49] [data] Done reading 20,000 sentences
[2026-07-03 16:59:50] [data] Done shuffling 20,000 sentences to temp files
[2026-07-03 17:00:00] Ep. 286 : Up. 18000 : Sen. 14,465 : Cost 1.13815558 * 613,655 @ 1,665 after 22,096,563 : Time 117.39s : 5227.41 words/s : gNorm 0.4546 : L.r. 2.8284e-04
[2026-07-03 17:00:04] Seen 20,000 samples
[2026-07-03 17:00:04] Starting data epoch 287 in logical epoch 287
[2026-07-03 17:00:04] [data] Shuffling data
[2026-07-03 17:00:04] [data] Done reading 20,000 sentences
[2026-07-03 17:00:04] [data] Done shuffling 20,000 sentences to temp files
[2026-07-03 17:00:19] Seen 20,000 samples
[2026-07-03 17:00:19] Starting data epoch 288 in logical epoch 288
[2026-07-03 17:00:19] [data] Shuffling data
[2026-07-03 17:00:19] [data] Done reading 20,000 sentences
[2026-07-03 17:00:19] [data] Done shuffling 20,000 sentences to temp files
[2026-07-03 17:00:34] Seen 20,000 samples
[2026-07-03 17:00:34] Starting data epoch 289 in logical epoch 289
[2026-07-03 17:00:34] [data] Shuffling data
[2026-07-03 17:00:34] [data] Done reading 20,000 sentences
[2026-07-03 17:00:34] [data] Done shuffling 20,000 sentences to temp files
[2026-07-03 17:00:49] Seen 20,000 samples
[2026-07-03 17:00:49] Starting data epoch 290 in logical epoch 290
[2026-07-03 17:00:49] [data] Shuffling data
[2026-07-03 17:00:49] [data] Done reading 20,000 sentences
[2026-07-03 17:00:49] [data] Done shuffling 20,000 sentences to temp files
[2026-07-03 17:01:03] Seen 20,000 samples
[2026-07-03 17:01:03] Starting data epoch 291 in logical epoch 291
[2026-07-03 17:01:03] [data] Shuffling data
[2026-07-03 17:01:03] [data] Done reading 20,000 sentences
[2026-07-03 17:01:03] [data] Done shuffling 20,000 sentences to temp files
[2026-07-03 17:01:18] Seen 20,000 samples
[2026-07-03 17:01:18] Starting data epoch 292 in logical epoch 292
[2026-07-03 17:01:18] [data] Shuffling data
[2026-07-03 17:01:18] [data] Done reading 20,000 sentences
[2026-07-03 17:01:18] [data] Done shuffling 20,000 sentences to temp files
[2026-07-03 17:01:33] Seen 20,000 samples
[2026-07-03 17:01:33] Starting data epoch 293 in logical epoch 293
[2026-07-03 17:01:33] [data] Shuffling data
[2026-07-03 17:01:33] [data] Done reading 20,000 sentences
[2026-07-03 17:01:33] [data] Done shuffling 20,000 sentences to temp files
[2026-07-03 17:01:48] Seen 20,000 samples
[2026-07-03 17:01:48] Starting data epoch 294 in logical epoch 294
[2026-07-03 17:01:48] [data] Shuffling data
[2026-07-03 17:01:48] [data] Done reading 20,000 sentences
[2026-07-03 17:01:48] [data] Done shuffling 20,000 sentences to temp files
[2026-07-03 17:01:57] Ep. 294 : Up. 18500 : Sen. 13,133 : Cost 1.13657367 * 613,323 @ 999 after 22,709,886 : Time 117.41s : 5223.90 words/s : gNorm 0.4650 : L.r. 2.7899e-04
[2026-07-03 17:02:02] Seen 20,000 samples
[2026-07-03 17:02:02] Starting data epoch 295 in logical epoch 295
[2026-07-03 17:02:02] [data] Shuffling data
[2026-07-03 17:02:03] [data] Done reading 20,000 sentences
[2026-07-03 17:02:03] [data] Done shuffling 20,000 sentences to temp files
[2026-07-03 17:02:17] Seen 20,000 samples
[2026-07-03 17:02:17] Starting data epoch 296 in logical epoch 296
[2026-07-03 17:02:17] [data] Shuffling data
[2026-07-03 17:02:17] [data] Done reading 20,000 sentences
[2026-07-03 17:02:17] [data] Done shuffling 20,000 sentences to temp files
[2026-07-03 17:02:32] Seen 20,000 samples
[2026-07-03 17:02:32] Starting data epoch 297 in logical epoch 297
[2026-07-03 17:02:32] [data] Shuffling data
[2026-07-03 17:02:32] [data] Done reading 20,000 sentences
[2026-07-03 17:02:32] [data] Done shuffling 20,000 sentences to temp files
[2026-07-03 17:02:47] Seen 20,000 samples
[2026-07-03 17:02:47] Starting data epoch 298 in logical epoch 298
[2026-07-03 17:02:47] [data] Shuffling data
[2026-07-03 17:02:47] [data] Done reading 20,000 sentences
[2026-07-03 17:02:47] [data] Done shuffling 20,000 sentences to temp files
[2026-07-03 17:03:02] Seen 20,000 samples
[2026-07-03 17:03:02] Starting data epoch 299 in logical epoch 299
[2026-07-03 17:03:02] [data] Shuffling data
[2026-07-03 17:03:02] [data] Done reading 20,000 sentences
[2026-07-03 17:03:02] [data] Done shuffling 20,000 sentences to temp files
[2026-07-03 17:03:16] Seen 20,000 samples
[2026-07-03 17:03:16] Starting data epoch 300 in logical epoch 300
[2026-07-03 17:03:16] [data] Shuffling data
[2026-07-03 17:03:16] [data] Done reading 20,000 sentences
[2026-07-03 17:03:17] [data] Done shuffling 20,000 sentences to temp files
[2026-07-03 17:03:31] Seen 20,000 samples
[2026-07-03 17:03:31] Starting data epoch 301 in logical epoch 301
[2026-07-03 17:03:31] [data] Shuffling data
[2026-07-03 17:03:31] [data] Done reading 20,000 sentences
[2026-07-03 17:03:31] [data] Done shuffling 20,000 sentences to temp files
[2026-07-03 17:03:46] Seen 20,000 samples
[2026-07-03 17:03:46] Starting data epoch 302 in logical epoch 302
[2026-07-03 17:03:46] [data] Shuffling data
[2026-07-03 17:03:46] [data] Done reading 20,000 sentences
[2026-07-03 17:03:46] [data] Done shuffling 20,000 sentences to temp files
[2026-07-03 17:03:55] Ep. 302 : Up. 19000 : Sen. 11,801 : Cost 1.13434863 * 613,733 @ 1,332 after 23,323,619 : Time 117.55s : 5221.20 words/s : gNorm 0.4261 : L.r. 2.7530e-04
[2026-07-03 17:04:01] Seen 20,000 samples
[2026-07-03 17:04:01] Starting data epoch 303 in logical epoch 303
[2026-07-03 17:04:01] [data] Shuffling data
[2026-07-03 17:04:01] [data] Done reading 20,000 sentences
[2026-07-03 17:04:01] [data] Done shuffling 20,000 sentences to temp files
[2026-07-03 17:04:16] Seen 20,000 samples
[2026-07-03 17:04:16] Starting data epoch 304 in logical epoch 304
[2026-07-03 17:04:16] [data] Shuffling data
[2026-07-03 17:04:16] [data] Done reading 20,000 sentences
[2026-07-03 17:04:16] [data] Done shuffling 20,000 sentences to temp files
[2026-07-03 17:04:31] Seen 20,000 samples
[2026-07-03 17:04:31] Starting data epoch 305 in logical epoch 305
[2026-07-03 17:04:31] [data] Shuffling data
[2026-07-03 17:04:31] [data] Done reading 20,000 sentences
[2026-07-03 17:04:31] [data] Done shuffling 20,000 sentences to temp files
[2026-07-03 17:04:46] Seen 20,000 samples
[2026-07-03 17:04:46] Starting data epoch 306 in logical epoch 306
[2026-07-03 17:04:46] [data] Shuffling data
[2026-07-03 17:04:46] [data] Done reading 20,000 sentences
[2026-07-03 17:04:46] [data] Done shuffling 20,000 sentences to temp files
[2026-07-03 17:05:00] Seen 20,000 samples
[2026-07-03 17:05:00] Starting data epoch 307 in logical epoch 307
[2026-07-03 17:05:00] [data] Shuffling data
[2026-07-03 17:05:00] [data] Done reading 20,000 sentences
[2026-07-03 17:05:00] [data] Done shuffling 20,000 sentences to temp files
[2026-07-03 17:05:15] Seen 20,000 samples
[2026-07-03 17:05:15] Starting data epoch 308 in logical epoch 308
[2026-07-03 17:05:15] [data] Shuffling data
[2026-07-03 17:05:15] [data] Done reading 20,000 sentences
[2026-07-03 17:05:15] [data] Done shuffling 20,000 sentences to temp files
[2026-07-03 17:05:30] Seen 20,000 samples
[2026-07-03 17:05:30] Starting data epoch 309 in logical epoch 309
[2026-07-03 17:05:30] [data] Shuffling data
[2026-07-03 17:05:30] [data] Done reading 20,000 sentences
[2026-07-03 17:05:30] [data] Done shuffling 20,000 sentences to temp files
[2026-07-03 17:05:45] Seen 20,000 samples
[2026-07-03 17:05:45] Starting data epoch 310 in logical epoch 310
[2026-07-03 17:05:45] [data] Shuffling data
[2026-07-03 17:05:45] [data] Done reading 20,000 sentences
[2026-07-03 17:05:45] [data] Done shuffling 20,000 sentences to temp files
[2026-07-03 17:05:52] Ep. 310 : Up. 19500 : Sen. 10,729 : Cost 1.13405144 * 614,483 @ 999 after 23,938,102 : Time 117.63s : 5224.00 words/s : gNorm 0.3865 : L.r. 2.7175e-04
[2026-07-03 17:06:00] Seen 20,000 samples
[2026-07-03 17:06:00] Starting data epoch 311 in logical epoch 311
[2026-07-03 17:06:00] [data] Shuffling data
[2026-07-03 17:06:00] [data] Done reading 20,000 sentences
[2026-07-03 17:06:00] [data] Done shuffling 20,000 sentences to temp files
[2026-07-03 17:06:14] Seen 20,000 samples
[2026-07-03 17:06:14] Starting data epoch 312 in logical epoch 312
[2026-07-03 17:06:14] [data] Shuffling data
[2026-07-03 17:06:14] [data] Done reading 20,000 sentences
[2026-07-03 17:06:14] [data] Done shuffling 20,000 sentences to temp files
[2026-07-03 17:06:29] Seen 20,000 samples
[2026-07-03 17:06:29] Starting data epoch 313 in logical epoch 313
[2026-07-03 17:06:29] [data] Shuffling data
[2026-07-03 17:06:29] [data] Done reading 20,000 sentences
[2026-07-03 17:06:29] [data] Done shuffling 20,000 sentences to temp files
[2026-07-03 17:06:44] Seen 20,000 samples
[2026-07-03 17:06:44] Starting data epoch 314 in logical epoch 314
[2026-07-03 17:06:44] [data] Shuffling data
[2026-07-03 17:06:44] [data] Done reading 20,000 sentences
[2026-07-03 17:06:44] [data] Done shuffling 20,000 sentences to temp files
[2026-07-03 17:06:58] Seen 20,000 samples
[2026-07-03 17:06:58] Starting data epoch 315 in logical epoch 315
[2026-07-03 17:06:58] [data] Shuffling data
[2026-07-03 17:06:58] [data] Done reading 20,000 sentences
[2026-07-03 17:06:58] [data] Done shuffling 20,000 sentences to temp files
[2026-07-03 17:07:13] Seen 20,000 samples
[2026-07-03 17:07:13] Starting data epoch 316 in logical epoch 316
[2026-07-03 17:07:13] [data] Shuffling data
[2026-07-03 17:07:13] [data] Done reading 20,000 sentences
[2026-07-03 17:07:13] [data] Done shuffling 20,000 sentences to temp files
[2026-07-03 17:07:28] Seen 20,000 samples
[2026-07-03 17:07:28] Starting data epoch 317 in logical epoch 317
[2026-07-03 17:07:28] [data] Shuffling data
[2026-07-03 17:07:28] [data] Done reading 20,000 sentences
[2026-07-03 17:07:28] [data] Done shuffling 20,000 sentences to temp files
[2026-07-03 17:07:43] Seen 20,000 samples
[2026-07-03 17:07:43] Starting data epoch 318 in logical epoch 318
[2026-07-03 17:07:43] [data] Shuffling data
[2026-07-03 17:07:43] [data] Done reading 20,000 sentences
[2026-07-03 17:07:43] [data] Done shuffling 20,000 sentences to temp files
[2026-07-03 17:07:50] Ep. 318 : Up. 20000 : Sen. 9,227 : Cost 1.13238120 * 613,966 @ 999 after 24,552,068 : Time 117.40s : 5229.65 words/s : gNorm 0.4313 : L.r. 2.6833e-04
[2026-07-03 17:07:50] Saving model weights and runtime parameters to model.transformer.phmy/model.iter20000.npz
[2026-07-03 17:07:50] Saving model weights and runtime parameters to model.transformer.phmy/model.npz
[2026-07-03 17:07:50] Saving Adam parameters
[2026-07-03 17:07:51] [training] Saving training checkpoint to model.transformer.phmy/model.npz and model.transformer.phmy/model.npz.optimizer.npz
[2026-07-03 17:07:52] [valid] Ep. 318 : Up. 20000 : cross-entropy : 2.4014 : stalled 3 times (last best: 1.83935)
[2026-07-03 17:07:53] [valid] Ep. 318 : Up. 20000 : perplexity : 1.86786 : stalled 3 times (last best: 1.61375)
[2026-07-03 17:07:55] [valid] Ep. 318 : Up. 20000 : bleu : 75.2556 : stalled 3 times (last best: 76.1047)
[2026-07-03 17:08:03] Seen 20,000 samples
[2026-07-03 17:08:03] Starting data epoch 319 in logical epoch 319
[2026-07-03 17:08:03] [data] Shuffling data
[2026-07-03 17:08:03] [data] Done reading 20,000 sentences
[2026-07-03 17:08:03] [data] Done shuffling 20,000 sentences to temp files
[2026-07-03 17:08:18] Seen 20,000 samples
[2026-07-03 17:08:18] Starting data epoch 320 in logical epoch 320
[2026-07-03 17:08:18] [data] Shuffling data
[2026-07-03 17:08:18] [data] Done reading 20,000 sentences
[2026-07-03 17:08:18] [data] Done shuffling 20,000 sentences to temp files
[2026-07-03 17:08:33] Seen 20,000 samples
[2026-07-03 17:08:33] Starting data epoch 321 in logical epoch 321
[2026-07-03 17:08:33] [data] Shuffling data
[2026-07-03 17:08:33] [data] Done reading 20,000 sentences
[2026-07-03 17:08:33] [data] Done shuffling 20,000 sentences to temp files
[2026-07-03 17:08:47] Seen 20,000 samples
[2026-07-03 17:08:47] Starting data epoch 322 in logical epoch 322
[2026-07-03 17:08:47] [data] Shuffling data
[2026-07-03 17:08:47] [data] Done reading 20,000 sentences
[2026-07-03 17:08:47] [data] Done shuffling 20,000 sentences to temp files
[2026-07-03 17:09:02] Seen 20,000 samples
[2026-07-03 17:09:02] Starting data epoch 323 in logical epoch 323
[2026-07-03 17:09:02] [data] Shuffling data
[2026-07-03 17:09:02] [data] Done reading 20,000 sentences
[2026-07-03 17:09:02] [data] Done shuffling 20,000 sentences to temp files
[2026-07-03 17:09:17] Seen 20,000 samples
[2026-07-03 17:09:17] Starting data epoch 324 in logical epoch 324
[2026-07-03 17:09:17] [data] Shuffling data
[2026-07-03 17:09:17] [data] Done reading 20,000 sentences
[2026-07-03 17:09:17] [data] Done shuffling 20,000 sentences to temp files
[2026-07-03 17:09:32] Seen 20,000 samples
[2026-07-03 17:09:32] Starting data epoch 325 in logical epoch 325
[2026-07-03 17:09:32] [data] Shuffling data
[2026-07-03 17:09:32] [data] Done reading 20,000 sentences
[2026-07-03 17:09:32] [data] Done shuffling 20,000 sentences to temp files
[2026-07-03 17:09:47] Seen 20,000 samples
[2026-07-03 17:09:47] Starting data epoch 326 in logical epoch 326
[2026-07-03 17:09:47] [data] Shuffling data
[2026-07-03 17:09:47] [data] Done reading 20,000 sentences
[2026-07-03 17:09:47] [data] Done shuffling 20,000 sentences to temp files
[2026-07-03 17:09:53] Ep. 326 : Up. 20500 : Sen. 8,065 : Cost 1.13162327 * 613,589 @ 1,665 after 25,165,657 : Time 122.64s : 5003.03 words/s : gNorm 0.3786 : L.r. 2.6504e-04
[2026-07-03 17:10:01] Seen 20,000 samples
[2026-07-03 17:10:01] Starting data epoch 327 in logical epoch 327
[2026-07-03 17:10:01] [data] Shuffling data
[2026-07-03 17:10:01] [data] Done reading 20,000 sentences
[2026-07-03 17:10:01] [data] Done shuffling 20,000 sentences to temp files
[2026-07-03 17:10:16] Seen 20,000 samples
[2026-07-03 17:10:16] Starting data epoch 328 in logical epoch 328
[2026-07-03 17:10:16] [data] Shuffling data
[2026-07-03 17:10:16] [data] Done reading 20,000 sentences
[2026-07-03 17:10:16] [data] Done shuffling 20,000 sentences to temp files
[2026-07-03 17:10:31] Seen 20,000 samples
[2026-07-03 17:10:31] Starting data epoch 329 in logical epoch 329
[2026-07-03 17:10:31] [data] Shuffling data
[2026-07-03 17:10:31] [data] Done reading 20,000 sentences
[2026-07-03 17:10:31] [data] Done shuffling 20,000 sentences to temp files
[2026-07-03 17:10:46] Seen 20,000 samples
[2026-07-03 17:10:46] Starting data epoch 330 in logical epoch 330
[2026-07-03 17:10:46] [data] Shuffling data
[2026-07-03 17:10:46] [data] Done reading 20,000 sentences
[2026-07-03 17:10:46] [data] Done shuffling 20,000 sentences to temp files
[2026-07-03 17:11:01] Seen 20,000 samples
[2026-07-03 17:11:01] Starting data epoch 331 in logical epoch 331
[2026-07-03 17:11:01] [data] Shuffling data
[2026-07-03 17:11:01] [data] Done reading 20,000 sentences
[2026-07-03 17:11:01] [data] Done shuffling 20,000 sentences to temp files
[2026-07-03 17:11:15] Seen 20,000 samples
[2026-07-03 17:11:15] Starting data epoch 332 in logical epoch 332
[2026-07-03 17:11:15] [data] Shuffling data
[2026-07-03 17:11:15] [data] Done reading 20,000 sentences
[2026-07-03 17:11:16] [data] Done shuffling 20,000 sentences to temp files
[2026-07-03 17:11:30] Seen 20,000 samples
[2026-07-03 17:11:30] Starting data epoch 333 in logical epoch 333
[2026-07-03 17:11:30] [data] Shuffling data
[2026-07-03 17:11:30] [data] Done reading 20,000 sentences
[2026-07-03 17:11:30] [data] Done shuffling 20,000 sentences to temp files
[2026-07-03 17:11:45] Seen 20,000 samples
[2026-07-03 17:11:45] Starting data epoch 334 in logical epoch 334
[2026-07-03 17:11:45] [data] Shuffling data
[2026-07-03 17:11:45] [data] Done reading 20,000 sentences
[2026-07-03 17:11:45] [data] Done shuffling 20,000 sentences to temp files
[2026-07-03 17:11:50] Ep. 334 : Up. 21000 : Sen. 6,733 : Cost 1.13124967 * 612,948 @ 999 after 25,778,605 : Time 117.50s : 5216.65 words/s : gNorm 0.4850 : L.r. 2.6186e-04
[2026-07-03 17:12:00] Seen 20,000 samples
[2026-07-03 17:12:00] Starting data epoch 335 in logical epoch 335
[2026-07-03 17:12:00] [data] Shuffling data
[2026-07-03 17:12:00] [data] Done reading 20,000 sentences
[2026-07-03 17:12:00] [data] Done shuffling 20,000 sentences to temp files
[2026-07-03 17:12:15] Seen 20,000 samples
[2026-07-03 17:12:15] Starting data epoch 336 in logical epoch 336
[2026-07-03 17:12:15] [data] Shuffling data
[2026-07-03 17:12:15] [data] Done reading 20,000 sentences
[2026-07-03 17:12:15] [data] Done shuffling 20,000 sentences to temp files
[2026-07-03 17:12:29] Seen 20,000 samples
[2026-07-03 17:12:29] Starting data epoch 337 in logical epoch 337
[2026-07-03 17:12:29] [data] Shuffling data
[2026-07-03 17:12:29] [data] Done reading 20,000 sentences
[2026-07-03 17:12:30] [data] Done shuffling 20,000 sentences to temp files
[2026-07-03 17:12:44] Seen 20,000 samples
[2026-07-03 17:12:44] Starting data epoch 338 in logical epoch 338
[2026-07-03 17:12:44] [data] Shuffling data
[2026-07-03 17:12:44] [data] Done reading 20,000 sentences
[2026-07-03 17:12:44] [data] Done shuffling 20,000 sentences to temp files
[2026-07-03 17:12:59] Seen 20,000 samples
[2026-07-03 17:12:59] Starting data epoch 339 in logical epoch 339
[2026-07-03 17:12:59] [data] Shuffling data
[2026-07-03 17:12:59] [data] Done reading 20,000 sentences
[2026-07-03 17:12:59] [data] Done shuffling 20,000 sentences to temp files
[2026-07-03 17:13:14] Seen 20,000 samples
[2026-07-03 17:13:14] Starting data epoch 340 in logical epoch 340
[2026-07-03 17:13:14] [data] Shuffling data
[2026-07-03 17:13:14] [data] Done reading 20,000 sentences
[2026-07-03 17:13:14] [data] Done shuffling 20,000 sentences to temp files
[2026-07-03 17:13:29] Seen 20,000 samples
[2026-07-03 17:13:29] Starting data epoch 341 in logical epoch 341
[2026-07-03 17:13:29] [data] Shuffling data
[2026-07-03 17:13:29] [data] Done reading 20,000 sentences
[2026-07-03 17:13:29] [data] Done shuffling 20,000 sentences to temp files
[2026-07-03 17:13:43] Seen 20,000 samples
[2026-07-03 17:13:43] Starting data epoch 342 in logical epoch 342
[2026-07-03 17:13:43] [data] Shuffling data
[2026-07-03 17:13:43] [data] Done reading 20,000 sentences
[2026-07-03 17:13:43] [data] Done shuffling 20,000 sentences to temp files
[2026-07-03 17:13:47] Ep. 342 : Up. 21500 : Sen. 5,401 : Cost 1.13012850 * 613,555 @ 1,665 after 26,392,160 : Time 117.38s : 5226.99 words/s : gNorm 0.3348 : L.r. 2.5880e-04
[2026-07-03 17:13:58] Seen 20,000 samples
[2026-07-03 17:13:58] Starting data epoch 343 in logical epoch 343
[2026-07-03 17:13:58] [data] Shuffling data
[2026-07-03 17:13:58] [data] Done reading 20,000 sentences
[2026-07-03 17:13:58] [data] Done shuffling 20,000 sentences to temp files
[2026-07-03 17:14:13] Seen 20,000 samples
[2026-07-03 17:14:13] Starting data epoch 344 in logical epoch 344
[2026-07-03 17:14:13] [data] Shuffling data
[2026-07-03 17:14:13] [data] Done reading 20,000 sentences
[2026-07-03 17:14:13] [data] Done shuffling 20,000 sentences to temp files
[2026-07-03 17:14:28] Seen 20,000 samples
[2026-07-03 17:14:28] Starting data epoch 345 in logical epoch 345
[2026-07-03 17:14:28] [data] Shuffling data
[2026-07-03 17:14:28] [data] Done reading 20,000 sentences
[2026-07-03 17:14:28] [data] Done shuffling 20,000 sentences to temp files
[2026-07-03 17:14:43] Seen 20,000 samples
[2026-07-03 17:14:43] Starting data epoch 346 in logical epoch 346
[2026-07-03 17:14:43] [data] Shuffling data
[2026-07-03 17:14:43] [data] Done reading 20,000 sentences
[2026-07-03 17:14:43] [data] Done shuffling 20,000 sentences to temp files
[2026-07-03 17:14:57] Seen 20,000 samples
[2026-07-03 17:14:57] Starting data epoch 347 in logical epoch 347
[2026-07-03 17:14:57] [data] Shuffling data
[2026-07-03 17:14:57] [data] Done reading 20,000 sentences
[2026-07-03 17:14:58] [data] Done shuffling 20,000 sentences to temp files
[2026-07-03 17:15:12] Seen 20,000 samples
[2026-07-03 17:15:12] Starting data epoch 348 in logical epoch 348
[2026-07-03 17:15:12] [data] Shuffling data
[2026-07-03 17:15:12] [data] Done reading 20,000 sentences
[2026-07-03 17:15:12] [data] Done shuffling 20,000 sentences to temp files
[2026-07-03 17:15:27] Seen 20,000 samples
[2026-07-03 17:15:27] Starting data epoch 349 in logical epoch 349
[2026-07-03 17:15:27] [data] Shuffling data
[2026-07-03 17:15:27] [data] Done reading 20,000 sentences
[2026-07-03 17:15:27] [data] Done shuffling 20,000 sentences to temp files
[2026-07-03 17:15:42] Seen 20,000 samples
[2026-07-03 17:15:42] Starting data epoch 350 in logical epoch 350
[2026-07-03 17:15:42] [data] Shuffling data
[2026-07-03 17:15:42] [data] Done reading 20,000 sentences
[2026-07-03 17:15:42] [data] Done shuffling 20,000 sentences to temp files
[2026-07-03 17:15:45] Ep. 350 : Up. 22000 : Sen. 4,159 : Cost 1.12977755 * 615,271 @ 1,043 after 27,007,431 : Time 117.95s : 5216.41 words/s : gNorm 0.3574 : L.r. 2.5584e-04
[2026-07-03 17:15:57] Seen 20,000 samples
[2026-07-03 17:15:57] Starting data epoch 351 in logical epoch 351
[2026-07-03 17:15:57] [data] Shuffling data
[2026-07-03 17:15:57] [data] Done reading 20,000 sentences
[2026-07-03 17:15:57] [data] Done shuffling 20,000 sentences to temp files
[2026-07-03 17:16:12] Seen 20,000 samples
[2026-07-03 17:16:12] Starting data epoch 352 in logical epoch 352
[2026-07-03 17:16:12] [data] Shuffling data
[2026-07-03 17:16:12] [data] Done reading 20,000 sentences
[2026-07-03 17:16:12] [data] Done shuffling 20,000 sentences to temp files
[2026-07-03 17:16:26] Seen 20,000 samples
[2026-07-03 17:16:26] Starting data epoch 353 in logical epoch 353
[2026-07-03 17:16:26] [data] Shuffling data
[2026-07-03 17:16:27] [data] Done reading 20,000 sentences
[2026-07-03 17:16:27] [data] Done shuffling 20,000 sentences to temp files
[2026-07-03 17:16:41] Seen 20,000 samples
[2026-07-03 17:16:41] Starting data epoch 354 in logical epoch 354
[2026-07-03 17:16:41] [data] Shuffling data
[2026-07-03 17:16:41] [data] Done reading 20,000 sentences
[2026-07-03 17:16:41] [data] Done shuffling 20,000 sentences to temp files
[2026-07-03 17:16:56] Seen 20,000 samples
[2026-07-03 17:16:56] Starting data epoch 355 in logical epoch 355
[2026-07-03 17:16:56] [data] Shuffling data
[2026-07-03 17:16:56] [data] Done reading 20,000 sentences
[2026-07-03 17:16:56] [data] Done shuffling 20,000 sentences to temp files
[2026-07-03 17:17:11] Seen 20,000 samples
[2026-07-03 17:17:11] Starting data epoch 356 in logical epoch 356
[2026-07-03 17:17:11] [data] Shuffling data
[2026-07-03 17:17:11] [data] Done reading 20,000 sentences
[2026-07-03 17:17:11] [data] Done shuffling 20,000 sentences to temp files
[2026-07-03 17:17:26] Seen 20,000 samples
[2026-07-03 17:17:26] Starting data epoch 357 in logical epoch 357
[2026-07-03 17:17:26] [data] Shuffling data
[2026-07-03 17:17:26] [data] Done reading 20,000 sentences
[2026-07-03 17:17:26] [data] Done shuffling 20,000 sentences to temp files
[2026-07-03 17:17:40] Seen 20,000 samples
[2026-07-03 17:17:40] Starting data epoch 358 in logical epoch 358
[2026-07-03 17:17:40] [data] Shuffling data
[2026-07-03 17:17:40] [data] Done reading 20,000 sentences
[2026-07-03 17:17:41] [data] Done shuffling 20,000 sentences to temp files
[2026-07-03 17:17:43] Ep. 358 : Up. 22500 : Sen. 2,907 : Cost 1.12905395 * 612,109 @ 1,332 after 27,619,540 : Time 117.19s : 5223.38 words/s : gNorm 0.3292 : L.r. 2.5298e-04
[2026-07-03 17:17:55] Seen 20,000 samples
[2026-07-03 17:17:55] Starting data epoch 359 in logical epoch 359
[2026-07-03 17:17:55] [data] Shuffling data
[2026-07-03 17:17:55] [data] Done reading 20,000 sentences
[2026-07-03 17:17:55] [data] Done shuffling 20,000 sentences to temp files
[2026-07-03 17:18:10] Seen 20,000 samples
[2026-07-03 17:18:10] Starting data epoch 360 in logical epoch 360
[2026-07-03 17:18:10] [data] Shuffling data
[2026-07-03 17:18:10] [data] Done reading 20,000 sentences
[2026-07-03 17:18:10] [data] Done shuffling 20,000 sentences to temp files
[2026-07-03 17:18:25] Seen 20,000 samples
[2026-07-03 17:18:25] Starting data epoch 361 in logical epoch 361
[2026-07-03 17:18:25] [data] Shuffling data
[2026-07-03 17:18:25] [data] Done reading 20,000 sentences
[2026-07-03 17:18:25] [data] Done shuffling 20,000 sentences to temp files
[2026-07-03 17:18:40] Seen 20,000 samples
[2026-07-03 17:18:40] Starting data epoch 362 in logical epoch 362
[2026-07-03 17:18:40] [data] Shuffling data
[2026-07-03 17:18:40] [data] Done reading 20,000 sentences
[2026-07-03 17:18:40] [data] Done shuffling 20,000 sentences to temp files
[2026-07-03 17:18:55] Seen 20,000 samples
[2026-07-03 17:18:55] Starting data epoch 363 in logical epoch 363
[2026-07-03 17:18:55] [data] Shuffling data
[2026-07-03 17:18:55] [data] Done reading 20,000 sentences
[2026-07-03 17:18:55] [data] Done shuffling 20,000 sentences to temp files
[2026-07-03 17:19:10] Seen 20,000 samples
[2026-07-03 17:19:10] Starting data epoch 364 in logical epoch 364
[2026-07-03 17:19:10] [data] Shuffling data
[2026-07-03 17:19:10] [data] Done reading 20,000 sentences
[2026-07-03 17:19:10] [data] Done shuffling 20,000 sentences to temp files
[2026-07-03 17:19:24] Seen 20,000 samples
[2026-07-03 17:19:24] Starting data epoch 365 in logical epoch 365
[2026-07-03 17:19:24] [data] Shuffling data
[2026-07-03 17:19:24] [data] Done reading 20,000 sentences
[2026-07-03 17:19:25] [data] Done shuffling 20,000 sentences to temp files
[2026-07-03 17:19:39] Seen 20,000 samples
[2026-07-03 17:19:39] Starting data epoch 366 in logical epoch 366
[2026-07-03 17:19:39] [data] Shuffling data
[2026-07-03 17:19:39] [data] Done reading 20,000 sentences
[2026-07-03 17:19:39] [data] Done shuffling 20,000 sentences to temp files
[2026-07-03 17:19:41] Ep. 366 : Up. 23000 : Sen. 1,495 : Cost 1.12810493 * 614,213 @ 1,127 after 28,233,753 : Time 118.20s : 5196.31 words/s : gNorm 0.4098 : L.r. 2.5022e-04
[2026-07-03 17:19:54] Seen 20,000 samples
[2026-07-03 17:19:54] Starting data epoch 367 in logical epoch 367
[2026-07-03 17:19:54] [data] Shuffling data
[2026-07-03 17:19:54] [data] Done reading 20,000 sentences
[2026-07-03 17:19:54] [data] Done shuffling 20,000 sentences to temp files
[2026-07-03 17:20:09] Seen 20,000 samples
[2026-07-03 17:20:09] Starting data epoch 368 in logical epoch 368
[2026-07-03 17:20:09] [data] Shuffling data
[2026-07-03 17:20:09] [data] Done reading 20,000 sentences
[2026-07-03 17:20:09] [data] Done shuffling 20,000 sentences to temp files
[2026-07-03 17:20:24] Seen 20,000 samples
[2026-07-03 17:20:24] Starting data epoch 369 in logical epoch 369
[2026-07-03 17:20:24] [data] Shuffling data
[2026-07-03 17:20:24] [data] Done reading 20,000 sentences
[2026-07-03 17:20:24] [data] Done shuffling 20,000 sentences to temp files
[2026-07-03 17:20:39] Seen 20,000 samples
[2026-07-03 17:20:39] Starting data epoch 370 in logical epoch 370
[2026-07-03 17:20:39] [data] Shuffling data
[2026-07-03 17:20:39] [data] Done reading 20,000 sentences
[2026-07-03 17:20:39] [data] Done shuffling 20,000 sentences to temp files
[2026-07-03 17:20:54] Seen 20,000 samples
[2026-07-03 17:20:54] Starting data epoch 371 in logical epoch 371
[2026-07-03 17:20:54] [data] Shuffling data
[2026-07-03 17:20:54] [data] Done reading 20,000 sentences
[2026-07-03 17:20:54] [data] Done shuffling 20,000 sentences to temp files
[2026-07-03 17:21:09] Seen 20,000 samples
[2026-07-03 17:21:09] Starting data epoch 372 in logical epoch 372
[2026-07-03 17:21:09] [data] Shuffling data
[2026-07-03 17:21:09] [data] Done reading 20,000 sentences
[2026-07-03 17:21:09] [data] Done shuffling 20,000 sentences to temp files
[2026-07-03 17:21:23] Seen 20,000 samples
[2026-07-03 17:21:23] Starting data epoch 373 in logical epoch 373
[2026-07-03 17:21:23] [data] Shuffling data
[2026-07-03 17:21:23] [data] Done reading 20,000 sentences
[2026-07-03 17:21:24] [data] Done shuffling 20,000 sentences to temp files
[2026-07-03 17:21:38] Seen 20,000 samples
[2026-07-03 17:21:38] Starting data epoch 374 in logical epoch 374
[2026-07-03 17:21:38] [data] Shuffling data
[2026-07-03 17:21:38] [data] Done reading 20,000 sentences
[2026-07-03 17:21:38] [data] Done shuffling 20,000 sentences to temp files
[2026-07-03 17:21:39] Ep. 374 : Up. 23500 : Sen. 163 : Cost 1.12699103 * 613,675 @ 1,100 after 28,847,428 : Time 117.99s : 5201.06 words/s : gNorm 0.3772 : L.r. 2.4754e-04
[2026-07-03 17:21:53] Seen 20,000 samples
[2026-07-03 17:21:53] Starting data epoch 375 in logical epoch 375
[2026-07-03 17:21:53] [data] Shuffling data
[2026-07-03 17:21:53] [data] Done reading 20,000 sentences
[2026-07-03 17:21:53] [data] Done shuffling 20,000 sentences to temp files
[2026-07-03 17:22:08] Seen 20,000 samples
[2026-07-03 17:22:08] Starting data epoch 376 in logical epoch 376
[2026-07-03 17:22:08] [data] Shuffling data
[2026-07-03 17:22:08] [data] Done reading 20,000 sentences
[2026-07-03 17:22:08] [data] Done shuffling 20,000 sentences to temp files
[2026-07-03 17:22:23] Seen 20,000 samples
[2026-07-03 17:22:23] Starting data epoch 377 in logical epoch 377
[2026-07-03 17:22:23] [data] Shuffling data
[2026-07-03 17:22:23] [data] Done reading 20,000 sentences
[2026-07-03 17:22:23] [data] Done shuffling 20,000 sentences to temp files
[2026-07-03 17:22:38] Seen 20,000 samples
[2026-07-03 17:22:38] Starting data epoch 378 in logical epoch 378
[2026-07-03 17:22:38] [data] Shuffling data
[2026-07-03 17:22:38] [data] Done reading 20,000 sentences
[2026-07-03 17:22:38] [data] Done shuffling 20,000 sentences to temp files
[2026-07-03 17:22:53] Seen 20,000 samples
[2026-07-03 17:22:53] Starting data epoch 379 in logical epoch 379
[2026-07-03 17:22:53] [data] Shuffling data
[2026-07-03 17:22:53] [data] Done reading 20,000 sentences
[2026-07-03 17:22:53] [data] Done shuffling 20,000 sentences to temp files
[2026-07-03 17:23:07] Seen 20,000 samples
[2026-07-03 17:23:07] Starting data epoch 380 in logical epoch 380
[2026-07-03 17:23:07] [data] Shuffling data
[2026-07-03 17:23:07] [data] Done reading 20,000 sentences
[2026-07-03 17:23:07] [data] Done shuffling 20,000 sentences to temp files
[2026-07-03 17:23:22] Seen 20,000 samples
[2026-07-03 17:23:22] Starting data epoch 381 in logical epoch 381
[2026-07-03 17:23:22] [data] Shuffling data
[2026-07-03 17:23:22] [data] Done reading 20,000 sentences
[2026-07-03 17:23:22] [data] Done shuffling 20,000 sentences to temp files
[2026-07-03 17:23:36] Ep. 381 : Up. 24000 : Sen. 19,200 : Cost 1.12785590 * 614,503 @ 1,332 after 29,461,931 : Time 117.59s : 5225.61 words/s : gNorm 0.6615 : L.r. 2.4495e-04
[2026-07-03 17:23:37] Seen 20,000 samples
[2026-07-03 17:23:37] Starting data epoch 382 in logical epoch 382
[2026-07-03 17:23:37] [data] Shuffling data
[2026-07-03 17:23:37] [data] Done reading 20,000 sentences
[2026-07-03 17:23:37] [data] Done shuffling 20,000 sentences to temp files
[2026-07-03 17:23:52] Seen 20,000 samples
[2026-07-03 17:23:52] Starting data epoch 383 in logical epoch 383
[2026-07-03 17:23:52] [data] Shuffling data
[2026-07-03 17:23:52] [data] Done reading 20,000 sentences
[2026-07-03 17:23:52] [data] Done shuffling 20,000 sentences to temp files
[2026-07-03 17:24:07] Seen 20,000 samples
[2026-07-03 17:24:07] Starting data epoch 384 in logical epoch 384
[2026-07-03 17:24:07] [data] Shuffling data
[2026-07-03 17:24:07] [data] Done reading 20,000 sentences
[2026-07-03 17:24:07] [data] Done shuffling 20,000 sentences to temp files
[2026-07-03 17:24:22] Seen 20,000 samples
[2026-07-03 17:24:22] Starting data epoch 385 in logical epoch 385
[2026-07-03 17:24:22] [data] Shuffling data
[2026-07-03 17:24:22] [data] Done reading 20,000 sentences
[2026-07-03 17:24:22] [data] Done shuffling 20,000 sentences to temp files
[2026-07-03 17:24:37] Seen 20,000 samples
[2026-07-03 17:24:37] Starting data epoch 386 in logical epoch 386
[2026-07-03 17:24:37] [data] Shuffling data
[2026-07-03 17:24:37] [data] Done reading 20,000 sentences
[2026-07-03 17:24:37] [data] Done shuffling 20,000 sentences to temp files
[2026-07-03 17:24:51] Seen 20,000 samples
[2026-07-03 17:24:51] Starting data epoch 387 in logical epoch 387
[2026-07-03 17:24:51] [data] Shuffling data
[2026-07-03 17:24:51] [data] Done reading 20,000 sentences
[2026-07-03 17:24:51] [data] Done shuffling 20,000 sentences to temp files
[2026-07-03 17:25:06] Seen 20,000 samples
[2026-07-03 17:25:06] Starting data epoch 388 in logical epoch 388
[2026-07-03 17:25:06] [data] Shuffling data
[2026-07-03 17:25:06] [data] Done reading 20,000 sentences
[2026-07-03 17:25:06] [data] Done shuffling 20,000 sentences to temp files
[2026-07-03 17:25:21] Seen 20,000 samples
[2026-07-03 17:25:21] Starting data epoch 389 in logical epoch 389
[2026-07-03 17:25:21] [data] Shuffling data
[2026-07-03 17:25:21] [data] Done reading 20,000 sentences
[2026-07-03 17:25:21] [data] Done shuffling 20,000 sentences to temp files
[2026-07-03 17:25:34] Ep. 389 : Up. 24500 : Sen. 18,038 : Cost 1.12673235 * 613,923 @ 1,870 after 30,075,854 : Time 117.71s : 5215.56 words/s : gNorm 0.4012 : L.r. 2.4244e-04
[2026-07-03 17:25:36] Seen 20,000 samples
[2026-07-03 17:25:36] Starting data epoch 390 in logical epoch 390
[2026-07-03 17:25:36] [data] Shuffling data
[2026-07-03 17:25:36] [data] Done reading 20,000 sentences
[2026-07-03 17:25:36] [data] Done shuffling 20,000 sentences to temp files
[2026-07-03 17:25:51] Seen 20,000 samples
[2026-07-03 17:25:51] Starting data epoch 391 in logical epoch 391
[2026-07-03 17:25:51] [data] Shuffling data
[2026-07-03 17:25:51] [data] Done reading 20,000 sentences
[2026-07-03 17:25:51] [data] Done shuffling 20,000 sentences to temp files
[2026-07-03 17:26:05] Seen 20,000 samples
[2026-07-03 17:26:05] Starting data epoch 392 in logical epoch 392
[2026-07-03 17:26:05] [data] Shuffling data
[2026-07-03 17:26:05] [data] Done reading 20,000 sentences
[2026-07-03 17:26:06] [data] Done shuffling 20,000 sentences to temp files
[2026-07-03 17:26:20] Seen 20,000 samples
[2026-07-03 17:26:20] Starting data epoch 393 in logical epoch 393
[2026-07-03 17:26:20] [data] Shuffling data
[2026-07-03 17:26:20] [data] Done reading 20,000 sentences
[2026-07-03 17:26:20] [data] Done shuffling 20,000 sentences to temp files
[2026-07-03 17:26:35] Seen 20,000 samples
[2026-07-03 17:26:35] Starting data epoch 394 in logical epoch 394
[2026-07-03 17:26:35] [data] Shuffling data
[2026-07-03 17:26:35] [data] Done reading 20,000 sentences
[2026-07-03 17:26:35] [data] Done shuffling 20,000 sentences to temp files
[2026-07-03 17:26:50] Seen 20,000 samples
[2026-07-03 17:26:50] Starting data epoch 395 in logical epoch 395
[2026-07-03 17:26:50] [data] Shuffling data
[2026-07-03 17:26:50] [data] Done reading 20,000 sentences
[2026-07-03 17:26:50] [data] Done shuffling 20,000 sentences to temp files
[2026-07-03 17:27:05] Seen 20,000 samples
[2026-07-03 17:27:05] Starting data epoch 396 in logical epoch 396
[2026-07-03 17:27:05] [data] Shuffling data
[2026-07-03 17:27:05] [data] Done reading 20,000 sentences
[2026-07-03 17:27:05] [data] Done shuffling 20,000 sentences to temp files
[2026-07-03 17:27:20] Seen 20,000 samples
[2026-07-03 17:27:20] Starting data epoch 397 in logical epoch 397
[2026-07-03 17:27:20] [data] Shuffling data
[2026-07-03 17:27:20] [data] Done reading 20,000 sentences
[2026-07-03 17:27:20] [data] Done shuffling 20,000 sentences to temp files
[2026-07-03 17:27:32] Ep. 397 : Up. 25000 : Sen. 16,536 : Cost 1.12543929 * 613,818 @ 1,151 after 30,689,672 : Time 117.93s : 5205.02 words/s : gNorm 0.3672 : L.r. 2.4000e-04
[2026-07-03 17:27:32] Saving model weights and runtime parameters to model.transformer.phmy/model.iter25000.npz
[2026-07-03 17:27:32] Saving model weights and runtime parameters to model.transformer.phmy/model.npz
[2026-07-03 17:27:32] Saving Adam parameters
[2026-07-03 17:27:33] [training] Saving training checkpoint to model.transformer.phmy/model.npz and model.transformer.phmy/model.npz.optimizer.npz
[2026-07-03 17:27:34] [valid] Ep. 397 : Up. 25000 : cross-entropy : 2.49637 : stalled 4 times (last best: 1.83935)
[2026-07-03 17:27:35] [valid] Ep. 397 : Up. 25000 : perplexity : 1.91459 : stalled 4 times (last best: 1.61375)
[2026-07-03 17:27:37] [valid] Ep. 397 : Up. 25000 : bleu : 75.3565 : stalled 4 times (last best: 76.1047)
[2026-07-03 17:27:40] Seen 20,000 samples
[2026-07-03 17:27:40] Starting data epoch 398 in logical epoch 398
[2026-07-03 17:27:40] [data] Shuffling data
[2026-07-03 17:27:40] [data] Done reading 20,000 sentences
[2026-07-03 17:27:40] [data] Done shuffling 20,000 sentences to temp files
[2026-07-03 17:27:55] Seen 20,000 samples
[2026-07-03 17:27:55] Starting data epoch 399 in logical epoch 399
[2026-07-03 17:27:55] [data] Shuffling data
[2026-07-03 17:27:55] [data] Done reading 20,000 sentences
[2026-07-03 17:27:55] [data] Done shuffling 20,000 sentences to temp files
[2026-07-03 17:28:10] Seen 20,000 samples
[2026-07-03 17:28:10] Starting data epoch 400 in logical epoch 400
[2026-07-03 17:28:10] [data] Shuffling data
[2026-07-03 17:28:10] [data] Done reading 20,000 sentences
[2026-07-03 17:28:10] [data] Done shuffling 20,000 sentences to temp files
[2026-07-03 17:28:24] Seen 20,000 samples
[2026-07-03 17:28:24] Starting data epoch 401 in logical epoch 401
[2026-07-03 17:28:24] [data] Shuffling data
[2026-07-03 17:28:24] [data] Done reading 20,000 sentences
[2026-07-03 17:28:24] [data] Done shuffling 20,000 sentences to temp files
[2026-07-03 17:28:39] Seen 20,000 samples
[2026-07-03 17:28:39] Starting data epoch 402 in logical epoch 402
[2026-07-03 17:28:39] [data] Shuffling data
[2026-07-03 17:28:39] [data] Done reading 20,000 sentences
[2026-07-03 17:28:39] [data] Done shuffling 20,000 sentences to temp files
[2026-07-03 17:28:54] Seen 20,000 samples
[2026-07-03 17:28:54] Starting data epoch 403 in logical epoch 403
[2026-07-03 17:28:54] [data] Shuffling data
[2026-07-03 17:28:54] [data] Done reading 20,000 sentences
[2026-07-03 17:28:54] [data] Done shuffling 20,000 sentences to temp files
[2026-07-03 17:29:09] Seen 20,000 samples
[2026-07-03 17:29:09] Starting data epoch 404 in logical epoch 404
[2026-07-03 17:29:09] [data] Shuffling data
[2026-07-03 17:29:09] [data] Done reading 20,000 sentences
[2026-07-03 17:29:09] [data] Done shuffling 20,000 sentences to temp files
[2026-07-03 17:29:24] Seen 20,000 samples
[2026-07-03 17:29:24] Starting data epoch 405 in logical epoch 405
[2026-07-03 17:29:24] [data] Shuffling data
[2026-07-03 17:29:24] [data] Done reading 20,000 sentences
[2026-07-03 17:29:24] [data] Done shuffling 20,000 sentences to temp files
[2026-07-03 17:29:35] Ep. 405 : Up. 25500 : Sen. 15,204 : Cost 1.12587631 * 612,767 @ 999 after 31,302,439 : Time 122.79s : 4990.20 words/s : gNorm 0.3826 : L.r. 2.3764e-04
[2026-07-03 17:29:38] Seen 20,000 samples
[2026-07-03 17:29:38] Starting data epoch 406 in logical epoch 406
[2026-07-03 17:29:38] [data] Shuffling data
[2026-07-03 17:29:38] [data] Done reading 20,000 sentences
[2026-07-03 17:29:38] [data] Done shuffling 20,000 sentences to temp files
[2026-07-03 17:29:53] Seen 20,000 samples
[2026-07-03 17:29:53] Starting data epoch 407 in logical epoch 407
[2026-07-03 17:29:53] [data] Shuffling data
[2026-07-03 17:29:53] [data] Done reading 20,000 sentences
[2026-07-03 17:29:53] [data] Done shuffling 20,000 sentences to temp files
[2026-07-03 17:30:08] Seen 20,000 samples
[2026-07-03 17:30:08] Starting data epoch 408 in logical epoch 408
[2026-07-03 17:30:08] [data] Shuffling data
[2026-07-03 17:30:08] [data] Done reading 20,000 sentences
[2026-07-03 17:30:08] [data] Done shuffling 20,000 sentences to temp files
[2026-07-03 17:30:23] Seen 20,000 samples
[2026-07-03 17:30:23] Starting data epoch 409 in logical epoch 409
[2026-07-03 17:30:23] [data] Shuffling data
[2026-07-03 17:30:23] [data] Done reading 20,000 sentences
[2026-07-03 17:30:23] [data] Done shuffling 20,000 sentences to temp files
[2026-07-03 17:30:38] Seen 20,000 samples
[2026-07-03 17:30:38] Starting data epoch 410 in logical epoch 410
[2026-07-03 17:30:38] [data] Shuffling data
[2026-07-03 17:30:38] [data] Done reading 20,000 sentences
[2026-07-03 17:30:38] [data] Done shuffling 20,000 sentences to temp files
[2026-07-03 17:30:53] Seen 20,000 samples
[2026-07-03 17:30:53] Starting data epoch 411 in logical epoch 411
[2026-07-03 17:30:53] [data] Shuffling data
[2026-07-03 17:30:53] [data] Done reading 20,000 sentences
[2026-07-03 17:30:53] [data] Done shuffling 20,000 sentences to temp files
[2026-07-03 17:31:07] Seen 20,000 samples
[2026-07-03 17:31:07] Starting data epoch 412 in logical epoch 412
[2026-07-03 17:31:07] [data] Shuffling data
[2026-07-03 17:31:07] [data] Done reading 20,000 sentences
[2026-07-03 17:31:07] [data] Done shuffling 20,000 sentences to temp files
[2026-07-03 17:31:22] Seen 20,000 samples
[2026-07-03 17:31:22] Starting data epoch 413 in logical epoch 413
[2026-07-03 17:31:22] [data] Shuffling data
[2026-07-03 17:31:22] [data] Done reading 20,000 sentences
[2026-07-03 17:31:22] [data] Done shuffling 20,000 sentences to temp files
[2026-07-03 17:31:33] Ep. 413 : Up. 26000 : Sen. 14,042 : Cost 1.12493849 * 614,552 @ 999 after 31,916,991 : Time 117.75s : 5219.03 words/s : gNorm 0.4341 : L.r. 2.3534e-04
[2026-07-03 17:31:37] Seen 20,000 samples
[2026-07-03 17:31:37] Starting data epoch 414 in logical epoch 414
[2026-07-03 17:31:37] [data] Shuffling data
[2026-07-03 17:31:37] [data] Done reading 20,000 sentences
[2026-07-03 17:31:37] [data] Done shuffling 20,000 sentences to temp files
[2026-07-03 17:31:52] Seen 20,000 samples
[2026-07-03 17:31:52] Starting data epoch 415 in logical epoch 415
[2026-07-03 17:31:52] [data] Shuffling data
[2026-07-03 17:31:52] [data] Done reading 20,000 sentences
[2026-07-03 17:31:52] [data] Done shuffling 20,000 sentences to temp files
[2026-07-03 17:32:07] Seen 20,000 samples
[2026-07-03 17:32:07] Starting data epoch 416 in logical epoch 416
[2026-07-03 17:32:07] [data] Shuffling data
[2026-07-03 17:32:07] [data] Done reading 20,000 sentences
[2026-07-03 17:32:07] [data] Done shuffling 20,000 sentences to temp files
[2026-07-03 17:32:21] Seen 20,000 samples
[2026-07-03 17:32:21] Starting data epoch 417 in logical epoch 417
[2026-07-03 17:32:21] [data] Shuffling data
[2026-07-03 17:32:21] [data] Done reading 20,000 sentences
[2026-07-03 17:32:21] [data] Done shuffling 20,000 sentences to temp files
[2026-07-03 17:32:36] Seen 20,000 samples
[2026-07-03 17:32:36] Starting data epoch 418 in logical epoch 418
[2026-07-03 17:32:36] [data] Shuffling data
[2026-07-03 17:32:36] [data] Done reading 20,000 sentences
[2026-07-03 17:32:36] [data] Done shuffling 20,000 sentences to temp files
[2026-07-03 17:32:51] Seen 20,000 samples
[2026-07-03 17:32:51] Starting data epoch 419 in logical epoch 419
[2026-07-03 17:32:51] [data] Shuffling data
[2026-07-03 17:32:51] [data] Done reading 20,000 sentences
[2026-07-03 17:32:51] [data] Done shuffling 20,000 sentences to temp files
[2026-07-03 17:33:06] Seen 20,000 samples
[2026-07-03 17:33:06] Starting data epoch 420 in logical epoch 420
[2026-07-03 17:33:06] [data] Shuffling data
[2026-07-03 17:33:06] [data] Done reading 20,000 sentences
[2026-07-03 17:33:06] [data] Done shuffling 20,000 sentences to temp files
[2026-07-03 17:33:21] Seen 20,000 samples
[2026-07-03 17:33:21] Starting data epoch 421 in logical epoch 421
[2026-07-03 17:33:21] [data] Shuffling data
[2026-07-03 17:33:21] [data] Done reading 20,000 sentences
[2026-07-03 17:33:21] [data] Done shuffling 20,000 sentences to temp files
[2026-07-03 17:33:30] Ep. 421 : Up. 26500 : Sen. 12,800 : Cost 1.12520361 * 613,681 @ 999 after 32,530,672 : Time 117.73s : 5212.50 words/s : gNorm 0.5220 : L.r. 2.3311e-04
[2026-07-03 17:33:36] Seen 20,000 samples
[2026-07-03 17:33:36] Starting data epoch 422 in logical epoch 422
[2026-07-03 17:33:36] [data] Shuffling data
[2026-07-03 17:33:36] [data] Done reading 20,000 sentences
[2026-07-03 17:33:36] [data] Done shuffling 20,000 sentences to temp files
[2026-07-03 17:33:50] Seen 20,000 samples
[2026-07-03 17:33:50] Starting data epoch 423 in logical epoch 423
[2026-07-03 17:33:50] [data] Shuffling data
[2026-07-03 17:33:50] [data] Done reading 20,000 sentences
[2026-07-03 17:33:51] [data] Done shuffling 20,000 sentences to temp files
[2026-07-03 17:34:05] Seen 20,000 samples
[2026-07-03 17:34:05] Starting data epoch 424 in logical epoch 424
[2026-07-03 17:34:05] [data] Shuffling data
[2026-07-03 17:34:05] [data] Done reading 20,000 sentences
[2026-07-03 17:34:05] [data] Done shuffling 20,000 sentences to temp files
[2026-07-03 17:34:20] Seen 20,000 samples
[2026-07-03 17:34:20] Starting data epoch 425 in logical epoch 425
[2026-07-03 17:34:20] [data] Shuffling data
[2026-07-03 17:34:20] [data] Done reading 20,000 sentences
[2026-07-03 17:34:20] [data] Done shuffling 20,000 sentences to temp files
[2026-07-03 17:34:35] Seen 20,000 samples
[2026-07-03 17:34:35] Starting data epoch 426 in logical epoch 426
[2026-07-03 17:34:35] [data] Shuffling data
[2026-07-03 17:34:35] [data] Done reading 20,000 sentences
[2026-07-03 17:34:35] [data] Done shuffling 20,000 sentences to temp files
[2026-07-03 17:34:50] Seen 20,000 samples
[2026-07-03 17:34:50] Starting data epoch 427 in logical epoch 427
[2026-07-03 17:34:50] [data] Shuffling data
[2026-07-03 17:34:50] [data] Done reading 20,000 sentences
[2026-07-03 17:34:50] [data] Done shuffling 20,000 sentences to temp files
[2026-07-03 17:35:05] Seen 20,000 samples
[2026-07-03 17:35:05] Starting data epoch 428 in logical epoch 428
[2026-07-03 17:35:05] [data] Shuffling data
[2026-07-03 17:35:05] [data] Done reading 20,000 sentences
[2026-07-03 17:35:05] [data] Done shuffling 20,000 sentences to temp files
[2026-07-03 17:35:20] Seen 20,000 samples
[2026-07-03 17:35:20] Starting data epoch 429 in logical epoch 429
[2026-07-03 17:35:20] [data] Shuffling data
[2026-07-03 17:35:20] [data] Done reading 20,000 sentences
[2026-07-03 17:35:20] [data] Done shuffling 20,000 sentences to temp files
[2026-07-03 17:35:28] Ep. 429 : Up. 27000 : Sen. 11,468 : Cost 1.12354624 * 613,362 @ 999 after 33,144,034 : Time 117.76s : 5208.39 words/s : gNorm 0.3339 : L.r. 2.3094e-04
[2026-07-03 17:35:34] Seen 20,000 samples
[2026-07-03 17:35:34] Starting data epoch 430 in logical epoch 430
[2026-07-03 17:35:34] [data] Shuffling data
[2026-07-03 17:35:34] [data] Done reading 20,000 sentences
[2026-07-03 17:35:35] [data] Done shuffling 20,000 sentences to temp files
[2026-07-03 17:35:49] Seen 20,000 samples
[2026-07-03 17:35:49] Starting data epoch 431 in logical epoch 431
[2026-07-03 17:35:49] [data] Shuffling data
[2026-07-03 17:35:49] [data] Done reading 20,000 sentences
[2026-07-03 17:35:49] [data] Done shuffling 20,000 sentences to temp files
[2026-07-03 17:36:04] Seen 20,000 samples
[2026-07-03 17:36:04] Starting data epoch 432 in logical epoch 432
[2026-07-03 17:36:04] [data] Shuffling data
[2026-07-03 17:36:04] [data] Done reading 20,000 sentences
[2026-07-03 17:36:04] [data] Done shuffling 20,000 sentences to temp files
[2026-07-03 17:36:19] Seen 20,000 samples
[2026-07-03 17:36:19] Starting data epoch 433 in logical epoch 433
[2026-07-03 17:36:19] [data] Shuffling data
[2026-07-03 17:36:19] [data] Done reading 20,000 sentences
[2026-07-03 17:36:19] [data] Done shuffling 20,000 sentences to temp files
[2026-07-03 17:36:34] Seen 20,000 samples
[2026-07-03 17:36:34] Starting data epoch 434 in logical epoch 434
[2026-07-03 17:36:34] [data] Shuffling data
[2026-07-03 17:36:34] [data] Done reading 20,000 sentences
[2026-07-03 17:36:34] [data] Done shuffling 20,000 sentences to temp files
[2026-07-03 17:36:49] Seen 20,000 samples
[2026-07-03 17:36:49] Starting data epoch 435 in logical epoch 435
[2026-07-03 17:36:49] [data] Shuffling data
[2026-07-03 17:36:49] [data] Done reading 20,000 sentences
[2026-07-03 17:36:49] [data] Done shuffling 20,000 sentences to temp files
[2026-07-03 17:37:03] Seen 20,000 samples
[2026-07-03 17:37:03] Starting data epoch 436 in logical epoch 436
[2026-07-03 17:37:03] [data] Shuffling data
[2026-07-03 17:37:03] [data] Done reading 20,000 sentences
[2026-07-03 17:37:04] [data] Done shuffling 20,000 sentences to temp files
[2026-07-03 17:37:18] Seen 20,000 samples
[2026-07-03 17:37:18] Starting data epoch 437 in logical epoch 437
[2026-07-03 17:37:18] [data] Shuffling data
[2026-07-03 17:37:18] [data] Done reading 20,000 sentences
[2026-07-03 17:37:18] [data] Done shuffling 20,000 sentences to temp files
[2026-07-03 17:37:26] Ep. 437 : Up. 27500 : Sen. 10,396 : Cost 1.12434602 * 614,459 @ 999 after 33,758,493 : Time 117.83s : 5214.83 words/s : gNorm 0.2876 : L.r. 2.2883e-04
[2026-07-03 17:37:33] Seen 20,000 samples
[2026-07-03 17:37:33] Starting data epoch 438 in logical epoch 438
[2026-07-03 17:37:33] [data] Shuffling data
[2026-07-03 17:37:33] [data] Done reading 20,000 sentences
[2026-07-03 17:37:33] [data] Done shuffling 20,000 sentences to temp files
[2026-07-03 17:37:48] Seen 20,000 samples
[2026-07-03 17:37:48] Starting data epoch 439 in logical epoch 439
[2026-07-03 17:37:48] [data] Shuffling data
[2026-07-03 17:37:48] [data] Done reading 20,000 sentences
[2026-07-03 17:37:48] [data] Done shuffling 20,000 sentences to temp files
[2026-07-03 17:38:03] Seen 20,000 samples
[2026-07-03 17:38:03] Starting data epoch 440 in logical epoch 440
[2026-07-03 17:38:03] [data] Shuffling data
[2026-07-03 17:38:03] [data] Done reading 20,000 sentences
[2026-07-03 17:38:03] [data] Done shuffling 20,000 sentences to temp files
[2026-07-03 17:38:17] Seen 20,000 samples
[2026-07-03 17:38:17] Starting data epoch 441 in logical epoch 441
[2026-07-03 17:38:17] [data] Shuffling data
[2026-07-03 17:38:17] [data] Done reading 20,000 sentences
[2026-07-03 17:38:18] [data] Done shuffling 20,000 sentences to temp files
[2026-07-03 17:38:32] Seen 20,000 samples
[2026-07-03 17:38:32] Starting data epoch 442 in logical epoch 442
[2026-07-03 17:38:32] [data] Shuffling data
[2026-07-03 17:38:32] [data] Done reading 20,000 sentences
[2026-07-03 17:38:32] [data] Done shuffling 20,000 sentences to temp files
[2026-07-03 17:38:47] Seen 20,000 samples
[2026-07-03 17:38:47] Starting data epoch 443 in logical epoch 443
[2026-07-03 17:38:47] [data] Shuffling data
[2026-07-03 17:38:47] [data] Done reading 20,000 sentences
[2026-07-03 17:38:47] [data] Done shuffling 20,000 sentences to temp files
[2026-07-03 17:39:02] Seen 20,000 samples
[2026-07-03 17:39:02] Starting data epoch 444 in logical epoch 444
[2026-07-03 17:39:02] [data] Shuffling data
[2026-07-03 17:39:02] [data] Done reading 20,000 sentences
[2026-07-03 17:39:02] [data] Done shuffling 20,000 sentences to temp files
[2026-07-03 17:39:17] Seen 20,000 samples
[2026-07-03 17:39:17] Starting data epoch 445 in logical epoch 445
[2026-07-03 17:39:17] [data] Shuffling data
[2026-07-03 17:39:17] [data] Done reading 20,000 sentences
[2026-07-03 17:39:17] [data] Done shuffling 20,000 sentences to temp files
[2026-07-03 17:39:23] Ep. 445 : Up. 28000 : Sen. 8,894 : Cost 1.12333524 * 613,473 @ 1,332 after 34,371,966 : Time 117.53s : 5219.84 words/s : gNorm 0.4875 : L.r. 2.2678e-04
[2026-07-03 17:39:32] Seen 20,000 samples
[2026-07-03 17:39:32] Starting data epoch 446 in logical epoch 446
[2026-07-03 17:39:32] [data] Shuffling data
[2026-07-03 17:39:32] [data] Done reading 20,000 sentences
[2026-07-03 17:39:32] [data] Done shuffling 20,000 sentences to temp files
[2026-07-03 17:39:46] Seen 20,000 samples
[2026-07-03 17:39:46] Starting data epoch 447 in logical epoch 447
[2026-07-03 17:39:46] [data] Shuffling data
[2026-07-03 17:39:46] [data] Done reading 20,000 sentences
[2026-07-03 17:39:46] [data] Done shuffling 20,000 sentences to temp files
[2026-07-03 17:40:01] Seen 20,000 samples
[2026-07-03 17:40:01] Starting data epoch 448 in logical epoch 448
[2026-07-03 17:40:01] [data] Shuffling data
[2026-07-03 17:40:01] [data] Done reading 20,000 sentences
[2026-07-03 17:40:01] [data] Done shuffling 20,000 sentences to temp files
[2026-07-03 17:40:16] Seen 20,000 samples
[2026-07-03 17:40:16] Starting data epoch 449 in logical epoch 449
[2026-07-03 17:40:16] [data] Shuffling data
[2026-07-03 17:40:16] [data] Done reading 20,000 sentences
[2026-07-03 17:40:16] [data] Done shuffling 20,000 sentences to temp files
[2026-07-03 17:40:31] Seen 20,000 samples
[2026-07-03 17:40:31] Starting data epoch 450 in logical epoch 450
[2026-07-03 17:40:31] [data] Shuffling data
[2026-07-03 17:40:31] [data] Done reading 20,000 sentences
[2026-07-03 17:40:31] [data] Done shuffling 20,000 sentences to temp files
[2026-07-03 17:40:46] Seen 20,000 samples
[2026-07-03 17:40:46] Starting data epoch 451 in logical epoch 451
[2026-07-03 17:40:46] [data] Shuffling data
[2026-07-03 17:40:46] [data] Done reading 20,000 sentences
[2026-07-03 17:40:46] [data] Done shuffling 20,000 sentences to temp files
[2026-07-03 17:41:00] Seen 20,000 samples
[2026-07-03 17:41:00] Starting data epoch 452 in logical epoch 452
[2026-07-03 17:41:00] [data] Shuffling data
[2026-07-03 17:41:00] [data] Done reading 20,000 sentences
[2026-07-03 17:41:01] [data] Done shuffling 20,000 sentences to temp files
[2026-07-03 17:41:15] Seen 20,000 samples
[2026-07-03 17:41:15] Starting data epoch 453 in logical epoch 453
[2026-07-03 17:41:15] [data] Shuffling data
[2026-07-03 17:41:15] [data] Done reading 20,000 sentences
[2026-07-03 17:41:15] [data] Done shuffling 20,000 sentences to temp files
[2026-07-03 17:41:21] Ep. 453 : Up. 28500 : Sen. 7,732 : Cost 1.12283468 * 613,771 @ 1,332 after 34,985,737 : Time 117.58s : 5220.07 words/s : gNorm 0.3808 : L.r. 2.2478e-04
[2026-07-03 17:41:30] Seen 20,000 samples
[2026-07-03 17:41:30] Starting data epoch 454 in logical epoch 454
[2026-07-03 17:41:30] [data] Shuffling data
[2026-07-03 17:41:30] [data] Done reading 20,000 sentences
[2026-07-03 17:41:30] [data] Done shuffling 20,000 sentences to temp files
[2026-07-03 17:41:45] Seen 20,000 samples
[2026-07-03 17:41:45] Starting data epoch 455 in logical epoch 455
[2026-07-03 17:41:45] [data] Shuffling data
[2026-07-03 17:41:45] [data] Done reading 20,000 sentences
[2026-07-03 17:41:45] [data] Done shuffling 20,000 sentences to temp files
[2026-07-03 17:42:00] Seen 20,000 samples
[2026-07-03 17:42:00] Starting data epoch 456 in logical epoch 456
[2026-07-03 17:42:00] [data] Shuffling data
[2026-07-03 17:42:00] [data] Done reading 20,000 sentences
[2026-07-03 17:42:00] [data] Done shuffling 20,000 sentences to temp files
[2026-07-03 17:42:14] Seen 20,000 samples
[2026-07-03 17:42:14] Starting data epoch 457 in logical epoch 457
[2026-07-03 17:42:14] [data] Shuffling data
[2026-07-03 17:42:14] [data] Done reading 20,000 sentences
[2026-07-03 17:42:15] [data] Done shuffling 20,000 sentences to temp files
[2026-07-03 17:42:29] Seen 20,000 samples
[2026-07-03 17:42:29] Starting data epoch 458 in logical epoch 458
[2026-07-03 17:42:29] [data] Shuffling data
[2026-07-03 17:42:29] [data] Done reading 20,000 sentences
[2026-07-03 17:42:29] [data] Done shuffling 20,000 sentences to temp files
[2026-07-03 17:42:44] Seen 20,000 samples
[2026-07-03 17:42:44] Starting data epoch 459 in logical epoch 459
[2026-07-03 17:42:44] [data] Shuffling data
[2026-07-03 17:42:44] [data] Done reading 20,000 sentences
[2026-07-03 17:42:44] [data] Done shuffling 20,000 sentences to temp files
[2026-07-03 17:42:59] Seen 20,000 samples
[2026-07-03 17:42:59] Starting data epoch 460 in logical epoch 460
[2026-07-03 17:42:59] [data] Shuffling data
[2026-07-03 17:42:59] [data] Done reading 20,000 sentences
[2026-07-03 17:42:59] [data] Done shuffling 20,000 sentences to temp files
[2026-07-03 17:43:14] Seen 20,000 samples
[2026-07-03 17:43:14] Starting data epoch 461 in logical epoch 461
[2026-07-03 17:43:14] [data] Shuffling data
[2026-07-03 17:43:14] [data] Done reading 20,000 sentences
[2026-07-03 17:43:14] [data] Done shuffling 20,000 sentences to temp files
[2026-07-03 17:43:19] Ep. 461 : Up. 29000 : Sen. 6,400 : Cost 1.12230194 * 613,681 @ 999 after 35,599,418 : Time 117.73s : 5212.62 words/s : gNorm 0.3037 : L.r. 2.2283e-04
[2026-07-03 17:43:29] Seen 20,000 samples
[2026-07-03 17:43:29] Starting data epoch 462 in logical epoch 462
[2026-07-03 17:43:29] [data] Shuffling data
[2026-07-03 17:43:29] [data] Done reading 20,000 sentences
[2026-07-03 17:43:29] [data] Done shuffling 20,000 sentences to temp files
[2026-07-03 17:43:44] Seen 20,000 samples
[2026-07-03 17:43:44] Starting data epoch 463 in logical epoch 463
[2026-07-03 17:43:44] [data] Shuffling data
[2026-07-03 17:43:44] [data] Done reading 20,000 sentences
[2026-07-03 17:43:44] [data] Done shuffling 20,000 sentences to temp files
[2026-07-03 17:43:58] Seen 20,000 samples
[2026-07-03 17:43:58] Starting data epoch 464 in logical epoch 464
[2026-07-03 17:43:58] [data] Shuffling data
[2026-07-03 17:43:58] [data] Done reading 20,000 sentences
[2026-07-03 17:43:58] [data] Done shuffling 20,000 sentences to temp files
[2026-07-03 17:44:13] Seen 20,000 samples
[2026-07-03 17:44:13] Starting data epoch 465 in logical epoch 465
[2026-07-03 17:44:13] [data] Shuffling data
[2026-07-03 17:44:13] [data] Done reading 20,000 sentences
[2026-07-03 17:44:13] [data] Done shuffling 20,000 sentences to temp files
[2026-07-03 17:44:28] Seen 20,000 samples
[2026-07-03 17:44:28] Starting data epoch 466 in logical epoch 466
[2026-07-03 17:44:28] [data] Shuffling data
[2026-07-03 17:44:28] [data] Done reading 20,000 sentences
[2026-07-03 17:44:28] [data] Done shuffling 20,000 sentences to temp files
[2026-07-03 17:44:43] Seen 20,000 samples
[2026-07-03 17:44:43] Starting data epoch 467 in logical epoch 467
[2026-07-03 17:44:43] [data] Shuffling data
[2026-07-03 17:44:43] [data] Done reading 20,000 sentences
[2026-07-03 17:44:43] [data] Done shuffling 20,000 sentences to temp files
[2026-07-03 17:44:58] Seen 20,000 samples
[2026-07-03 17:44:58] Starting data epoch 468 in logical epoch 468
[2026-07-03 17:44:58] [data] Shuffling data
[2026-07-03 17:44:58] [data] Done reading 20,000 sentences
[2026-07-03 17:44:58] [data] Done shuffling 20,000 sentences to temp files
[2026-07-03 17:45:12] Seen 20,000 samples
[2026-07-03 17:45:12] Starting data epoch 469 in logical epoch 469
[2026-07-03 17:45:12] [data] Shuffling data
[2026-07-03 17:45:12] [data] Done reading 20,000 sentences
[2026-07-03 17:45:13] [data] Done shuffling 20,000 sentences to temp files
[2026-07-03 17:45:16] Ep. 469 : Up. 29500 : Sen. 5,068 : Cost 1.12172294 * 613,570 @ 999 after 36,212,988 : Time 117.69s : 5213.27 words/s : gNorm 0.3063 : L.r. 2.2094e-04
[2026-07-03 17:45:27] Seen 20,000 samples
[2026-07-03 17:45:27] Starting data epoch 470 in logical epoch 470
[2026-07-03 17:45:27] [data] Shuffling data
[2026-07-03 17:45:27] [data] Done reading 20,000 sentences
[2026-07-03 17:45:27] [data] Done shuffling 20,000 sentences to temp files
[2026-07-03 17:45:42] Seen 20,000 samples
[2026-07-03 17:45:42] Starting data epoch 471 in logical epoch 471
[2026-07-03 17:45:42] [data] Shuffling data
[2026-07-03 17:45:42] [data] Done reading 20,000 sentences
[2026-07-03 17:45:42] [data] Done shuffling 20,000 sentences to temp files
[2026-07-03 17:45:57] Seen 20,000 samples
[2026-07-03 17:45:57] Starting data epoch 472 in logical epoch 472
[2026-07-03 17:45:57] [data] Shuffling data
[2026-07-03 17:45:57] [data] Done reading 20,000 sentences
[2026-07-03 17:45:57] [data] Done shuffling 20,000 sentences to temp files
[2026-07-03 17:46:12] Seen 20,000 samples
[2026-07-03 17:46:12] Starting data epoch 473 in logical epoch 473
[2026-07-03 17:46:12] [data] Shuffling data
[2026-07-03 17:46:12] [data] Done reading 20,000 sentences
[2026-07-03 17:46:12] [data] Done shuffling 20,000 sentences to temp files
[2026-07-03 17:46:27] Seen 20,000 samples
[2026-07-03 17:46:27] Starting data epoch 474 in logical epoch 474
[2026-07-03 17:46:27] [data] Shuffling data
[2026-07-03 17:46:27] [data] Done reading 20,000 sentences
[2026-07-03 17:46:27] [data] Done shuffling 20,000 sentences to temp files
[2026-07-03 17:46:41] Seen 20,000 samples
[2026-07-03 17:46:41] Starting data epoch 475 in logical epoch 475
[2026-07-03 17:46:41] [data] Shuffling data
[2026-07-03 17:46:41] [data] Done reading 20,000 sentences
[2026-07-03 17:46:41] [data] Done shuffling 20,000 sentences to temp files
[2026-07-03 17:46:56] Seen 20,000 samples
[2026-07-03 17:46:56] Starting data epoch 476 in logical epoch 476
[2026-07-03 17:46:56] [data] Shuffling data
[2026-07-03 17:46:56] [data] Done reading 20,000 sentences
[2026-07-03 17:46:56] [data] Done shuffling 20,000 sentences to temp files
[2026-07-03 17:47:11] Seen 20,000 samples
[2026-07-03 17:47:11] Starting data epoch 477 in logical epoch 477
[2026-07-03 17:47:11] [data] Shuffling data
[2026-07-03 17:47:11] [data] Done reading 20,000 sentences
[2026-07-03 17:47:11] [data] Done shuffling 20,000 sentences to temp files
[2026-07-03 17:47:14] Ep. 477 : Up. 30000 : Sen. 3,736 : Cost 1.12184846 * 612,713 @ 999 after 36,825,701 : Time 117.60s : 5210.25 words/s : gNorm 0.4099 : L.r. 2.1909e-04
[2026-07-03 17:47:14] Saving model weights and runtime parameters to model.transformer.phmy/model.iter30000.npz
[2026-07-03 17:47:14] Saving model weights and runtime parameters to model.transformer.phmy/model.npz
[2026-07-03 17:47:14] Saving Adam parameters
[2026-07-03 17:47:15] [training] Saving training checkpoint to model.transformer.phmy/model.npz and model.transformer.phmy/model.npz.optimizer.npz
[2026-07-03 17:47:16] [valid] Ep. 477 : Up. 30000 : cross-entropy : 2.57104 : stalled 5 times (last best: 1.83935)
[2026-07-03 17:47:17] [valid] Ep. 477 : Up. 30000 : perplexity : 1.95215 : stalled 5 times (last best: 1.61375)
[2026-07-03 17:47:19] [valid] Ep. 477 : Up. 30000 : bleu : 75.4994 : stalled 5 times (last best: 76.1047)
[2026-07-03 17:47:32] Seen 20,000 samples
[2026-07-03 17:47:32] Starting data epoch 478 in logical epoch 478
[2026-07-03 17:47:32] [data] Shuffling data
[2026-07-03 17:47:32] [data] Done reading 20,000 sentences
[2026-07-03 17:47:32] [data] Done shuffling 20,000 sentences to temp files
[2026-07-03 17:47:46] Seen 20,000 samples
[2026-07-03 17:47:46] Starting data epoch 479 in logical epoch 479
[2026-07-03 17:47:46] [data] Shuffling data
[2026-07-03 17:47:46] [data] Done reading 20,000 sentences
[2026-07-03 17:47:46] [data] Done shuffling 20,000 sentences to temp files
[2026-07-03 17:48:01] Seen 20,000 samples
[2026-07-03 17:48:01] Starting data epoch 480 in logical epoch 480
[2026-07-03 17:48:01] [data] Shuffling data
[2026-07-03 17:48:01] [data] Done reading 20,000 sentences
[2026-07-03 17:48:01] [data] Done shuffling 20,000 sentences to temp files
[2026-07-03 17:48:16] Seen 20,000 samples
[2026-07-03 17:48:16] Starting data epoch 481 in logical epoch 481
[2026-07-03 17:48:16] [data] Shuffling data
[2026-07-03 17:48:16] [data] Done reading 20,000 sentences
[2026-07-03 17:48:16] [data] Done shuffling 20,000 sentences to temp files
[2026-07-03 17:48:31] Seen 20,000 samples
[2026-07-03 17:48:31] Starting data epoch 482 in logical epoch 482
[2026-07-03 17:48:31] [data] Shuffling data
[2026-07-03 17:48:31] [data] Done reading 20,000 sentences
[2026-07-03 17:48:31] [data] Done shuffling 20,000 sentences to temp files
[2026-07-03 17:48:46] Seen 20,000 samples
[2026-07-03 17:48:46] Starting data epoch 483 in logical epoch 483
[2026-07-03 17:48:46] [data] Shuffling data
[2026-07-03 17:48:46] [data] Done reading 20,000 sentences
[2026-07-03 17:48:46] [data] Done shuffling 20,000 sentences to temp files
[2026-07-03 17:49:00] Seen 20,000 samples
[2026-07-03 17:49:00] Starting data epoch 484 in logical epoch 484
[2026-07-03 17:49:00] [data] Shuffling data
[2026-07-03 17:49:00] [data] Done reading 20,000 sentences
[2026-07-03 17:49:01] [data] Done shuffling 20,000 sentences to temp files
[2026-07-03 17:49:15] Seen 20,000 samples
[2026-07-03 17:49:15] Starting data epoch 485 in logical epoch 485
[2026-07-03 17:49:15] [data] Shuffling data
[2026-07-03 17:49:15] [data] Done reading 20,000 sentences
[2026-07-03 17:49:15] [data] Done shuffling 20,000 sentences to temp files
[2026-07-03 17:49:17] Ep. 485 : Up. 30500 : Sen. 2,494 : Cost 1.12155163 * 614,902 @ 999 after 37,440,603 : Time 123.21s : 4990.54 words/s : gNorm 0.4147 : L.r. 2.1729e-04
[2026-07-03 17:49:30] Seen 20,000 samples
[2026-07-03 17:49:30] Starting data epoch 486 in logical epoch 486
[2026-07-03 17:49:30] [data] Shuffling data
[2026-07-03 17:49:30] [data] Done reading 20,000 sentences
[2026-07-03 17:49:30] [data] Done shuffling 20,000 sentences to temp files
[2026-07-03 17:49:45] Seen 20,000 samples
[2026-07-03 17:49:45] Starting data epoch 487 in logical epoch 487
[2026-07-03 17:49:45] [data] Shuffling data
[2026-07-03 17:49:45] [data] Done reading 20,000 sentences
[2026-07-03 17:49:45] [data] Done shuffling 20,000 sentences to temp files
[2026-07-03 17:49:59] Seen 20,000 samples
[2026-07-03 17:49:59] Starting data epoch 488 in logical epoch 488
[2026-07-03 17:49:59] [data] Shuffling data
[2026-07-03 17:49:59] [data] Done reading 20,000 sentences
[2026-07-03 17:50:00] [data] Done shuffling 20,000 sentences to temp files
[2026-07-03 17:50:14] Seen 20,000 samples
[2026-07-03 17:50:14] Starting data epoch 489 in logical epoch 489
[2026-07-03 17:50:14] [data] Shuffling data
[2026-07-03 17:50:14] [data] Done reading 20,000 sentences
[2026-07-03 17:50:14] [data] Done shuffling 20,000 sentences to temp files
[2026-07-03 17:50:29] Seen 20,000 samples
[2026-07-03 17:50:29] Starting data epoch 490 in logical epoch 490
[2026-07-03 17:50:29] [data] Shuffling data
[2026-07-03 17:50:29] [data] Done reading 20,000 sentences
[2026-07-03 17:50:29] [data] Done shuffling 20,000 sentences to temp files
[2026-07-03 17:50:44] Seen 20,000 samples
[2026-07-03 17:50:44] Starting data epoch 491 in logical epoch 491
[2026-07-03 17:50:44] [data] Shuffling data
[2026-07-03 17:50:44] [data] Done reading 20,000 sentences
[2026-07-03 17:50:44] [data] Done shuffling 20,000 sentences to temp files
[2026-07-03 17:50:59] Seen 20,000 samples
[2026-07-03 17:50:59] Starting data epoch 492 in logical epoch 492
[2026-07-03 17:50:59] [data] Shuffling data
[2026-07-03 17:50:59] [data] Done reading 20,000 sentences
[2026-07-03 17:50:59] [data] Done shuffling 20,000 sentences to temp files
[2026-07-03 17:51:14] Seen 20,000 samples
[2026-07-03 17:51:14] Starting data epoch 493 in logical epoch 493
[2026-07-03 17:51:14] [data] Shuffling data
[2026-07-03 17:51:14] [data] Done reading 20,000 sentences
[2026-07-03 17:51:14] [data] Done shuffling 20,000 sentences to temp files
[2026-07-03 17:51:15] Ep. 493 : Up. 31000 : Sen. 1,072 : Cost 1.12060332 * 612,887 @ 999 after 38,053,490 : Time 117.64s : 5209.63 words/s : gNorm 0.3176 : L.r. 2.1553e-04
[2026-07-03 17:51:29] Seen 20,000 samples
[2026-07-03 17:51:29] Starting data epoch 494 in logical epoch 494
[2026-07-03 17:51:29] [data] Shuffling data
[2026-07-03 17:51:29] [data] Done reading 20,000 sentences
[2026-07-03 17:51:29] [data] Done shuffling 20,000 sentences to temp files
[2026-07-03 17:51:43] Seen 20,000 samples
[2026-07-03 17:51:43] Starting data epoch 495 in logical epoch 495
[2026-07-03 17:51:43] [data] Shuffling data
[2026-07-03 17:51:43] [data] Done reading 20,000 sentences
[2026-07-03 17:51:44] [data] Done shuffling 20,000 sentences to temp files
[2026-07-03 17:51:58] Seen 20,000 samples
[2026-07-03 17:51:58] Starting data epoch 496 in logical epoch 496
[2026-07-03 17:51:58] [data] Shuffling data
[2026-07-03 17:51:58] [data] Done reading 20,000 sentences
[2026-07-03 17:51:58] [data] Done shuffling 20,000 sentences to temp files
[2026-07-03 17:52:13] Seen 20,000 samples
[2026-07-03 17:52:13] Starting data epoch 497 in logical epoch 497
[2026-07-03 17:52:13] [data] Shuffling data
[2026-07-03 17:52:13] [data] Done reading 20,000 sentences
[2026-07-03 17:52:13] [data] Done shuffling 20,000 sentences to temp files
[2026-07-03 17:52:28] Seen 20,000 samples
[2026-07-03 17:52:28] Starting data epoch 498 in logical epoch 498
[2026-07-03 17:52:28] [data] Shuffling data
[2026-07-03 17:52:28] [data] Done reading 20,000 sentences
[2026-07-03 17:52:28] [data] Done shuffling 20,000 sentences to temp files
[2026-07-03 17:52:43] Seen 20,000 samples
[2026-07-03 17:52:43] Starting data epoch 499 in logical epoch 499
[2026-07-03 17:52:43] [data] Shuffling data
[2026-07-03 17:52:43] [data] Done reading 20,000 sentences
[2026-07-03 17:52:43] [data] Done shuffling 20,000 sentences to temp files
[2026-07-03 17:52:58] Seen 20,000 samples
[2026-07-03 17:52:58] Starting data epoch 500 in logical epoch 500
[2026-07-03 17:52:58] [data] Shuffling data
[2026-07-03 17:52:58] [data] Done reading 20,000 sentences
[2026-07-03 17:52:58] [data] Done shuffling 20,000 sentences to temp files
[2026-07-03 17:53:13] Ep. 500 : Up. 31500 : Sen. 20,000 : Cost 1.12036467 * 614,510 @ 1,093 after 38,668,000 : Time 117.75s : 5218.87 words/s : gNorm 0.3687 : L.r. 2.1381e-04
[2026-07-03 17:53:13] Seen 20,000 samples
[2026-07-03 17:53:13] Starting data epoch 501 in logical epoch 501
[2026-07-03 17:53:13] [data] Shuffling data
[2026-07-03 17:53:13] [data] Done reading 20,000 sentences
[2026-07-03 17:53:13] [data] Done shuffling 20,000 sentences to temp files
[2026-07-03 17:53:27] Seen 20,000 samples
[2026-07-03 17:53:27] Starting data epoch 502 in logical epoch 502
[2026-07-03 17:53:27] [data] Shuffling data
[2026-07-03 17:53:27] [data] Done reading 20,000 sentences
[2026-07-03 17:53:27] [data] Done shuffling 20,000 sentences to temp files
[2026-07-03 17:53:42] Seen 20,000 samples
[2026-07-03 17:53:42] Starting data epoch 503 in logical epoch 503
[2026-07-03 17:53:42] [data] Shuffling data
[2026-07-03 17:53:42] [data] Done reading 20,000 sentences
[2026-07-03 17:53:42] [data] Done shuffling 20,000 sentences to temp files
[2026-07-03 17:53:57] Seen 20,000 samples
[2026-07-03 17:53:57] Starting data epoch 504 in logical epoch 504
[2026-07-03 17:53:57] [data] Shuffling data
[2026-07-03 17:53:57] [data] Done reading 20,000 sentences
[2026-07-03 17:53:57] [data] Done shuffling 20,000 sentences to temp files
[2026-07-03 17:54:12] Seen 20,000 samples
[2026-07-03 17:54:12] Starting data epoch 505 in logical epoch 505
[2026-07-03 17:54:12] [data] Shuffling data
[2026-07-03 17:54:12] [data] Done reading 20,000 sentences
[2026-07-03 17:54:12] [data] Done shuffling 20,000 sentences to temp files
[2026-07-03 17:54:27] Seen 20,000 samples
[2026-07-03 17:54:27] Starting data epoch 506 in logical epoch 506
[2026-07-03 17:54:27] [data] Shuffling data
[2026-07-03 17:54:27] [data] Done reading 20,000 sentences
[2026-07-03 17:54:27] [data] Done shuffling 20,000 sentences to temp files
[2026-07-03 17:54:42] Seen 20,000 samples
[2026-07-03 17:54:42] Starting data epoch 507 in logical epoch 507
[2026-07-03 17:54:42] [data] Shuffling data
[2026-07-03 17:54:42] [data] Done reading 20,000 sentences
[2026-07-03 17:54:42] [data] Done shuffling 20,000 sentences to temp files
[2026-07-03 17:54:56] Seen 20,000 samples
[2026-07-03 17:54:56] Starting data epoch 508 in logical epoch 508
[2026-07-03 17:54:56] [data] Shuffling data
[2026-07-03 17:54:56] [data] Done reading 20,000 sentences
[2026-07-03 17:54:56] [data] Done shuffling 20,000 sentences to temp files
[2026-07-03 17:55:10] Ep. 508 : Up. 32000 : Sen. 18,867 : Cost 1.11984825 * 613,455 @ 1,332 after 39,281,455 : Time 117.32s : 5228.87 words/s : gNorm 0.4024 : L.r. 2.1213e-04
[2026-07-03 17:55:11] Seen 20,000 samples
[2026-07-03 17:55:11] Starting data epoch 509 in logical epoch 509
[2026-07-03 17:55:11] [data] Shuffling data
[2026-07-03 17:55:11] [data] Done reading 20,000 sentences
[2026-07-03 17:55:11] [data] Done shuffling 20,000 sentences to temp files
[2026-07-03 17:55:26] Seen 20,000 samples
[2026-07-03 17:55:26] Starting data epoch 510 in logical epoch 510
[2026-07-03 17:55:26] [data] Shuffling data
[2026-07-03 17:55:26] [data] Done reading 20,000 sentences
[2026-07-03 17:55:26] [data] Done shuffling 20,000 sentences to temp files
[2026-07-03 17:55:41] Seen 20,000 samples
[2026-07-03 17:55:41] Starting data epoch 511 in logical epoch 511
[2026-07-03 17:55:41] [data] Shuffling data
[2026-07-03 17:55:41] [data] Done reading 20,000 sentences
[2026-07-03 17:55:41] [data] Done shuffling 20,000 sentences to temp files
[2026-07-03 17:55:56] Seen 20,000 samples
[2026-07-03 17:55:56] Starting data epoch 512 in logical epoch 512
[2026-07-03 17:55:56] [data] Shuffling data
[2026-07-03 17:55:56] [data] Done reading 20,000 sentences
[2026-07-03 17:55:56] [data] Done shuffling 20,000 sentences to temp files
[2026-07-03 17:56:11] Seen 20,000 samples
[2026-07-03 17:56:11] Starting data epoch 513 in logical epoch 513
[2026-07-03 17:56:11] [data] Shuffling data
[2026-07-03 17:56:11] [data] Done reading 20,000 sentences
[2026-07-03 17:56:11] [data] Done shuffling 20,000 sentences to temp files
[2026-07-03 17:56:26] Seen 20,000 samples
[2026-07-03 17:56:26] Starting data epoch 514 in logical epoch 514
[2026-07-03 17:56:26] [data] Shuffling data
[2026-07-03 17:56:26] [data] Done reading 20,000 sentences
[2026-07-03 17:56:26] [data] Done shuffling 20,000 sentences to temp files
[2026-07-03 17:56:40] Seen 20,000 samples
[2026-07-03 17:56:40] Starting data epoch 515 in logical epoch 515
[2026-07-03 17:56:40] [data] Shuffling data
[2026-07-03 17:56:40] [data] Done reading 20,000 sentences
[2026-07-03 17:56:41] [data] Done shuffling 20,000 sentences to temp files
[2026-07-03 17:56:55] Seen 20,000 samples
[2026-07-03 17:56:55] Starting data epoch 516 in logical epoch 516
[2026-07-03 17:56:55] [data] Shuffling data
[2026-07-03 17:56:55] [data] Done reading 20,000 sentences
[2026-07-03 17:56:55] [data] Done shuffling 20,000 sentences to temp files
[2026-07-03 17:57:08] Ep. 516 : Up. 32500 : Sen. 17,795 : Cost 1.12087953 * 615,211 @ 1,332 after 39,896,666 : Time 118.43s : 5194.56 words/s : gNorm 0.4736 : L.r. 2.1049e-04
[2026-07-03 17:57:10] Seen 20,000 samples
[2026-07-03 17:57:10] Starting data epoch 517 in logical epoch 517
[2026-07-03 17:57:10] [data] Shuffling data
[2026-07-03 17:57:10] [data] Done reading 20,000 sentences
[2026-07-03 17:57:10] [data] Done shuffling 20,000 sentences to temp files
[2026-07-03 17:57:25] Seen 20,000 samples
[2026-07-03 17:57:25] Starting data epoch 518 in logical epoch 518
[2026-07-03 17:57:25] [data] Shuffling data
[2026-07-03 17:57:25] [data] Done reading 20,000 sentences
[2026-07-03 17:57:25] [data] Done shuffling 20,000 sentences to temp files
[2026-07-03 17:57:40] Seen 20,000 samples
[2026-07-03 17:57:40] Starting data epoch 519 in logical epoch 519
[2026-07-03 17:57:40] [data] Shuffling data
[2026-07-03 17:57:40] [data] Done reading 20,000 sentences
[2026-07-03 17:57:40] [data] Done shuffling 20,000 sentences to temp files
[2026-07-03 17:57:55] Seen 20,000 samples
[2026-07-03 17:57:55] Starting data epoch 520 in logical epoch 520
[2026-07-03 17:57:55] [data] Shuffling data
[2026-07-03 17:57:55] [data] Done reading 20,000 sentences
[2026-07-03 17:57:55] [data] Done shuffling 20,000 sentences to temp files
[2026-07-03 17:58:09] Seen 20,000 samples
[2026-07-03 17:58:09] Starting data epoch 521 in logical epoch 521
[2026-07-03 17:58:09] [data] Shuffling data
[2026-07-03 17:58:09] [data] Done reading 20,000 sentences
[2026-07-03 17:58:10] [data] Done shuffling 20,000 sentences to temp files
[2026-07-03 17:58:24] Seen 20,000 samples
[2026-07-03 17:58:24] Starting data epoch 522 in logical epoch 522
[2026-07-03 17:58:24] [data] Shuffling data
[2026-07-03 17:58:24] [data] Done reading 20,000 sentences
[2026-07-03 17:58:24] [data] Done shuffling 20,000 sentences to temp files
[2026-07-03 17:58:39] Seen 20,000 samples
[2026-07-03 17:58:39] Starting data epoch 523 in logical epoch 523
[2026-07-03 17:58:39] [data] Shuffling data
[2026-07-03 17:58:39] [data] Done reading 20,000 sentences
[2026-07-03 17:58:39] [data] Done shuffling 20,000 sentences to temp files
[2026-07-03 17:58:54] Seen 20,000 samples
[2026-07-03 17:58:54] Starting data epoch 524 in logical epoch 524
[2026-07-03 17:58:54] [data] Shuffling data
[2026-07-03 17:58:54] [data] Done reading 20,000 sentences
[2026-07-03 17:58:54] [data] Done shuffling 20,000 sentences to temp files
[2026-07-03 17:59:06] Ep. 524 : Up. 33000 : Sen. 16,463 : Cost 1.12043738 * 613,292 @ 999 after 40,509,958 : Time 117.48s : 5220.26 words/s : gNorm 0.4080 : L.r. 2.0889e-04
[2026-07-03 17:59:09] Seen 20,000 samples
[2026-07-03 17:59:09] Starting data epoch 525 in logical epoch 525
[2026-07-03 17:59:09] [data] Shuffling data
[2026-07-03 17:59:09] [data] Done reading 20,000 sentences
[2026-07-03 17:59:09] [data] Done shuffling 20,000 sentences to temp files
[2026-07-03 17:59:24] Seen 20,000 samples
[2026-07-03 17:59:24] Starting data epoch 526 in logical epoch 526
[2026-07-03 17:59:24] [data] Shuffling data
[2026-07-03 17:59:24] [data] Done reading 20,000 sentences
[2026-07-03 17:59:24] [data] Done shuffling 20,000 sentences to temp files
[2026-07-03 17:59:38] Seen 20,000 samples
[2026-07-03 17:59:38] Starting data epoch 527 in logical epoch 527
[2026-07-03 17:59:38] [data] Shuffling data
[2026-07-03 17:59:38] [data] Done reading 20,000 sentences
[2026-07-03 17:59:38] [data] Done shuffling 20,000 sentences to temp files
[2026-07-03 17:59:53] Seen 20,000 samples
[2026-07-03 17:59:53] Starting data epoch 528 in logical epoch 528
[2026-07-03 17:59:53] [data] Shuffling data
[2026-07-03 17:59:53] [data] Done reading 20,000 sentences
[2026-07-03 17:59:53] [data] Done shuffling 20,000 sentences to temp files
[2026-07-03 18:00:08] Seen 20,000 samples
[2026-07-03 18:00:08] Starting data epoch 529 in logical epoch 529
[2026-07-03 18:00:08] [data] Shuffling data
[2026-07-03 18:00:08] [data] Done reading 20,000 sentences
[2026-07-03 18:00:08] [data] Done shuffling 20,000 sentences to temp files
[2026-07-03 18:00:23] Seen 20,000 samples
[2026-07-03 18:00:23] Starting data epoch 530 in logical epoch 530
[2026-07-03 18:00:23] [data] Shuffling data
[2026-07-03 18:00:23] [data] Done reading 20,000 sentences
[2026-07-03 18:00:23] [data] Done shuffling 20,000 sentences to temp files
[2026-07-03 18:00:38] Seen 20,000 samples
[2026-07-03 18:00:38] Starting data epoch 531 in logical epoch 531
[2026-07-03 18:00:38] [data] Shuffling data
[2026-07-03 18:00:38] [data] Done reading 20,000 sentences
[2026-07-03 18:00:38] [data] Done shuffling 20,000 sentences to temp files
[2026-07-03 18:00:52] Seen 20,000 samples
[2026-07-03 18:00:52] Starting data epoch 532 in logical epoch 532
[2026-07-03 18:00:52] [data] Shuffling data
[2026-07-03 18:00:52] [data] Done reading 20,000 sentences
[2026-07-03 18:00:52] [data] Done shuffling 20,000 sentences to temp files
[2026-07-03 18:01:04] Ep. 532 : Up. 33500 : Sen. 15,131 : Cost 1.11938870 * 615,179 @ 1,332 after 41,125,137 : Time 117.90s : 5217.82 words/s : gNorm 0.3763 : L.r. 2.0733e-04
[2026-07-03 18:01:07] Seen 20,000 samples
[2026-07-03 18:01:07] Starting data epoch 533 in logical epoch 533
[2026-07-03 18:01:07] [data] Shuffling data
[2026-07-03 18:01:07] [data] Done reading 20,000 sentences
[2026-07-03 18:01:07] [data] Done shuffling 20,000 sentences to temp files
[2026-07-03 18:01:22] Seen 20,000 samples
[2026-07-03 18:01:22] Starting data epoch 534 in logical epoch 534
[2026-07-03 18:01:22] [data] Shuffling data
[2026-07-03 18:01:22] [data] Done reading 20,000 sentences
[2026-07-03 18:01:22] [data] Done shuffling 20,000 sentences to temp files
[2026-07-03 18:01:37] Seen 20,000 samples
[2026-07-03 18:01:37] Starting data epoch 535 in logical epoch 535
[2026-07-03 18:01:37] [data] Shuffling data
[2026-07-03 18:01:37] [data] Done reading 20,000 sentences
[2026-07-03 18:01:37] [data] Done shuffling 20,000 sentences to temp files
[2026-07-03 18:01:52] Seen 20,000 samples
[2026-07-03 18:01:52] Starting data epoch 536 in logical epoch 536
[2026-07-03 18:01:52] [data] Shuffling data
[2026-07-03 18:01:52] [data] Done reading 20,000 sentences
[2026-07-03 18:01:52] [data] Done shuffling 20,000 sentences to temp files
[2026-07-03 18:02:07] Seen 20,000 samples
[2026-07-03 18:02:07] Starting data epoch 537 in logical epoch 537
[2026-07-03 18:02:07] [data] Shuffling data
[2026-07-03 18:02:07] [data] Done reading 20,000 sentences
[2026-07-03 18:02:07] [data] Done shuffling 20,000 sentences to temp files
[2026-07-03 18:02:22] Seen 20,000 samples
[2026-07-03 18:02:22] Starting data epoch 538 in logical epoch 538
[2026-07-03 18:02:22] [data] Shuffling data
[2026-07-03 18:02:22] [data] Done reading 20,000 sentences
[2026-07-03 18:02:22] [data] Done shuffling 20,000 sentences to temp files
[2026-07-03 18:02:37] Seen 20,000 samples
[2026-07-03 18:02:37] Starting data epoch 539 in logical epoch 539
[2026-07-03 18:02:37] [data] Shuffling data
[2026-07-03 18:02:37] [data] Done reading 20,000 sentences
[2026-07-03 18:02:37] [data] Done shuffling 20,000 sentences to temp files
[2026-07-03 18:02:51] Seen 20,000 samples
[2026-07-03 18:02:51] Starting data epoch 540 in logical epoch 540
[2026-07-03 18:02:51] [data] Shuffling data
[2026-07-03 18:02:51] [data] Done reading 20,000 sentences
[2026-07-03 18:02:52] [data] Done shuffling 20,000 sentences to temp files
[2026-07-03 18:03:02] Ep. 540 : Up. 34000 : Sen. 13,629 : Cost 1.11932552 * 612,407 @ 1,600 after 41,737,544 : Time 117.96s : 5191.76 words/s : gNorm 0.2515 : L.r. 2.0580e-04
[2026-07-03 18:03:06] Seen 20,000 samples
[2026-07-03 18:03:06] Starting data epoch 541 in logical epoch 541
[2026-07-03 18:03:06] [data] Shuffling data
[2026-07-03 18:03:06] [data] Done reading 20,000 sentences
[2026-07-03 18:03:06] [data] Done shuffling 20,000 sentences to temp files
[2026-07-03 18:03:21] Seen 20,000 samples
[2026-07-03 18:03:21] Starting data epoch 542 in logical epoch 542
[2026-07-03 18:03:21] [data] Shuffling data
[2026-07-03 18:03:21] [data] Done reading 20,000 sentences
[2026-07-03 18:03:21] [data] Done shuffling 20,000 sentences to temp files
[2026-07-03 18:03:36] Seen 20,000 samples
[2026-07-03 18:03:36] Starting data epoch 543 in logical epoch 543
[2026-07-03 18:03:36] [data] Shuffling data
[2026-07-03 18:03:36] [data] Done reading 20,000 sentences
[2026-07-03 18:03:36] [data] Done shuffling 20,000 sentences to temp files
[2026-07-03 18:03:51] Seen 20,000 samples
[2026-07-03 18:03:51] Starting data epoch 544 in logical epoch 544
[2026-07-03 18:03:51] [data] Shuffling data
[2026-07-03 18:03:51] [data] Done reading 20,000 sentences
[2026-07-03 18:03:51] [data] Done shuffling 20,000 sentences to temp files
[2026-07-03 18:04:06] Seen 20,000 samples
[2026-07-03 18:04:06] Starting data epoch 545 in logical epoch 545
[2026-07-03 18:04:06] [data] Shuffling data
[2026-07-03 18:04:06] [data] Done reading 20,000 sentences
[2026-07-03 18:04:06] [data] Done shuffling 20,000 sentences to temp files
[2026-07-03 18:04:20] Seen 20,000 samples
[2026-07-03 18:04:20] Starting data epoch 546 in logical epoch 546
[2026-07-03 18:04:20] [data] Shuffling data
[2026-07-03 18:04:20] [data] Done reading 20,000 sentences
[2026-07-03 18:04:21] [data] Done shuffling 20,000 sentences to temp files
[2026-07-03 18:04:35] Seen 20,000 samples
[2026-07-03 18:04:35] Starting data epoch 547 in logical epoch 547
[2026-07-03 18:04:35] [data] Shuffling data
[2026-07-03 18:04:35] [data] Done reading 20,000 sentences
[2026-07-03 18:04:35] [data] Done shuffling 20,000 sentences to temp files
[2026-07-03 18:04:50] Seen 20,000 samples
[2026-07-03 18:04:50] Starting data epoch 548 in logical epoch 548
[2026-07-03 18:04:50] [data] Shuffling data
[2026-07-03 18:04:50] [data] Done reading 20,000 sentences
[2026-07-03 18:04:50] [data] Done shuffling 20,000 sentences to temp files
[2026-07-03 18:04:59] Ep. 548 : Up. 34500 : Sen. 12,467 : Cost 1.11896181 * 613,445 @ 999 after 42,350,989 : Time 117.78s : 5208.30 words/s : gNorm 0.3184 : L.r. 2.0430e-04
[2026-07-03 18:05:05] Seen 20,000 samples
[2026-07-03 18:05:05] Starting data epoch 549 in logical epoch 549
[2026-07-03 18:05:05] [data] Shuffling data
[2026-07-03 18:05:05] [data] Done reading 20,000 sentences
[2026-07-03 18:05:05] [data] Done shuffling 20,000 sentences to temp files
[2026-07-03 18:05:20] Seen 20,000 samples
[2026-07-03 18:05:20] Starting data epoch 550 in logical epoch 550
[2026-07-03 18:05:20] [data] Shuffling data
[2026-07-03 18:05:20] [data] Done reading 20,000 sentences
[2026-07-03 18:05:20] [data] Done shuffling 20,000 sentences to temp files
[2026-07-03 18:05:35] Seen 20,000 samples
[2026-07-03 18:05:35] Starting data epoch 551 in logical epoch 551
[2026-07-03 18:05:35] [data] Shuffling data
[2026-07-03 18:05:35] [data] Done reading 20,000 sentences
[2026-07-03 18:05:35] [data] Done shuffling 20,000 sentences to temp files
[2026-07-03 18:05:50] Seen 20,000 samples
[2026-07-03 18:05:50] Starting data epoch 552 in logical epoch 552
[2026-07-03 18:05:50] [data] Shuffling data
[2026-07-03 18:05:50] [data] Done reading 20,000 sentences
[2026-07-03 18:05:50] [data] Done shuffling 20,000 sentences to temp files
[2026-07-03 18:06:05] Seen 20,000 samples
[2026-07-03 18:06:05] Starting data epoch 553 in logical epoch 553
[2026-07-03 18:06:05] [data] Shuffling data
[2026-07-03 18:06:05] [data] Done reading 20,000 sentences
[2026-07-03 18:06:05] [data] Done shuffling 20,000 sentences to temp files
[2026-07-03 18:06:19] Seen 20,000 samples
[2026-07-03 18:06:19] Starting data epoch 554 in logical epoch 554
[2026-07-03 18:06:19] [data] Shuffling data
[2026-07-03 18:06:19] [data] Done reading 20,000 sentences
[2026-07-03 18:06:19] [data] Done shuffling 20,000 sentences to temp files
[2026-07-03 18:06:34] Seen 20,000 samples
[2026-07-03 18:06:34] Starting data epoch 555 in logical epoch 555
[2026-07-03 18:06:34] [data] Shuffling data
[2026-07-03 18:06:34] [data] Done reading 20,000 sentences
[2026-07-03 18:06:34] [data] Done shuffling 20,000 sentences to temp files
[2026-07-03 18:06:49] Seen 20,000 samples
[2026-07-03 18:06:49] Starting data epoch 556 in logical epoch 556
[2026-07-03 18:06:49] [data] Shuffling data
[2026-07-03 18:06:49] [data] Done reading 20,000 sentences
[2026-07-03 18:06:49] [data] Done shuffling 20,000 sentences to temp files
[2026-07-03 18:06:58] Ep. 556 : Up. 35000 : Sen. 11,225 : Cost 1.11870182 * 614,638 @ 1,332 after 42,965,627 : Time 118.16s : 5201.90 words/s : gNorm 0.3616 : L.r. 2.0284e-04
[2026-07-03 18:06:58] Saving model weights and runtime parameters to model.transformer.phmy/model.iter35000.npz
[2026-07-03 18:06:58] Saving model weights and runtime parameters to model.transformer.phmy/model.npz
[2026-07-03 18:06:58] Saving Adam parameters
[2026-07-03 18:06:58] [training] Saving training checkpoint to model.transformer.phmy/model.npz and model.transformer.phmy/model.npz.optimizer.npz
[2026-07-03 18:07:00] [valid] Ep. 556 : Up. 35000 : cross-entropy : 2.65497 : stalled 6 times (last best: 1.83935)
[2026-07-03 18:07:00] [valid] Ep. 556 : Up. 35000 : perplexity : 1.99525 : stalled 6 times (last best: 1.61375)
[2026-07-03 18:07:03] [valid] Ep. 556 : Up. 35000 : bleu : 75.401 : stalled 6 times (last best: 76.1047)
[2026-07-03 18:07:09] Seen 20,000 samples
[2026-07-03 18:07:09] Starting data epoch 557 in logical epoch 557
[2026-07-03 18:07:09] [data] Shuffling data
[2026-07-03 18:07:09] [data] Done reading 20,000 sentences
[2026-07-03 18:07:09] [data] Done shuffling 20,000 sentences to temp files
[2026-07-03 18:07:24] Seen 20,000 samples
[2026-07-03 18:07:24] Starting data epoch 558 in logical epoch 558
[2026-07-03 18:07:24] [data] Shuffling data
[2026-07-03 18:07:24] [data] Done reading 20,000 sentences
[2026-07-03 18:07:24] [data] Done shuffling 20,000 sentences to temp files
[2026-07-03 18:07:39] Seen 20,000 samples
[2026-07-03 18:07:39] Starting data epoch 559 in logical epoch 559
[2026-07-03 18:07:39] [data] Shuffling data
[2026-07-03 18:07:39] [data] Done reading 20,000 sentences
[2026-07-03 18:07:39] [data] Done shuffling 20,000 sentences to temp files
[2026-07-03 18:07:54] Seen 20,000 samples
[2026-07-03 18:07:54] Starting data epoch 560 in logical epoch 560
[2026-07-03 18:07:54] [data] Shuffling data
[2026-07-03 18:07:54] [data] Done reading 20,000 sentences
[2026-07-03 18:07:54] [data] Done shuffling 20,000 sentences to temp files
[2026-07-03 18:08:09] Seen 20,000 samples
[2026-07-03 18:08:09] Starting data epoch 561 in logical epoch 561
[2026-07-03 18:08:09] [data] Shuffling data
[2026-07-03 18:08:09] [data] Done reading 20,000 sentences
[2026-07-03 18:08:09] [data] Done shuffling 20,000 sentences to temp files
[2026-07-03 18:08:23] Seen 20,000 samples
[2026-07-03 18:08:23] Starting data epoch 562 in logical epoch 562
[2026-07-03 18:08:23] [data] Shuffling data
[2026-07-03 18:08:23] [data] Done reading 20,000 sentences
[2026-07-03 18:08:23] [data] Done shuffling 20,000 sentences to temp files
[2026-07-03 18:08:38] Seen 20,000 samples
[2026-07-03 18:08:38] Starting data epoch 563 in logical epoch 563
[2026-07-03 18:08:38] [data] Shuffling data
[2026-07-03 18:08:38] [data] Done reading 20,000 sentences
[2026-07-03 18:08:38] [data] Done shuffling 20,000 sentences to temp files
[2026-07-03 18:08:53] Seen 20,000 samples
[2026-07-03 18:08:53] Starting data epoch 564 in logical epoch 564
[2026-07-03 18:08:53] [data] Shuffling data
[2026-07-03 18:08:53] [data] Done reading 20,000 sentences
[2026-07-03 18:08:53] [data] Done shuffling 20,000 sentences to temp files
[2026-07-03 18:09:01] Ep. 564 : Up. 35500 : Sen. 10,063 : Cost 1.11832273 * 614,944 @ 1,483 after 43,580,571 : Time 123.21s : 4991.10 words/s : gNorm 0.3863 : L.r. 2.0140e-04
[2026-07-03 18:09:08] Seen 20,000 samples
[2026-07-03 18:09:08] Starting data epoch 565 in logical epoch 565
[2026-07-03 18:09:08] [data] Shuffling data
[2026-07-03 18:09:08] [data] Done reading 20,000 sentences
[2026-07-03 18:09:08] [data] Done shuffling 20,000 sentences to temp files
[2026-07-03 18:09:23] Seen 20,000 samples
[2026-07-03 18:09:23] Starting data epoch 566 in logical epoch 566
[2026-07-03 18:09:23] [data] Shuffling data
[2026-07-03 18:09:23] [data] Done reading 20,000 sentences
[2026-07-03 18:09:23] [data] Done shuffling 20,000 sentences to temp files
[2026-07-03 18:09:38] Seen 20,000 samples
[2026-07-03 18:09:38] Starting data epoch 567 in logical epoch 567
[2026-07-03 18:09:38] [data] Shuffling data
[2026-07-03 18:09:38] [data] Done reading 20,000 sentences
[2026-07-03 18:09:38] [data] Done shuffling 20,000 sentences to temp files
[2026-07-03 18:09:52] Seen 20,000 samples
[2026-07-03 18:09:52] Starting data epoch 568 in logical epoch 568
[2026-07-03 18:09:52] [data] Shuffling data
[2026-07-03 18:09:52] [data] Done reading 20,000 sentences
[2026-07-03 18:09:52] [data] Done shuffling 20,000 sentences to temp files
[2026-07-03 18:10:07] Seen 20,000 samples
[2026-07-03 18:10:07] Starting data epoch 569 in logical epoch 569
[2026-07-03 18:10:07] [data] Shuffling data
[2026-07-03 18:10:07] [data] Done reading 20,000 sentences
[2026-07-03 18:10:07] [data] Done shuffling 20,000 sentences to temp files
[2026-07-03 18:10:22] Seen 20,000 samples
[2026-07-03 18:10:22] Starting data epoch 570 in logical epoch 570
[2026-07-03 18:10:22] [data] Shuffling data
[2026-07-03 18:10:22] [data] Done reading 20,000 sentences
[2026-07-03 18:10:22] [data] Done shuffling 20,000 sentences to temp files
[2026-07-03 18:10:37] Seen 20,000 samples
[2026-07-03 18:10:37] Starting data epoch 571 in logical epoch 571
[2026-07-03 18:10:37] [data] Shuffling data
[2026-07-03 18:10:37] [data] Done reading 20,000 sentences
[2026-07-03 18:10:37] [data] Done shuffling 20,000 sentences to temp files
[2026-07-03 18:10:52] Seen 20,000 samples
[2026-07-03 18:10:52] Starting data epoch 572 in logical epoch 572
[2026-07-03 18:10:52] [data] Shuffling data
[2026-07-03 18:10:52] [data] Done reading 20,000 sentences
[2026-07-03 18:10:52] [data] Done shuffling 20,000 sentences to temp files
[2026-07-03 18:10:58] Ep. 572 : Up. 36000 : Sen. 8,731 : Cost 1.11850071 * 612,302 @ 999 after 44,192,873 : Time 117.51s : 5210.63 words/s : gNorm 0.3623 : L.r. 2.0000e-04
[2026-07-03 18:11:07] Seen 20,000 samples
[2026-07-03 18:11:07] Starting data epoch 573 in logical epoch 573
[2026-07-03 18:11:07] [data] Shuffling data
[2026-07-03 18:11:07] [data] Done reading 20,000 sentences
[2026-07-03 18:11:07] [data] Done shuffling 20,000 sentences to temp files
[2026-07-03 18:11:21] Seen 20,000 samples
[2026-07-03 18:11:21] Starting data epoch 574 in logical epoch 574
[2026-07-03 18:11:21] [data] Shuffling data
[2026-07-03 18:11:22] [data] Done reading 20,000 sentences
[2026-07-03 18:11:22] [data] Done shuffling 20,000 sentences to temp files
[2026-07-03 18:11:36] Seen 20,000 samples
[2026-07-03 18:11:36] Starting data epoch 575 in logical epoch 575
[2026-07-03 18:11:36] [data] Shuffling data
[2026-07-03 18:11:36] [data] Done reading 20,000 sentences
[2026-07-03 18:11:36] [data] Done shuffling 20,000 sentences to temp files
[2026-07-03 18:11:51] Seen 20,000 samples
[2026-07-03 18:11:51] Starting data epoch 576 in logical epoch 576
[2026-07-03 18:11:51] [data] Shuffling data
[2026-07-03 18:11:51] [data] Done reading 20,000 sentences
[2026-07-03 18:11:51] [data] Done shuffling 20,000 sentences to temp files
[2026-07-03 18:12:06] Seen 20,000 samples
[2026-07-03 18:12:06] Starting data epoch 577 in logical epoch 577
[2026-07-03 18:12:06] [data] Shuffling data
[2026-07-03 18:12:06] [data] Done reading 20,000 sentences
[2026-07-03 18:12:06] [data] Done shuffling 20,000 sentences to temp files
[2026-07-03 18:12:21] Seen 20,000 samples
[2026-07-03 18:12:21] Starting data epoch 578 in logical epoch 578
[2026-07-03 18:12:21] [data] Shuffling data
[2026-07-03 18:12:21] [data] Done reading 20,000 sentences
[2026-07-03 18:12:21] [data] Done shuffling 20,000 sentences to temp files
[2026-07-03 18:12:35] Seen 20,000 samples
[2026-07-03 18:12:35] Starting data epoch 579 in logical epoch 579
[2026-07-03 18:12:35] [data] Shuffling data
[2026-07-03 18:12:35] [data] Done reading 20,000 sentences
[2026-07-03 18:12:35] [data] Done shuffling 20,000 sentences to temp files
[2026-07-03 18:12:50] Seen 20,000 samples
[2026-07-03 18:12:50] Starting data epoch 580 in logical epoch 580
[2026-07-03 18:12:50] [data] Shuffling data
[2026-07-03 18:12:50] [data] Done reading 20,000 sentences
[2026-07-03 18:12:50] [data] Done shuffling 20,000 sentences to temp files
[2026-07-03 18:12:55] Ep. 580 : Up. 36500 : Sen. 7,399 : Cost 1.11818039 * 613,271 @ 999 after 44,806,144 : Time 117.17s : 5233.99 words/s : gNorm 0.4128 : L.r. 1.9863e-04
[2026-07-03 18:13:05] Seen 20,000 samples
[2026-07-03 18:13:05] Starting data epoch 581 in logical epoch 581
[2026-07-03 18:13:05] [data] Shuffling data
[2026-07-03 18:13:05] [data] Done reading 20,000 sentences
[2026-07-03 18:13:05] [data] Done shuffling 20,000 sentences to temp files
[2026-07-03 18:13:20] Seen 20,000 samples
[2026-07-03 18:13:20] Starting data epoch 582 in logical epoch 582
[2026-07-03 18:13:20] [data] Shuffling data
[2026-07-03 18:13:20] [data] Done reading 20,000 sentences
[2026-07-03 18:13:20] [data] Done shuffling 20,000 sentences to temp files
[2026-07-03 18:13:34] Seen 20,000 samples
[2026-07-03 18:13:34] Starting data epoch 583 in logical epoch 583
[2026-07-03 18:13:34] [data] Shuffling data
[2026-07-03 18:13:34] [data] Done reading 20,000 sentences
[2026-07-03 18:13:34] [data] Done shuffling 20,000 sentences to temp files
[2026-07-03 18:13:49] Seen 20,000 samples
[2026-07-03 18:13:49] Starting data epoch 584 in logical epoch 584
[2026-07-03 18:13:49] [data] Shuffling data
[2026-07-03 18:13:49] [data] Done reading 20,000 sentences
[2026-07-03 18:13:49] [data] Done shuffling 20,000 sentences to temp files
[2026-07-03 18:14:04] Seen 20,000 samples
[2026-07-03 18:14:04] Starting data epoch 585 in logical epoch 585
[2026-07-03 18:14:04] [data] Shuffling data
[2026-07-03 18:14:04] [data] Done reading 20,000 sentences
[2026-07-03 18:14:04] [data] Done shuffling 20,000 sentences to temp files
[2026-07-03 18:14:18] Seen 20,000 samples
[2026-07-03 18:14:18] Starting data epoch 586 in logical epoch 586
[2026-07-03 18:14:18] [data] Shuffling data
[2026-07-03 18:14:18] [data] Done reading 20,000 sentences
[2026-07-03 18:14:19] [data] Done shuffling 20,000 sentences to temp files
[2026-07-03 18:14:33] Seen 20,000 samples
[2026-07-03 18:14:33] Starting data epoch 587 in logical epoch 587
[2026-07-03 18:14:33] [data] Shuffling data
[2026-07-03 18:14:33] [data] Done reading 20,000 sentences
[2026-07-03 18:14:33] [data] Done shuffling 20,000 sentences to temp files
[2026-07-03 18:14:48] Seen 20,000 samples
[2026-07-03 18:14:48] Starting data epoch 588 in logical epoch 588
[2026-07-03 18:14:48] [data] Shuffling data
[2026-07-03 18:14:48] [data] Done reading 20,000 sentences
[2026-07-03 18:14:48] [data] Done shuffling 20,000 sentences to temp files
[2026-07-03 18:14:53] Ep. 588 : Up. 37000 : Sen. 6,067 : Cost 1.11911178 * 613,848 @ 1,661 after 45,419,992 : Time 117.04s : 5244.86 words/s : gNorm 0.2946 : L.r. 1.9728e-04
[2026-07-03 18:15:03] Seen 20,000 samples
[2026-07-03 18:15:03] Starting data epoch 589 in logical epoch 589
[2026-07-03 18:15:03] [data] Shuffling data
[2026-07-03 18:15:03] [data] Done reading 20,000 sentences
[2026-07-03 18:15:03] [data] Done shuffling 20,000 sentences to temp files
[2026-07-03 18:15:18] Seen 20,000 samples
[2026-07-03 18:15:18] Starting data epoch 590 in logical epoch 590
[2026-07-03 18:15:18] [data] Shuffling data
[2026-07-03 18:15:18] [data] Done reading 20,000 sentences
[2026-07-03 18:15:18] [data] Done shuffling 20,000 sentences to temp files
[2026-07-03 18:15:32] Seen 20,000 samples
[2026-07-03 18:15:32] Starting data epoch 591 in logical epoch 591
[2026-07-03 18:15:32] [data] Shuffling data
[2026-07-03 18:15:32] [data] Done reading 20,000 sentences
[2026-07-03 18:15:32] [data] Done shuffling 20,000 sentences to temp files
[2026-07-03 18:15:47] Seen 20,000 samples
[2026-07-03 18:15:47] Starting data epoch 592 in logical epoch 592
[2026-07-03 18:15:47] [data] Shuffling data
[2026-07-03 18:15:47] [data] Done reading 20,000 sentences
[2026-07-03 18:15:47] [data] Done shuffling 20,000 sentences to temp files
[2026-07-03 18:16:02] Seen 20,000 samples
[2026-07-03 18:16:02] Starting data epoch 593 in logical epoch 593
[2026-07-03 18:16:02] [data] Shuffling data
[2026-07-03 18:16:02] [data] Done reading 20,000 sentences
[2026-07-03 18:16:02] [data] Done shuffling 20,000 sentences to temp files
[2026-07-03 18:16:16] Seen 20,000 samples
[2026-07-03 18:16:16] Starting data epoch 594 in logical epoch 594
[2026-07-03 18:16:16] [data] Shuffling data
[2026-07-03 18:16:16] [data] Done reading 20,000 sentences
[2026-07-03 18:16:17] [data] Done shuffling 20,000 sentences to temp files
[2026-07-03 18:16:31] Seen 20,000 samples
[2026-07-03 18:16:31] Starting data epoch 595 in logical epoch 595
[2026-07-03 18:16:31] [data] Shuffling data
[2026-07-03 18:16:31] [data] Done reading 20,000 sentences
[2026-07-03 18:16:31] [data] Done shuffling 20,000 sentences to temp files
[2026-07-03 18:16:46] Seen 20,000 samples
[2026-07-03 18:16:46] Starting data epoch 596 in logical epoch 596
[2026-07-03 18:16:46] [data] Shuffling data
[2026-07-03 18:16:46] [data] Done reading 20,000 sentences
[2026-07-03 18:16:46] [data] Done shuffling 20,000 sentences to temp files
[2026-07-03 18:16:50] Ep. 596 : Up. 37500 : Sen. 4,995 : Cost 1.11797953 * 613,763 @ 1,332 after 46,033,755 : Time 116.98s : 5246.81 words/s : gNorm 0.3302 : L.r. 1.9596e-04
[2026-07-03 18:17:01] Seen 20,000 samples
[2026-07-03 18:17:01] Starting data epoch 597 in logical epoch 597
[2026-07-03 18:17:01] [data] Shuffling data
[2026-07-03 18:17:01] [data] Done reading 20,000 sentences
[2026-07-03 18:17:01] [data] Done shuffling 20,000 sentences to temp files
[2026-07-03 18:17:15] Seen 20,000 samples
[2026-07-03 18:17:15] Starting data epoch 598 in logical epoch 598
[2026-07-03 18:17:15] [data] Shuffling data
[2026-07-03 18:17:15] [data] Done reading 20,000 sentences
[2026-07-03 18:17:16] [data] Done shuffling 20,000 sentences to temp files
[2026-07-03 18:17:30] Seen 20,000 samples
[2026-07-03 18:17:30] Starting data epoch 599 in logical epoch 599
[2026-07-03 18:17:30] [data] Shuffling data
[2026-07-03 18:17:30] [data] Done reading 20,000 sentences
[2026-07-03 18:17:30] [data] Done shuffling 20,000 sentences to temp files
[2026-07-03 18:17:45] Seen 20,000 samples
[2026-07-03 18:17:45] Starting data epoch 600 in logical epoch 600
[2026-07-03 18:17:45] [data] Shuffling data
[2026-07-03 18:17:45] [data] Done reading 20,000 sentences
[2026-07-03 18:17:45] [data] Done shuffling 20,000 sentences to temp files
[2026-07-03 18:18:00] Seen 20,000 samples
[2026-07-03 18:18:00] Starting data epoch 601 in logical epoch 601
[2026-07-03 18:18:00] [data] Shuffling data
[2026-07-03 18:18:00] [data] Done reading 20,000 sentences
[2026-07-03 18:18:00] [data] Done shuffling 20,000 sentences to temp files
[2026-07-03 18:18:15] Seen 20,000 samples
[2026-07-03 18:18:15] Starting data epoch 602 in logical epoch 602
[2026-07-03 18:18:15] [data] Shuffling data
[2026-07-03 18:18:15] [data] Done reading 20,000 sentences
[2026-07-03 18:18:15] [data] Done shuffling 20,000 sentences to temp files
[2026-07-03 18:18:29] Seen 20,000 samples
[2026-07-03 18:18:29] Starting data epoch 603 in logical epoch 603
[2026-07-03 18:18:29] [data] Shuffling data
[2026-07-03 18:18:29] [data] Done reading 20,000 sentences
[2026-07-03 18:18:29] [data] Done shuffling 20,000 sentences to temp files
[2026-07-03 18:18:44] Seen 20,000 samples
[2026-07-03 18:18:44] Starting data epoch 604 in logical epoch 604
[2026-07-03 18:18:44] [data] Shuffling data
[2026-07-03 18:18:44] [data] Done reading 20,000 sentences
[2026-07-03 18:18:44] [data] Done shuffling 20,000 sentences to temp files
[2026-07-03 18:18:47] Ep. 604 : Up. 38000 : Sen. 3,663 : Cost 1.11765361 * 613,541 @ 999 after 46,647,296 : Time 117.18s : 5236.08 words/s : gNorm 0.3194 : L.r. 1.9467e-04
[2026-07-03 18:18:59] Seen 20,000 samples
[2026-07-03 18:18:59] Starting data epoch 605 in logical epoch 605
[2026-07-03 18:18:59] [data] Shuffling data
[2026-07-03 18:18:59] [data] Done reading 20,000 sentences
[2026-07-03 18:18:59] [data] Done shuffling 20,000 sentences to temp files
[2026-07-03 18:19:13] Seen 20,000 samples
[2026-07-03 18:19:13] Starting data epoch 606 in logical epoch 606
[2026-07-03 18:19:13] [data] Shuffling data
[2026-07-03 18:19:13] [data] Done reading 20,000 sentences
[2026-07-03 18:19:13] [data] Done shuffling 20,000 sentences to temp files
[2026-07-03 18:19:28] Seen 20,000 samples
[2026-07-03 18:19:28] Starting data epoch 607 in logical epoch 607
[2026-07-03 18:19:28] [data] Shuffling data
[2026-07-03 18:19:28] [data] Done reading 20,000 sentences
[2026-07-03 18:19:28] [data] Done shuffling 20,000 sentences to temp files
[2026-07-03 18:19:43] Seen 20,000 samples
[2026-07-03 18:19:43] Starting data epoch 608 in logical epoch 608
[2026-07-03 18:19:43] [data] Shuffling data
[2026-07-03 18:19:43] [data] Done reading 20,000 sentences
[2026-07-03 18:19:43] [data] Done shuffling 20,000 sentences to temp files
[2026-07-03 18:19:58] Seen 20,000 samples
[2026-07-03 18:19:58] Starting data epoch 609 in logical epoch 609
[2026-07-03 18:19:58] [data] Shuffling data
[2026-07-03 18:19:58] [data] Done reading 20,000 sentences
[2026-07-03 18:19:58] [data] Done shuffling 20,000 sentences to temp files
[2026-07-03 18:20:13] Seen 20,000 samples
[2026-07-03 18:20:13] Starting data epoch 610 in logical epoch 610
[2026-07-03 18:20:13] [data] Shuffling data
[2026-07-03 18:20:13] [data] Done reading 20,000 sentences
[2026-07-03 18:20:13] [data] Done shuffling 20,000 sentences to temp files
[2026-07-03 18:20:28] Seen 20,000 samples
[2026-07-03 18:20:28] Starting data epoch 611 in logical epoch 611
[2026-07-03 18:20:28] [data] Shuffling data
[2026-07-03 18:20:28] [data] Done reading 20,000 sentences
[2026-07-03 18:20:28] [data] Done shuffling 20,000 sentences to temp files
[2026-07-03 18:20:42] Seen 20,000 samples
[2026-07-03 18:20:42] Starting data epoch 612 in logical epoch 612
[2026-07-03 18:20:42] [data] Shuffling data
[2026-07-03 18:20:42] [data] Done reading 20,000 sentences
[2026-07-03 18:20:42] [data] Done shuffling 20,000 sentences to temp files
[2026-07-03 18:20:44] Ep. 612 : Up. 38500 : Sen. 2,331 : Cost 1.11715436 * 613,674 @ 999 after 47,260,970 : Time 117.44s : 5225.24 words/s : gNorm 0.6701 : L.r. 1.9340e-04
[2026-07-03 18:20:57] Seen 20,000 samples
[2026-07-03 18:20:57] Starting data epoch 613 in logical epoch 613
[2026-07-03 18:20:57] [data] Shuffling data
[2026-07-03 18:20:57] [data] Done reading 20,000 sentences
[2026-07-03 18:20:57] [data] Done shuffling 20,000 sentences to temp files
[2026-07-03 18:21:12] Seen 20,000 samples
[2026-07-03 18:21:12] Starting data epoch 614 in logical epoch 614
[2026-07-03 18:21:12] [data] Shuffling data
[2026-07-03 18:21:12] [data] Done reading 20,000 sentences
[2026-07-03 18:21:12] [data] Done shuffling 20,000 sentences to temp files
[2026-07-03 18:21:27] Seen 20,000 samples
[2026-07-03 18:21:27] Starting data epoch 615 in logical epoch 615
[2026-07-03 18:21:27] [data] Shuffling data
[2026-07-03 18:21:27] [data] Done reading 20,000 sentences
[2026-07-03 18:21:27] [data] Done shuffling 20,000 sentences to temp files
[2026-07-03 18:21:42] Seen 20,000 samples
[2026-07-03 18:21:42] Starting data epoch 616 in logical epoch 616
[2026-07-03 18:21:42] [data] Shuffling data
[2026-07-03 18:21:42] [data] Done reading 20,000 sentences
[2026-07-03 18:21:42] [data] Done shuffling 20,000 sentences to temp files
[2026-07-03 18:21:56] Seen 20,000 samples
[2026-07-03 18:21:56] Starting data epoch 617 in logical epoch 617
[2026-07-03 18:21:56] [data] Shuffling data
[2026-07-03 18:21:56] [data] Done reading 20,000 sentences
[2026-07-03 18:21:56] [data] Done shuffling 20,000 sentences to temp files
[2026-07-03 18:22:11] Seen 20,000 samples
[2026-07-03 18:22:11] Starting data epoch 618 in logical epoch 618
[2026-07-03 18:22:11] [data] Shuffling data
[2026-07-03 18:22:11] [data] Done reading 20,000 sentences
[2026-07-03 18:22:11] [data] Done shuffling 20,000 sentences to temp files
[2026-07-03 18:22:26] Seen 20,000 samples
[2026-07-03 18:22:26] Starting data epoch 619 in logical epoch 619
[2026-07-03 18:22:26] [data] Shuffling data
[2026-07-03 18:22:26] [data] Done reading 20,000 sentences
[2026-07-03 18:22:26] [data] Done shuffling 20,000 sentences to temp files
[2026-07-03 18:22:40] Seen 20,000 samples
[2026-07-03 18:22:40] Starting data epoch 620 in logical epoch 620
[2026-07-03 18:22:40] [data] Shuffling data
[2026-07-03 18:22:40] [data] Done reading 20,000 sentences
[2026-07-03 18:22:41] [data] Done shuffling 20,000 sentences to temp files
[2026-07-03 18:22:41] Ep. 620 : Up. 39000 : Sen. 999 : Cost 1.11720562 * 614,343 @ 1,665 after 47,875,313 : Time 117.21s : 5241.28 words/s : gNorm 0.3375 : L.r. 1.9215e-04
[2026-07-03 18:22:55] Seen 20,000 samples
[2026-07-03 18:22:55] Starting data epoch 621 in logical epoch 621
[2026-07-03 18:22:55] [data] Shuffling data
[2026-07-03 18:22:55] [data] Done reading 20,000 sentences
[2026-07-03 18:22:55] [data] Done shuffling 20,000 sentences to temp files
[2026-07-03 18:23:10] Seen 20,000 samples
[2026-07-03 18:23:10] Starting data epoch 622 in logical epoch 622
[2026-07-03 18:23:10] [data] Shuffling data
[2026-07-03 18:23:10] [data] Done reading 20,000 sentences
[2026-07-03 18:23:10] [data] Done shuffling 20,000 sentences to temp files
[2026-07-03 18:23:25] Seen 20,000 samples
[2026-07-03 18:23:25] Starting data epoch 623 in logical epoch 623
[2026-07-03 18:23:25] [data] Shuffling data
[2026-07-03 18:23:25] [data] Done reading 20,000 sentences
[2026-07-03 18:23:25] [data] Done shuffling 20,000 sentences to temp files
[2026-07-03 18:23:39] Seen 20,000 samples
[2026-07-03 18:23:39] Starting data epoch 624 in logical epoch 624
[2026-07-03 18:23:39] [data] Shuffling data
[2026-07-03 18:23:39] [data] Done reading 20,000 sentences
[2026-07-03 18:23:40] [data] Done shuffling 20,000 sentences to temp files
[2026-07-03 18:23:54] Seen 20,000 samples
[2026-07-03 18:23:54] Starting data epoch 625 in logical epoch 625
[2026-07-03 18:23:54] [data] Shuffling data
[2026-07-03 18:23:54] [data] Done reading 20,000 sentences
[2026-07-03 18:23:54] [data] Done shuffling 20,000 sentences to temp files
[2026-07-03 18:24:09] Seen 20,000 samples
[2026-07-03 18:24:09] Starting data epoch 626 in logical epoch 626
[2026-07-03 18:24:09] [data] Shuffling data
[2026-07-03 18:24:09] [data] Done reading 20,000 sentences
[2026-07-03 18:24:09] [data] Done shuffling 20,000 sentences to temp files
[2026-07-03 18:24:24] Seen 20,000 samples
[2026-07-03 18:24:24] Starting data epoch 627 in logical epoch 627
[2026-07-03 18:24:24] [data] Shuffling data
[2026-07-03 18:24:24] [data] Done reading 20,000 sentences
[2026-07-03 18:24:24] [data] Done shuffling 20,000 sentences to temp files
[2026-07-03 18:24:38] Ep. 627 : Up. 39500 : Sen. 19,667 : Cost 1.11703742 * 613,255 @ 402 after 48,488,568 : Time 116.83s : 5248.99 words/s : gNorm 0.2450 : L.r. 1.9093e-04
[2026-07-03 18:24:38] Seen 20,000 samples
[2026-07-03 18:24:38] Starting data epoch 628 in logical epoch 628
[2026-07-03 18:24:38] [data] Shuffling data
[2026-07-03 18:24:38] [data] Done reading 20,000 sentences
[2026-07-03 18:24:38] [data] Done shuffling 20,000 sentences to temp files
[2026-07-03 18:24:53] Seen 20,000 samples
[2026-07-03 18:24:53] Starting data epoch 629 in logical epoch 629
[2026-07-03 18:24:53] [data] Shuffling data
[2026-07-03 18:24:53] [data] Done reading 20,000 sentences
[2026-07-03 18:24:53] [data] Done shuffling 20,000 sentences to temp files
[2026-07-03 18:25:08] Seen 20,000 samples
[2026-07-03 18:25:08] Starting data epoch 630 in logical epoch 630
[2026-07-03 18:25:08] [data] Shuffling data
[2026-07-03 18:25:08] [data] Done reading 20,000 sentences
[2026-07-03 18:25:08] [data] Done shuffling 20,000 sentences to temp files
[2026-07-03 18:25:23] Seen 20,000 samples
[2026-07-03 18:25:23] Starting data epoch 631 in logical epoch 631
[2026-07-03 18:25:23] [data] Shuffling data
[2026-07-03 18:25:23] [data] Done reading 20,000 sentences
[2026-07-03 18:25:23] [data] Done shuffling 20,000 sentences to temp files
[2026-07-03 18:25:38] Seen 20,000 samples
[2026-07-03 18:25:38] Starting data epoch 632 in logical epoch 632
[2026-07-03 18:25:38] [data] Shuffling data
[2026-07-03 18:25:38] [data] Done reading 20,000 sentences
[2026-07-03 18:25:38] [data] Done shuffling 20,000 sentences to temp files
[2026-07-03 18:25:53] Seen 20,000 samples
[2026-07-03 18:25:53] Starting data epoch 633 in logical epoch 633
[2026-07-03 18:25:53] [data] Shuffling data
[2026-07-03 18:25:53] [data] Done reading 20,000 sentences
[2026-07-03 18:25:53] [data] Done shuffling 20,000 sentences to temp files
[2026-07-03 18:26:07] Seen 20,000 samples
[2026-07-03 18:26:07] Starting data epoch 634 in logical epoch 634
[2026-07-03 18:26:07] [data] Shuffling data
[2026-07-03 18:26:07] [data] Done reading 20,000 sentences
[2026-07-03 18:26:08] [data] Done shuffling 20,000 sentences to temp files
[2026-07-03 18:26:22] Seen 20,000 samples
[2026-07-03 18:26:22] Starting data epoch 635 in logical epoch 635
[2026-07-03 18:26:22] [data] Shuffling data
[2026-07-03 18:26:22] [data] Done reading 20,000 sentences
[2026-07-03 18:26:22] [data] Done shuffling 20,000 sentences to temp files
[2026-07-03 18:26:36] Ep. 635 : Up. 40000 : Sen. 18,534 : Cost 1.11687493 * 614,660 @ 1,332 after 49,103,228 : Time 117.86s : 5215.06 words/s : gNorm 0.2792 : L.r. 1.8974e-04
[2026-07-03 18:26:36] Saving model weights and runtime parameters to model.transformer.phmy/model.iter40000.npz
[2026-07-03 18:26:36] Saving model weights and runtime parameters to model.transformer.phmy/model.npz
[2026-07-03 18:26:37] Saving Adam parameters
[2026-07-03 18:26:37] [training] Saving training checkpoint to model.transformer.phmy/model.npz and model.transformer.phmy/model.npz.optimizer.npz
[2026-07-03 18:26:38] [valid] Ep. 635 : Up. 40000 : cross-entropy : 2.72167 : stalled 7 times (last best: 1.83935)
[2026-07-03 18:26:39] [valid] Ep. 635 : Up. 40000 : perplexity : 2.03017 : stalled 7 times (last best: 1.61375)
[2026-07-03 18:26:41] [valid] Ep. 635 : Up. 40000 : bleu : 75.5984 : stalled 7 times (last best: 76.1047)
[2026-07-03 18:26:43] Seen 20,000 samples
[2026-07-03 18:26:43] Starting data epoch 636 in logical epoch 636
[2026-07-03 18:26:43] [data] Shuffling data
[2026-07-03 18:26:43] [data] Done reading 20,000 sentences
[2026-07-03 18:26:43] [data] Done shuffling 20,000 sentences to temp files
[2026-07-03 18:26:58] Seen 20,000 samples
[2026-07-03 18:26:58] Starting data epoch 637 in logical epoch 637
[2026-07-03 18:26:58] [data] Shuffling data
[2026-07-03 18:26:58] [data] Done reading 20,000 sentences
[2026-07-03 18:26:58] [data] Done shuffling 20,000 sentences to temp files
[2026-07-03 18:27:12] Seen 20,000 samples
[2026-07-03 18:27:12] Starting data epoch 638 in logical epoch 638
[2026-07-03 18:27:12] [data] Shuffling data
[2026-07-03 18:27:12] [data] Done reading 20,000 sentences
[2026-07-03 18:27:12] [data] Done shuffling 20,000 sentences to temp files
[2026-07-03 18:27:27] Seen 20,000 samples
[2026-07-03 18:27:27] Starting data epoch 639 in logical epoch 639
[2026-07-03 18:27:27] [data] Shuffling data
[2026-07-03 18:27:27] [data] Done reading 20,000 sentences
[2026-07-03 18:27:27] [data] Done shuffling 20,000 sentences to temp files
[2026-07-03 18:27:42] Seen 20,000 samples
[2026-07-03 18:27:42] Starting data epoch 640 in logical epoch 640
[2026-07-03 18:27:42] [data] Shuffling data
[2026-07-03 18:27:42] [data] Done reading 20,000 sentences
[2026-07-03 18:27:42] [data] Done shuffling 20,000 sentences to temp files
[2026-07-03 18:27:57] Seen 20,000 samples
[2026-07-03 18:27:57] Starting data epoch 641 in logical epoch 641
[2026-07-03 18:27:57] [data] Shuffling data
[2026-07-03 18:27:57] [data] Done reading 20,000 sentences
[2026-07-03 18:27:57] [data] Done shuffling 20,000 sentences to temp files
[2026-07-03 18:28:12] Seen 20,000 samples
[2026-07-03 18:28:12] Starting data epoch 642 in logical epoch 642
[2026-07-03 18:28:12] [data] Shuffling data
[2026-07-03 18:28:12] [data] Done reading 20,000 sentences
[2026-07-03 18:28:12] [data] Done shuffling 20,000 sentences to temp files
[2026-07-03 18:28:27] Seen 20,000 samples
[2026-07-03 18:28:27] Starting data epoch 643 in logical epoch 643
[2026-07-03 18:28:27] [data] Shuffling data
[2026-07-03 18:28:27] [data] Done reading 20,000 sentences
[2026-07-03 18:28:27] [data] Done shuffling 20,000 sentences to temp files
[2026-07-03 18:28:40] Ep. 643 : Up. 40500 : Sen. 17,202 : Cost 1.11781991 * 614,016 @ 999 after 49,717,244 : Time 123.97s : 4952.76 words/s : gNorm 0.3596 : L.r. 1.8856e-04
[2026-07-03 18:28:42] Seen 20,000 samples
[2026-07-03 18:28:42] Starting data epoch 644 in logical epoch 644
[2026-07-03 18:28:42] [data] Shuffling data
[2026-07-03 18:28:42] [data] Done reading 20,000 sentences
[2026-07-03 18:28:42] [data] Done shuffling 20,000 sentences to temp files
[2026-07-03 18:28:57] Seen 20,000 samples
[2026-07-03 18:28:57] Starting data epoch 645 in logical epoch 645
[2026-07-03 18:28:57] [data] Shuffling data
[2026-07-03 18:28:57] [data] Done reading 20,000 sentences
[2026-07-03 18:28:57] [data] Done shuffling 20,000 sentences to temp files
[2026-07-03 18:29:12] Seen 20,000 samples
[2026-07-03 18:29:12] Starting data epoch 646 in logical epoch 646
[2026-07-03 18:29:12] [data] Shuffling data
[2026-07-03 18:29:12] [data] Done reading 20,000 sentences
[2026-07-03 18:29:12] [data] Done shuffling 20,000 sentences to temp files
[2026-07-03 18:39:14] [marian] Marian v1.12.0 65bf82ff 2023-02-21 09:56:29 -0800
[2026-07-03 18:39:14] [marian] Running on PS42 as process 13307 with command line:
[2026-07-03 18:39:14] [marian] /home/phantom/marian/build/marian -c model.transformer.phmy/ph-my.config.yml
[2026-07-03 18:39:14] [config] after: 0e
[2026-07-03 18:39:14] [config] after-batches: 0
[2026-07-03 18:39:14] [config] after-epochs: 0
[2026-07-03 18:39:14] [config] all-caps-every: 0
[2026-07-03 18:39:14] [config] allow-unk: false
[2026-07-03 18:39:14] [config] authors: false
[2026-07-03 18:39:14] [config] beam-size: 6
[2026-07-03 18:39:14] [config] bert-class-symbol: "[CLS]"
[2026-07-03 18:39:14] [config] bert-mask-symbol: "[MASK]"
[2026-07-03 18:39:14] [config] bert-masking-fraction: 0.15
[2026-07-03 18:39:14] [config] bert-sep-symbol: "[SEP]"
[2026-07-03 18:39:14] [config] bert-train-type-embeddings: true
[2026-07-03 18:39:14] [config] bert-type-vocab-size: 2
[2026-07-03 18:39:14] [config] build-info: ""
[2026-07-03 18:39:14] [config] check-gradient-nan: false
[2026-07-03 18:39:14] [config] check-nan: false
[2026-07-03 18:39:14] [config] cite: false
[2026-07-03 18:39:14] [config] clip-norm: 5
[2026-07-03 18:39:14] [config] cost-scaling:
[2026-07-03 18:39:14] [config]   []
[2026-07-03 18:39:14] [config] cost-type: ce-sum
[2026-07-03 18:39:14] [config] cpu-threads: 0
[2026-07-03 18:39:14] [config] data-threads: 8
[2026-07-03 18:39:14] [config] data-weighting: ""
[2026-07-03 18:39:14] [config] data-weighting-type: sentence
[2026-07-03 18:39:14] [config] dec-cell: gru
[2026-07-03 18:39:14] [config] dec-cell-base-depth: 2
[2026-07-03 18:39:14] [config] dec-cell-high-depth: 1
[2026-07-03 18:39:14] [config] dec-depth: 2
[2026-07-03 18:39:14] [config] devices:
[2026-07-03 18:39:14] [config]   - 0
[2026-07-03 18:39:14] [config] dim-emb: 512
[2026-07-03 18:39:14] [config] dim-rnn: 1024
[2026-07-03 18:39:14] [config] dim-vocabs:
[2026-07-03 18:39:14] [config]   - 1851
[2026-07-03 18:39:14] [config]   - 2308
[2026-07-03 18:39:14] [config] disp-first: 0
[2026-07-03 18:39:14] [config] disp-freq: 500
[2026-07-03 18:39:14] [config] disp-label-counts: true
[2026-07-03 18:39:14] [config] dropout-rnn: 0
[2026-07-03 18:39:14] [config] dropout-src: 0
[2026-07-03 18:39:14] [config] dropout-trg: 0
[2026-07-03 18:39:14] [config] dump-config: ""
[2026-07-03 18:39:14] [config] dynamic-gradient-scaling:
[2026-07-03 18:39:14] [config]   []
[2026-07-03 18:39:14] [config] early-stopping: 10
[2026-07-03 18:39:14] [config] early-stopping-on: first
[2026-07-03 18:39:14] [config] embedding-fix-src: false
[2026-07-03 18:39:14] [config] embedding-fix-trg: false
[2026-07-03 18:39:14] [config] embedding-normalization: false
[2026-07-03 18:39:14] [config] embedding-vectors:
[2026-07-03 18:39:14] [config]   []
[2026-07-03 18:39:14] [config] enc-cell: gru
[2026-07-03 18:39:14] [config] enc-cell-depth: 1
[2026-07-03 18:39:14] [config] enc-depth: 2
[2026-07-03 18:39:14] [config] enc-type: bidirectional
[2026-07-03 18:39:14] [config] english-title-case-every: 0
[2026-07-03 18:39:14] [config] exponential-smoothing: 0.0001
[2026-07-03 18:39:14] [config] factor-weight: 1
[2026-07-03 18:39:14] [config] factors-combine: sum
[2026-07-03 18:39:14] [config] factors-dim-emb: 0
[2026-07-03 18:39:14] [config] gradient-checkpointing: false
[2026-07-03 18:39:14] [config] gradient-norm-average-window: 100
[2026-07-03 18:39:14] [config] guided-alignment: none
[2026-07-03 18:39:14] [config] guided-alignment-cost: ce
[2026-07-03 18:39:14] [config] guided-alignment-weight: 0.1
[2026-07-03 18:39:14] [config] ignore-model-config: false
[2026-07-03 18:39:14] [config] input-types:
[2026-07-03 18:39:14] [config]   []
[2026-07-03 18:39:14] [config] interpolate-env-vars: false
[2026-07-03 18:39:14] [config] keep-best: false
[2026-07-03 18:39:14] [config] label-smoothing: 0.1
[2026-07-03 18:39:14] [config] layer-normalization: false
[2026-07-03 18:39:14] [config] learn-rate: 0.0003
[2026-07-03 18:39:14] [config] lemma-dependency: ""
[2026-07-03 18:39:14] [config] lemma-dim-emb: 0
[2026-07-03 18:39:14] [config] log: model.transformer.phmy/train.log
[2026-07-03 18:39:14] [config] log-level: info
[2026-07-03 18:39:14] [config] log-time-zone: ""
[2026-07-03 18:39:14] [config] logical-epoch:
[2026-07-03 18:39:14] [config]   - 1e
[2026-07-03 18:39:14] [config]   - 0
[2026-07-03 18:39:14] [config] lr-decay: 0
[2026-07-03 18:39:14] [config] lr-decay-freq: 50000
[2026-07-03 18:39:14] [config] lr-decay-inv-sqrt:
[2026-07-03 18:39:14] [config]   - 16000
[2026-07-03 18:39:14] [config] lr-decay-repeat-warmup: false
[2026-07-03 18:39:14] [config] lr-decay-reset-optimizer: false
[2026-07-03 18:39:14] [config] lr-decay-start:
[2026-07-03 18:39:14] [config]   - 10
[2026-07-03 18:39:14] [config]   - 1
[2026-07-03 18:39:14] [config] lr-decay-strategy: epoch+stalled
[2026-07-03 18:39:14] [config] lr-report: true
[2026-07-03 18:39:14] [config] lr-warmup: 0
[2026-07-03 18:39:14] [config] lr-warmup-at-reload: false
[2026-07-03 18:39:14] [config] lr-warmup-cycle: false
[2026-07-03 18:39:14] [config] lr-warmup-start-rate: 0
[2026-07-03 18:39:14] [config] max-length: 200
[2026-07-03 18:39:14] [config] max-length-crop: false
[2026-07-03 18:39:14] [config] max-length-factor: 3
[2026-07-03 18:39:14] [config] maxi-batch: 100
[2026-07-03 18:39:14] [config] maxi-batch-sort: trg
[2026-07-03 18:39:14] [config] mini-batch: 64
[2026-07-03 18:39:14] [config] mini-batch-fit: true
[2026-07-03 18:39:14] [config] mini-batch-fit-step: 10
[2026-07-03 18:39:14] [config] mini-batch-round-up: true
[2026-07-03 18:39:14] [config] mini-batch-track-lr: false
[2026-07-03 18:39:14] [config] mini-batch-warmup: 0
[2026-07-03 18:39:14] [config] mini-batch-words: 0
[2026-07-03 18:39:14] [config] mini-batch-words-ref: 0
[2026-07-03 18:39:14] [config] model: model.transformer.phmy/model.npz
[2026-07-03 18:39:14] [config] multi-loss-type: sum
[2026-07-03 18:39:14] [config] n-best: false
[2026-07-03 18:39:14] [config] no-nccl: false
[2026-07-03 18:39:14] [config] no-reload: false
[2026-07-03 18:39:14] [config] no-restore-corpus: false
[2026-07-03 18:39:14] [config] normalize: 0.6
[2026-07-03 18:39:14] [config] normalize-gradient: false
[2026-07-03 18:39:14] [config] num-devices: 0
[2026-07-03 18:39:14] [config] optimizer: adam
[2026-07-03 18:39:14] [config] optimizer-delay: 1
[2026-07-03 18:39:14] [config] optimizer-params:
[2026-07-03 18:39:14] [config]   []
[2026-07-03 18:39:14] [config] output-omit-bias: false
[2026-07-03 18:39:14] [config] overwrite: false
[2026-07-03 18:39:14] [config] precision:
[2026-07-03 18:39:14] [config]   - float32
[2026-07-03 18:39:14] [config]   - float32
[2026-07-03 18:39:14] [config] pretrained-model: ""
[2026-07-03 18:39:14] [config] quantize-biases: false
[2026-07-03 18:39:14] [config] quantize-bits: 0
[2026-07-03 18:39:14] [config] quantize-log-based: false
[2026-07-03 18:39:14] [config] quantize-optimization-steps: 0
[2026-07-03 18:39:14] [config] quiet: false
[2026-07-03 18:39:14] [config] quiet-translation: true
[2026-07-03 18:39:14] [config] relative-paths: false
[2026-07-03 18:39:14] [config] right-left: false
[2026-07-03 18:39:14] [config] save-freq: 5000
[2026-07-03 18:39:14] [config] seed: 1111
[2026-07-03 18:39:14] [config] sentencepiece-alphas:
[2026-07-03 18:39:14] [config]   []
[2026-07-03 18:39:14] [config] sentencepiece-max-lines: 2000000
[2026-07-03 18:39:14] [config] sentencepiece-options: ""
[2026-07-03 18:39:14] [config] sharding: global
[2026-07-03 18:39:14] [config] shuffle: data
[2026-07-03 18:39:14] [config] shuffle-in-ram: false
[2026-07-03 18:39:14] [config] sigterm: save-and-exit
[2026-07-03 18:39:14] [config] skip: false
[2026-07-03 18:39:14] [config] sqlite: ""
[2026-07-03 18:39:14] [config] sqlite-drop: false
[2026-07-03 18:39:14] [config] sync-freq: 200u
[2026-07-03 18:39:14] [config] sync-sgd: true
[2026-07-03 18:39:14] [config] tempdir: /tmp
[2026-07-03 18:39:14] [config] tied-embeddings: true
[2026-07-03 18:39:14] [config] tied-embeddings-all: false
[2026-07-03 18:39:14] [config] tied-embeddings-src: false
[2026-07-03 18:39:14] [config] train-embedder-rank:
[2026-07-03 18:39:14] [config]   []
[2026-07-03 18:39:14] [config] train-sets:
[2026-07-03 18:39:14] [config]   - /home/phantom/Documents/assignment_7_testing/kaung-htet-htun_assignment-7/g2p-par/train.ph
[2026-07-03 18:39:14] [config]   - /home/phantom/Documents/assignment_7_testing/kaung-htet-htun_assignment-7/g2p-par/train.my
[2026-07-03 18:39:14] [config] transformer-aan-activation: swish
[2026-07-03 18:39:14] [config] transformer-aan-depth: 2
[2026-07-03 18:39:14] [config] transformer-aan-nogate: false
[2026-07-03 18:39:14] [config] transformer-decoder-autoreg: self-attention
[2026-07-03 18:39:14] [config] transformer-decoder-dim-ffn: 0
[2026-07-03 18:39:14] [config] transformer-decoder-ffn-depth: 0
[2026-07-03 18:39:14] [config] transformer-depth-scaling: false
[2026-07-03 18:39:14] [config] transformer-dim-aan: 2048
[2026-07-03 18:39:14] [config] transformer-dim-ffn: 2048
[2026-07-03 18:39:14] [config] transformer-dropout: 0.3
[2026-07-03 18:39:14] [config] transformer-dropout-attention: 0
[2026-07-03 18:39:14] [config] transformer-dropout-ffn: 0
[2026-07-03 18:39:14] [config] transformer-ffn-activation: swish
[2026-07-03 18:39:14] [config] transformer-ffn-depth: 2
[2026-07-03 18:39:14] [config] transformer-guided-alignment-layer: last
[2026-07-03 18:39:14] [config] transformer-heads: 8
[2026-07-03 18:39:14] [config] transformer-no-projection: false
[2026-07-03 18:39:14] [config] transformer-pool: false
[2026-07-03 18:39:14] [config] transformer-postprocess: dan
[2026-07-03 18:39:14] [config] transformer-postprocess-emb: d
[2026-07-03 18:39:14] [config] transformer-postprocess-top: ""
[2026-07-03 18:39:14] [config] transformer-preprocess: ""
[2026-07-03 18:39:14] [config] transformer-rnn-projection: false
[2026-07-03 18:39:14] [config] transformer-tied-layers:
[2026-07-03 18:39:14] [config]   []
[2026-07-03 18:39:14] [config] transformer-train-position-embeddings: false
[2026-07-03 18:39:14] [config] tsv: false
[2026-07-03 18:39:14] [config] tsv-fields: 0
[2026-07-03 18:39:14] [config] type: transformer
[2026-07-03 18:39:14] [config] ulr: false
[2026-07-03 18:39:14] [config] ulr-dim-emb: 0
[2026-07-03 18:39:14] [config] ulr-dropout: 0
[2026-07-03 18:39:14] [config] ulr-keys-vectors: ""
[2026-07-03 18:39:14] [config] ulr-query-vectors: ""
[2026-07-03 18:39:14] [config] ulr-softmax-temperature: 1
[2026-07-03 18:39:14] [config] ulr-trainable-transformation: false
[2026-07-03 18:39:14] [config] unlikelihood-loss: false
[2026-07-03 18:39:14] [config] valid-freq: 5000
[2026-07-03 18:39:14] [config] valid-log: model.transformer.phmy/valid.log
[2026-07-03 18:39:14] [config] valid-max-length: 1000
[2026-07-03 18:39:14] [config] valid-metrics:
[2026-07-03 18:39:14] [config]   - cross-entropy
[2026-07-03 18:39:14] [config]   - perplexity
[2026-07-03 18:39:14] [config]   - bleu
[2026-07-03 18:39:14] [config] valid-mini-batch: 64
[2026-07-03 18:39:14] [config] valid-reset-all: false
[2026-07-03 18:39:14] [config] valid-reset-stalled: false
[2026-07-03 18:39:14] [config] valid-script-args:
[2026-07-03 18:39:14] [config]   []
[2026-07-03 18:39:14] [config] valid-script-path: ""
[2026-07-03 18:39:14] [config] valid-sets:
[2026-07-03 18:39:14] [config]   - /home/phantom/Documents/assignment_7_testing/kaung-htet-htun_assignment-7/g2p-par/dev.ph
[2026-07-03 18:39:14] [config]   - /home/phantom/Documents/assignment_7_testing/kaung-htet-htun_assignment-7/g2p-par/dev.my
[2026-07-03 18:39:14] [config] valid-translation-output: model.transformer.phmy/valid.ph-my.output
[2026-07-03 18:39:14] [config] version: v1.12.0 65bf82ff 2023-02-21 09:56:29 -0800
[2026-07-03 18:39:14] [config] vocabs:
[2026-07-03 18:39:14] [config]   - /home/phantom/Documents/assignment_7_testing/kaung-htet-htun_assignment-7/g2p-par/vocab/vocab.ph.yml
[2026-07-03 18:39:14] [config]   - /home/phantom/Documents/assignment_7_testing/kaung-htet-htun_assignment-7/g2p-par/vocab/vocab.my.yml
[2026-07-03 18:39:14] [config] word-penalty: 0
[2026-07-03 18:39:14] [config] word-scores: false
[2026-07-03 18:39:14] [config] workspace: 1000
[2026-07-03 18:39:14] [config] Loaded model has been created with Marian v1.12.0 65bf82ff 2023-02-21 09:56:29 -0800
[2026-07-03 18:39:14] Using synchronous SGD
[2026-07-03 18:39:14] [comm] Compiled without MPI support. Running as a single process on PS42
[2026-07-03 18:39:14] Synced seed 1111
[2026-07-03 18:39:14] [data] Loading vocabulary from JSON/Yaml file /home/phantom/Documents/assignment_7_testing/kaung-htet-htun_assignment-7/g2p-par/vocab/vocab.ph.yml
[2026-07-03 18:39:14] [data] Setting vocabulary size for input 0 to 1,851
[2026-07-03 18:39:14] [data] Loading vocabulary from JSON/Yaml file /home/phantom/Documents/assignment_7_testing/kaung-htet-htun_assignment-7/g2p-par/vocab/vocab.my.yml
[2026-07-03 18:39:14] [data] Setting vocabulary size for input 1 to 2,308
[2026-07-03 18:39:14] [batching] Collecting statistics for batch fitting with step size 10
[2026-07-03 18:39:14] [memory] Extending reserved space to 1024 MB (device gpu0)
[2026-07-03 18:39:14] [comm] Using NCCL 2.8.3 for GPU communication
[2026-07-03 18:39:14] [comm] Using global sharding
[2026-07-03 18:39:14] [comm] NCCLCommunicators constructed successfully
[2026-07-03 18:39:14] [training] Using 1 GPUs
[2026-07-03 18:39:14] [logits] Applying loss function for 1 factor(s)
[2026-07-03 18:39:14] [memory] Reserving 64 MB, device gpu0
[2026-07-03 18:39:14] [gpu] 16-bit TensorCores enabled for float32 matrix operations
[2026-07-03 18:39:15] [memory] Reserving 64 MB, device gpu0
[2026-07-03 18:39:51] [batching] Done. Typical MB size is 2,825 target words
[2026-07-03 18:39:51] [memory] Extending reserved space to 1024 MB (device gpu0)
[2026-07-03 18:39:51] [comm] Using NCCL 2.8.3 for GPU communication
[2026-07-03 18:39:51] [comm] Using global sharding
[2026-07-03 18:39:51] [comm] NCCLCommunicators constructed successfully
[2026-07-03 18:39:51] [training] Using 1 GPUs
[2026-07-03 18:39:51] Loading model from model.transformer.phmy/model.npz
[2026-07-03 18:39:52] Allocating memory for general optimizer shards
[2026-07-03 18:39:52] [memory] Reserving 64 MB, device gpu0
[2026-07-03 18:39:52] Loading Adam parameters
[2026-07-03 18:39:52] [memory] Reserving 128 MB, device gpu0
[2026-07-03 18:39:52] [memory] Reserving 64 MB, device gpu0
[2026-07-03 18:39:52] [training] Master parameters and optimizers restored from training checkpoint model.transformer.phmy/model.npz and model.transformer.phmy/model.npz.optimizer.npz
[2026-07-03 18:39:52] [data] Restoring the corpus state to epoch 635, batch 40000
[2026-07-03 18:39:52] [data] Shuffling data
[2026-07-03 18:39:52] [data] Done reading 20,000 sentences
[2026-07-03 18:39:52] [data] Done shuffling 20,000 sentences to temp files
[2026-07-03 18:39:52] Training started
[2026-07-03 18:39:52] [training] Batches are processed as 1 process(es) x 1 devices/process
[2026-07-03 18:39:52] [memory] Reserving 64 MB, device gpu0
[2026-07-03 18:39:52] Parameter type float32, optimization type float32, casting types false
[2026-07-03 18:39:53] Seen 20,000 samples
[2026-07-03 18:39:53] Starting data epoch 636 in logical epoch 636
[2026-07-03 18:39:53] [data] Shuffling data
[2026-07-03 18:39:53] [data] Done reading 20,000 sentences
[2026-07-03 18:39:54] [data] Done shuffling 20,000 sentences to temp files
[2026-07-03 18:40:08] Seen 20,000 samples
[2026-07-03 18:40:08] Starting data epoch 637 in logical epoch 637
[2026-07-03 18:40:08] [data] Shuffling data
[2026-07-03 18:40:08] [data] Done reading 20,000 sentences
[2026-07-03 18:40:08] [data] Done shuffling 20,000 sentences to temp files
[2026-07-03 18:40:23] Seen 20,000 samples
[2026-07-03 18:40:23] Starting data epoch 638 in logical epoch 638
[2026-07-03 18:40:23] [data] Shuffling data
[2026-07-03 18:40:23] [data] Done reading 20,000 sentences
[2026-07-03 18:40:23] [data] Done shuffling 20,000 sentences to temp files
[2026-07-03 18:40:37] Seen 20,000 samples
[2026-07-03 18:40:37] Starting data epoch 639 in logical epoch 639
[2026-07-03 18:40:37] [data] Shuffling data
[2026-07-03 18:40:37] [data] Done reading 20,000 sentences
[2026-07-03 18:40:38] [data] Done shuffling 20,000 sentences to temp files
[2026-07-03 18:40:52] Seen 20,000 samples
[2026-07-03 18:40:52] Starting data epoch 640 in logical epoch 640
[2026-07-03 18:40:52] [data] Shuffling data
[2026-07-03 18:40:52] [data] Done reading 20,000 sentences
[2026-07-03 18:40:52] [data] Done shuffling 20,000 sentences to temp files
[2026-07-03 18:41:07] Seen 20,000 samples
[2026-07-03 18:41:07] Starting data epoch 641 in logical epoch 641
[2026-07-03 18:41:07] [data] Shuffling data
[2026-07-03 18:41:07] [data] Done reading 20,000 sentences
[2026-07-03 18:41:07] [data] Done shuffling 20,000 sentences to temp files
[2026-07-03 18:41:22] Seen 20,000 samples
[2026-07-03 18:41:22] Starting data epoch 642 in logical epoch 642
[2026-07-03 18:41:22] [data] Shuffling data
[2026-07-03 18:41:22] [data] Done reading 20,000 sentences
[2026-07-03 18:41:22] [data] Done shuffling 20,000 sentences to temp files
[2026-07-03 18:41:37] Seen 20,000 samples
[2026-07-03 18:41:37] Starting data epoch 643 in logical epoch 643
[2026-07-03 18:41:37] [data] Shuffling data
[2026-07-03 18:41:37] [data] Done reading 20,000 sentences
[2026-07-03 18:41:37] [data] Done shuffling 20,000 sentences to temp files
[2026-07-03 18:41:50] Ep. 643 : Up. 40500 : Sen. 17,202 : Cost 1.11682689 * 614,016 @ 999 after 49,717,244 : Time 118.58s : 5178.23 words/s : gNorm 0.2954 : L.r. 1.8856e-04
[2026-07-03 18:41:52] Seen 20,000 samples
[2026-07-03 18:41:52] Starting data epoch 644 in logical epoch 644
[2026-07-03 18:41:52] [data] Shuffling data
[2026-07-03 18:41:52] [data] Done reading 20,000 sentences
[2026-07-03 18:41:52] [data] Done shuffling 20,000 sentences to temp files
[2026-07-03 18:42:06] Seen 20,000 samples
[2026-07-03 18:42:06] Starting data epoch 645 in logical epoch 645
[2026-07-03 18:42:06] [data] Shuffling data
[2026-07-03 18:42:06] [data] Done reading 20,000 sentences
[2026-07-03 18:42:07] [data] Done shuffling 20,000 sentences to temp files
[2026-07-03 18:42:21] Seen 20,000 samples
[2026-07-03 18:42:21] Starting data epoch 646 in logical epoch 646
[2026-07-03 18:42:21] [data] Shuffling data
[2026-07-03 18:42:21] [data] Done reading 20,000 sentences
[2026-07-03 18:42:21] [data] Done shuffling 20,000 sentences to temp files
[2026-07-03 18:42:36] Seen 20,000 samples
[2026-07-03 18:42:36] Starting data epoch 647 in logical epoch 647
[2026-07-03 18:42:36] [data] Shuffling data
[2026-07-03 18:42:36] [data] Done reading 20,000 sentences
[2026-07-03 18:42:36] [data] Done shuffling 20,000 sentences to temp files
[2026-07-03 18:42:51] Seen 20,000 samples
[2026-07-03 18:42:51] Starting data epoch 648 in logical epoch 648
[2026-07-03 18:42:51] [data] Shuffling data
[2026-07-03 18:42:51] [data] Done reading 20,000 sentences
[2026-07-03 18:42:51] [data] Done shuffling 20,000 sentences to temp files
[2026-07-03 18:43:06] Seen 20,000 samples
[2026-07-03 18:43:06] Starting data epoch 649 in logical epoch 649
[2026-07-03 18:43:06] [data] Shuffling data
[2026-07-03 18:43:06] [data] Done reading 20,000 sentences
[2026-07-03 18:43:06] [data] Done shuffling 20,000 sentences to temp files
[2026-07-03 18:43:21] Seen 20,000 samples
[2026-07-03 18:43:21] Starting data epoch 650 in logical epoch 650
[2026-07-03 18:43:21] [data] Shuffling data
[2026-07-03 18:43:21] [data] Done reading 20,000 sentences
[2026-07-03 18:43:21] [data] Done shuffling 20,000 sentences to temp files
[2026-07-03 18:43:36] Seen 20,000 samples
[2026-07-03 18:43:36] Starting data epoch 651 in logical epoch 651
[2026-07-03 18:43:36] [data] Shuffling data
[2026-07-03 18:43:36] [data] Done reading 20,000 sentences
[2026-07-03 18:43:36] [data] Done shuffling 20,000 sentences to temp files
[2026-07-03 18:43:48] Ep. 651 : Up. 41000 : Sen. 15,870 : Cost 1.11695874 * 612,610 @ 1,332 after 50,329,854 : Time 118.28s : 5179.34 words/s : gNorm 0.3176 : L.r. 1.8741e-04
[2026-07-03 18:43:51] Seen 20,000 samples
[2026-07-03 18:43:51] Starting data epoch 652 in logical epoch 652
[2026-07-03 18:43:51] [data] Shuffling data
[2026-07-03 18:43:51] [data] Done reading 20,000 sentences
[2026-07-03 18:43:51] [data] Done shuffling 20,000 sentences to temp files
[2026-07-03 18:44:06] Seen 20,000 samples
[2026-07-03 18:44:06] Starting data epoch 653 in logical epoch 653
[2026-07-03 18:44:06] [data] Shuffling data
[2026-07-03 18:44:06] [data] Done reading 20,000 sentences
[2026-07-03 18:44:06] [data] Done shuffling 20,000 sentences to temp files
[2026-07-03 18:44:21] Seen 20,000 samples
[2026-07-03 18:44:21] Starting data epoch 654 in logical epoch 654
[2026-07-03 18:44:21] [data] Shuffling data
[2026-07-03 18:44:21] [data] Done reading 20,000 sentences
[2026-07-03 18:44:21] [data] Done shuffling 20,000 sentences to temp files
[2026-07-03 18:44:36] Seen 20,000 samples
[2026-07-03 18:44:36] Starting data epoch 655 in logical epoch 655
[2026-07-03 18:44:36] [data] Shuffling data
[2026-07-03 18:44:36] [data] Done reading 20,000 sentences
[2026-07-03 18:44:36] [data] Done shuffling 20,000 sentences to temp files
[2026-07-03 18:44:50] Seen 20,000 samples
[2026-07-03 18:44:50] Starting data epoch 656 in logical epoch 656
[2026-07-03 18:44:50] [data] Shuffling data
[2026-07-03 18:44:51] [data] Done reading 20,000 sentences
[2026-07-03 18:44:51] [data] Done shuffling 20,000 sentences to temp files
[2026-07-03 18:45:05] Seen 20,000 samples
[2026-07-03 18:45:05] Starting data epoch 657 in logical epoch 657
[2026-07-03 18:45:05] [data] Shuffling data
[2026-07-03 18:45:05] [data] Done reading 20,000 sentences
[2026-07-03 18:45:05] [data] Done shuffling 20,000 sentences to temp files
[2026-07-03 18:45:20] Seen 20,000 samples
[2026-07-03 18:45:20] Starting data epoch 658 in logical epoch 658
[2026-07-03 18:45:20] [data] Shuffling data
[2026-07-03 18:45:20] [data] Done reading 20,000 sentences
[2026-07-03 18:45:20] [data] Done shuffling 20,000 sentences to temp files
[2026-07-03 18:45:35] Seen 20,000 samples
[2026-07-03 18:45:35] Starting data epoch 659 in logical epoch 659
[2026-07-03 18:45:35] [data] Shuffling data
[2026-07-03 18:45:35] [data] Done reading 20,000 sentences
[2026-07-03 18:45:35] [data] Done shuffling 20,000 sentences to temp files
[2026-07-03 18:45:46] Ep. 659 : Up. 41500 : Sen. 14,628 : Cost 1.11664677 * 613,881 @ 999 after 50,943,735 : Time 118.02s : 5201.45 words/s : gNorm 0.3993 : L.r. 1.8628e-04
[2026-07-03 18:45:50] Seen 20,000 samples
[2026-07-03 18:45:50] Starting data epoch 660 in logical epoch 660
[2026-07-03 18:45:50] [data] Shuffling data
[2026-07-03 18:45:50] [data] Done reading 20,000 sentences
[2026-07-03 18:45:50] [data] Done shuffling 20,000 sentences to temp files
[2026-07-03 18:46:05] Seen 20,000 samples
[2026-07-03 18:46:05] Starting data epoch 661 in logical epoch 661
[2026-07-03 18:46:05] [data] Shuffling data
[2026-07-03 18:46:05] [data] Done reading 20,000 sentences
[2026-07-03 18:46:05] [data] Done shuffling 20,000 sentences to temp files
[2026-07-03 18:46:20] Seen 20,000 samples
[2026-07-03 18:46:20] Starting data epoch 662 in logical epoch 662
[2026-07-03 18:46:20] [data] Shuffling data
[2026-07-03 18:46:20] [data] Done reading 20,000 sentences
[2026-07-03 18:46:20] [data] Done shuffling 20,000 sentences to temp files
[2026-07-03 18:46:34] Seen 20,000 samples
[2026-07-03 18:46:34] Starting data epoch 663 in logical epoch 663
[2026-07-03 18:46:34] [data] Shuffling data
[2026-07-03 18:46:34] [data] Done reading 20,000 sentences
[2026-07-03 18:46:34] [data] Done shuffling 20,000 sentences to temp files
[2026-07-03 18:46:49] Seen 20,000 samples
[2026-07-03 18:46:49] Starting data epoch 664 in logical epoch 664
[2026-07-03 18:46:49] [data] Shuffling data
[2026-07-03 18:46:49] [data] Done reading 20,000 sentences
[2026-07-03 18:46:49] [data] Done shuffling 20,000 sentences to temp files
[2026-07-03 18:47:04] Seen 20,000 samples
[2026-07-03 18:47:04] Starting data epoch 665 in logical epoch 665
[2026-07-03 18:47:04] [data] Shuffling data
[2026-07-03 18:47:04] [data] Done reading 20,000 sentences
[2026-07-03 18:47:04] [data] Done shuffling 20,000 sentences to temp files
[2026-07-03 18:47:19] Seen 20,000 samples
[2026-07-03 18:47:19] Starting data epoch 666 in logical epoch 666
[2026-07-03 18:47:19] [data] Shuffling data
[2026-07-03 18:47:19] [data] Done reading 20,000 sentences
[2026-07-03 18:47:19] [data] Done shuffling 20,000 sentences to temp files
[2026-07-03 18:47:34] Seen 20,000 samples
[2026-07-03 18:47:34] Starting data epoch 667 in logical epoch 667
[2026-07-03 18:47:34] [data] Shuffling data
[2026-07-03 18:47:34] [data] Done reading 20,000 sentences
[2026-07-03 18:47:34] [data] Done shuffling 20,000 sentences to temp files
[2026-07-03 18:47:43] Ep. 667 : Up. 42000 : Sen. 13,466 : Cost 1.11634719 * 613,451 @ 999 after 51,557,186 : Time 117.61s : 5215.99 words/s : gNorm 0.4498 : L.r. 1.8516e-04
[2026-07-03 18:47:49] Seen 20,000 samples
[2026-07-03 18:47:49] Starting data epoch 668 in logical epoch 668
[2026-07-03 18:47:49] [data] Shuffling data
[2026-07-03 18:47:49] [data] Done reading 20,000 sentences
[2026-07-03 18:47:49] [data] Done shuffling 20,000 sentences to temp files
[2026-07-03 18:48:03] Seen 20,000 samples
[2026-07-03 18:48:03] Starting data epoch 669 in logical epoch 669
[2026-07-03 18:48:03] [data] Shuffling data
[2026-07-03 18:48:03] [data] Done reading 20,000 sentences
[2026-07-03 18:48:04] [data] Done shuffling 20,000 sentences to temp files
[2026-07-03 18:48:18] Seen 20,000 samples
[2026-07-03 18:48:18] Starting data epoch 670 in logical epoch 670
[2026-07-03 18:48:18] [data] Shuffling data
[2026-07-03 18:48:18] [data] Done reading 20,000 sentences
[2026-07-03 18:48:19] [data] Done shuffling 20,000 sentences to temp files
[2026-07-03 18:48:33] Seen 20,000 samples
[2026-07-03 18:48:33] Starting data epoch 671 in logical epoch 671
[2026-07-03 18:48:33] [data] Shuffling data
[2026-07-03 18:48:33] [data] Done reading 20,000 sentences
[2026-07-03 18:48:33] [data] Done shuffling 20,000 sentences to temp files
[2026-07-03 18:48:48] Seen 20,000 samples
[2026-07-03 18:48:48] Starting data epoch 672 in logical epoch 672
[2026-07-03 18:48:48] [data] Shuffling data
[2026-07-03 18:48:48] [data] Done reading 20,000 sentences
[2026-07-03 18:48:48] [data] Done shuffling 20,000 sentences to temp files
[2026-07-03 18:49:03] Seen 20,000 samples
[2026-07-03 18:49:03] Starting data epoch 673 in logical epoch 673
[2026-07-03 18:49:03] [data] Shuffling data
[2026-07-03 18:49:03] [data] Done reading 20,000 sentences
[2026-07-03 18:49:03] [data] Done shuffling 20,000 sentences to temp files
[2026-07-03 18:49:18] Seen 20,000 samples
[2026-07-03 18:49:18] Starting data epoch 674 in logical epoch 674
[2026-07-03 18:49:18] [data] Shuffling data
[2026-07-03 18:49:18] [data] Done reading 20,000 sentences
[2026-07-03 18:49:18] [data] Done shuffling 20,000 sentences to temp files
[2026-07-03 18:49:33] Seen 20,000 samples
[2026-07-03 18:49:33] Starting data epoch 675 in logical epoch 675
[2026-07-03 18:49:33] [data] Shuffling data
[2026-07-03 18:49:33] [data] Done reading 20,000 sentences
[2026-07-03 18:49:33] [data] Done shuffling 20,000 sentences to temp files
[2026-07-03 18:49:42] Ep. 675 : Up. 42500 : Sen. 12,134 : Cost 1.11649215 * 614,177 @ 1,665 after 52,171,363 : Time 118.52s : 5181.99 words/s : gNorm 0.2621 : L.r. 1.8407e-04
[2026-07-03 18:49:48] Seen 20,000 samples
[2026-07-03 18:49:48] Starting data epoch 676 in logical epoch 676
[2026-07-03 18:49:48] [data] Shuffling data
[2026-07-03 18:49:48] [data] Done reading 20,000 sentences
[2026-07-03 18:49:48] [data] Done shuffling 20,000 sentences to temp files
[2026-07-03 18:50:03] Seen 20,000 samples
[2026-07-03 18:50:03] Starting data epoch 677 in logical epoch 677
[2026-07-03 18:50:03] [data] Shuffling data
[2026-07-03 18:50:03] [data] Done reading 20,000 sentences
[2026-07-03 18:50:03] [data] Done shuffling 20,000 sentences to temp files
[2026-07-03 18:50:18] Seen 20,000 samples
[2026-07-03 18:50:18] Starting data epoch 678 in logical epoch 678
[2026-07-03 18:50:18] [data] Shuffling data
[2026-07-03 18:50:18] [data] Done reading 20,000 sentences
[2026-07-03 18:50:18] [data] Done shuffling 20,000 sentences to temp files
[2026-07-03 18:50:33] Seen 20,000 samples
[2026-07-03 18:50:33] Starting data epoch 679 in logical epoch 679
[2026-07-03 18:50:33] [data] Shuffling data
[2026-07-03 18:50:33] [data] Done reading 20,000 sentences
[2026-07-03 18:50:33] [data] Done shuffling 20,000 sentences to temp files
[2026-07-03 18:50:48] Seen 20,000 samples
[2026-07-03 18:50:48] Starting data epoch 680 in logical epoch 680
[2026-07-03 18:50:48] [data] Shuffling data
[2026-07-03 18:50:48] [data] Done reading 20,000 sentences
[2026-07-03 18:50:48] [data] Done shuffling 20,000 sentences to temp files
[2026-07-03 18:51:03] Seen 20,000 samples
[2026-07-03 18:51:03] Starting data epoch 681 in logical epoch 681
[2026-07-03 18:51:03] [data] Shuffling data
[2026-07-03 18:51:03] [data] Done reading 20,000 sentences
[2026-07-03 18:51:03] [data] Done shuffling 20,000 sentences to temp files
[2026-07-03 18:51:18] Seen 20,000 samples
[2026-07-03 18:51:18] Starting data epoch 682 in logical epoch 682
[2026-07-03 18:51:18] [data] Shuffling data
[2026-07-03 18:51:18] [data] Done reading 20,000 sentences
[2026-07-03 18:51:18] [data] Done shuffling 20,000 sentences to temp files
[2026-07-03 18:51:32] Seen 20,000 samples
[2026-07-03 18:51:32] Starting data epoch 683 in logical epoch 683
[2026-07-03 18:51:32] [data] Shuffling data
[2026-07-03 18:51:32] [data] Done reading 20,000 sentences
[2026-07-03 18:51:33] [data] Done shuffling 20,000 sentences to temp files
[2026-07-03 18:51:41] Ep. 683 : Up. 43000 : Sen. 10,802 : Cost 1.11639893 * 614,908 @ 999 after 52,786,271 : Time 118.61s : 5184.43 words/s : gNorm 0.4439 : L.r. 1.8300e-04
[2026-07-03 18:51:47] Seen 20,000 samples
[2026-07-03 18:51:47] Starting data epoch 684 in logical epoch 684
[2026-07-03 18:51:47] [data] Shuffling data
[2026-07-03 18:51:47] [data] Done reading 20,000 sentences
[2026-07-03 18:51:47] [data] Done shuffling 20,000 sentences to temp files
[2026-07-03 18:52:02] Seen 20,000 samples
[2026-07-03 18:52:02] Starting data epoch 685 in logical epoch 685
[2026-07-03 18:52:02] [data] Shuffling data
[2026-07-03 18:52:02] [data] Done reading 20,000 sentences
[2026-07-03 18:52:02] [data] Done shuffling 20,000 sentences to temp files
[2026-07-03 18:52:17] Seen 20,000 samples
[2026-07-03 18:52:17] Starting data epoch 686 in logical epoch 686
[2026-07-03 18:52:17] [data] Shuffling data
[2026-07-03 18:52:17] [data] Done reading 20,000 sentences
[2026-07-03 18:52:18] [data] Done shuffling 20,000 sentences to temp files
[2026-07-03 18:52:32] Seen 20,000 samples
[2026-07-03 18:52:32] Starting data epoch 687 in logical epoch 687
[2026-07-03 18:52:32] [data] Shuffling data
[2026-07-03 18:52:32] [data] Done reading 20,000 sentences
[2026-07-03 18:52:32] [data] Done shuffling 20,000 sentences to temp files
[2026-07-03 18:52:47] Seen 20,000 samples
[2026-07-03 18:52:47] Starting data epoch 688 in logical epoch 688
[2026-07-03 18:52:47] [data] Shuffling data
[2026-07-03 18:52:47] [data] Done reading 20,000 sentences
[2026-07-03 18:52:47] [data] Done shuffling 20,000 sentences to temp files
[2026-07-03 18:53:02] Seen 20,000 samples
[2026-07-03 18:53:02] Starting data epoch 689 in logical epoch 689
[2026-07-03 18:53:02] [data] Shuffling data
[2026-07-03 18:53:02] [data] Done reading 20,000 sentences
[2026-07-03 18:53:02] [data] Done shuffling 20,000 sentences to temp files
[2026-07-03 18:53:17] Seen 20,000 samples
[2026-07-03 18:53:17] Starting data epoch 690 in logical epoch 690
[2026-07-03 18:53:17] [data] Shuffling data
[2026-07-03 18:53:17] [data] Done reading 20,000 sentences
[2026-07-03 18:53:17] [data] Done shuffling 20,000 sentences to temp files
[2026-07-03 18:53:32] Seen 20,000 samples
[2026-07-03 18:53:32] Starting data epoch 691 in logical epoch 691
[2026-07-03 18:53:32] [data] Shuffling data
[2026-07-03 18:53:32] [data] Done reading 20,000 sentences
[2026-07-03 18:53:32] [data] Done shuffling 20,000 sentences to temp files
[2026-07-03 18:53:39] Ep. 691 : Up. 43500 : Sen. 9,730 : Cost 1.11638117 * 613,485 @ 1,332 after 53,399,756 : Time 118.74s : 5166.68 words/s : gNorm 0.5164 : L.r. 1.8194e-04
[2026-07-03 18:53:47] Seen 20,000 samples
[2026-07-03 18:53:47] Starting data epoch 692 in logical epoch 692
[2026-07-03 18:53:47] [data] Shuffling data
[2026-07-03 18:53:47] [data] Done reading 20,000 sentences
[2026-07-03 18:53:47] [data] Done shuffling 20,000 sentences to temp files
[2026-07-03 18:54:02] Seen 20,000 samples
[2026-07-03 18:54:02] Starting data epoch 693 in logical epoch 693
[2026-07-03 18:54:02] [data] Shuffling data
[2026-07-03 18:54:02] [data] Done reading 20,000 sentences
[2026-07-03 18:54:02] [data] Done shuffling 20,000 sentences to temp files
[2026-07-03 18:54:17] Seen 20,000 samples
[2026-07-03 18:54:17] Starting data epoch 694 in logical epoch 694
[2026-07-03 18:54:17] [data] Shuffling data
[2026-07-03 18:54:17] [data] Done reading 20,000 sentences
[2026-07-03 18:54:17] [data] Done shuffling 20,000 sentences to temp files
[2026-07-03 18:54:32] Seen 20,000 samples
[2026-07-03 18:54:32] Starting data epoch 695 in logical epoch 695
[2026-07-03 18:54:32] [data] Shuffling data
[2026-07-03 18:54:32] [data] Done reading 20,000 sentences
[2026-07-03 18:54:32] [data] Done shuffling 20,000 sentences to temp files
[2026-07-03 18:54:47] Seen 20,000 samples
[2026-07-03 18:54:47] Starting data epoch 696 in logical epoch 696
[2026-07-03 18:54:47] [data] Shuffling data
[2026-07-03 18:54:47] [data] Done reading 20,000 sentences
[2026-07-03 18:54:47] [data] Done shuffling 20,000 sentences to temp files
[2026-07-03 18:55:01] Seen 20,000 samples
[2026-07-03 18:55:01] Starting data epoch 697 in logical epoch 697
[2026-07-03 18:55:01] [data] Shuffling data
[2026-07-03 18:55:01] [data] Done reading 20,000 sentences
[2026-07-03 18:55:02] [data] Done shuffling 20,000 sentences to temp files
[2026-07-03 18:55:16] Seen 20,000 samples
[2026-07-03 18:55:16] Starting data epoch 698 in logical epoch 698
[2026-07-03 18:55:16] [data] Shuffling data
[2026-07-03 18:55:16] [data] Done reading 20,000 sentences
[2026-07-03 18:55:16] [data] Done shuffling 20,000 sentences to temp files
[2026-07-03 18:55:31] Seen 20,000 samples
[2026-07-03 18:55:31] Starting data epoch 699 in logical epoch 699
[2026-07-03 18:55:31] [data] Shuffling data
[2026-07-03 18:55:31] [data] Done reading 20,000 sentences
[2026-07-03 18:55:31] [data] Done shuffling 20,000 sentences to temp files
[2026-07-03 18:55:37] Ep. 699 : Up. 44000 : Sen. 8,228 : Cost 1.11588848 * 613,003 @ 1,332 after 54,012,759 : Time 118.16s : 5187.83 words/s : gNorm 0.4766 : L.r. 1.8091e-04
[2026-07-03 18:55:46] Seen 20,000 samples
[2026-07-03 18:55:46] Starting data epoch 700 in logical epoch 700
[2026-07-03 18:55:46] [data] Shuffling data
[2026-07-03 18:55:46] [data] Done reading 20,000 sentences
[2026-07-03 18:55:46] [data] Done shuffling 20,000 sentences to temp files
[2026-07-03 18:56:01] Seen 20,000 samples
[2026-07-03 18:56:01] Starting data epoch 701 in logical epoch 701
[2026-07-03 18:56:01] [data] Shuffling data
[2026-07-03 18:56:01] [data] Done reading 20,000 sentences
[2026-07-03 18:56:01] [data] Done shuffling 20,000 sentences to temp files
[2026-07-03 18:56:16] Seen 20,000 samples
[2026-07-03 18:56:16] Starting data epoch 702 in logical epoch 702
[2026-07-03 18:56:16] [data] Shuffling data
[2026-07-03 18:56:16] [data] Done reading 20,000 sentences
[2026-07-03 18:56:16] [data] Done shuffling 20,000 sentences to temp files
[2026-07-03 18:56:31] Seen 20,000 samples
[2026-07-03 18:56:31] Starting data epoch 703 in logical epoch 703
[2026-07-03 18:56:31] [data] Shuffling data
[2026-07-03 18:56:31] [data] Done reading 20,000 sentences
[2026-07-03 18:56:31] [data] Done shuffling 20,000 sentences to temp files
[2026-07-03 18:56:46] Seen 20,000 samples
[2026-07-03 18:56:46] Starting data epoch 704 in logical epoch 704
[2026-07-03 18:56:46] [data] Shuffling data
[2026-07-03 18:56:46] [data] Done reading 20,000 sentences
[2026-07-03 18:56:46] [data] Done shuffling 20,000 sentences to temp files
[2026-07-03 18:57:01] Seen 20,000 samples
[2026-07-03 18:57:01] Starting data epoch 705 in logical epoch 705
[2026-07-03 18:57:01] [data] Shuffling data
[2026-07-03 18:57:01] [data] Done reading 20,000 sentences
[2026-07-03 18:57:01] [data] Done shuffling 20,000 sentences to temp files
[2026-07-03 18:57:15] Seen 20,000 samples
[2026-07-03 18:57:15] Starting data epoch 706 in logical epoch 706
[2026-07-03 18:57:15] [data] Shuffling data
[2026-07-03 18:57:15] [data] Done reading 20,000 sentences
[2026-07-03 18:57:16] [data] Done shuffling 20,000 sentences to temp files
[2026-07-03 18:57:30] Seen 20,000 samples
[2026-07-03 18:57:30] Starting data epoch 707 in logical epoch 707
[2026-07-03 18:57:30] [data] Shuffling data
[2026-07-03 18:57:30] [data] Done reading 20,000 sentences
[2026-07-03 18:57:31] [data] Done shuffling 20,000 sentences to temp files
[2026-07-03 18:57:36] Ep. 707 : Up. 44500 : Sen. 7,066 : Cost 1.11629188 * 613,763 @ 999 after 54,626,522 : Time 118.17s : 5193.79 words/s : gNorm 0.3602 : L.r. 1.7989e-04
[2026-07-03 18:57:45] Seen 20,000 samples
[2026-07-03 18:57:45] Starting data epoch 708 in logical epoch 708
[2026-07-03 18:57:45] [data] Shuffling data
[2026-07-03 18:57:45] [data] Done reading 20,000 sentences
[2026-07-03 18:57:46] [data] Done shuffling 20,000 sentences to temp files
[2026-07-03 18:58:00] Seen 20,000 samples
[2026-07-03 18:58:00] Starting data epoch 709 in logical epoch 709
[2026-07-03 18:58:00] [data] Shuffling data
[2026-07-03 18:58:00] [data] Done reading 20,000 sentences
[2026-07-03 18:58:00] [data] Done shuffling 20,000 sentences to temp files
[2026-07-03 18:58:15] Seen 20,000 samples
[2026-07-03 18:58:15] Starting data epoch 710 in logical epoch 710
[2026-07-03 18:58:15] [data] Shuffling data
[2026-07-03 18:58:15] [data] Done reading 20,000 sentences
[2026-07-03 18:58:16] [data] Done shuffling 20,000 sentences to temp files
[2026-07-03 18:58:30] Seen 20,000 samples
[2026-07-03 18:58:30] Starting data epoch 711 in logical epoch 711
[2026-07-03 18:58:30] [data] Shuffling data
[2026-07-03 18:58:30] [data] Done reading 20,000 sentences
[2026-07-03 18:58:31] [data] Done shuffling 20,000 sentences to temp files
[2026-07-03 18:58:45] Seen 20,000 samples
[2026-07-03 18:58:45] Starting data epoch 712 in logical epoch 712
[2026-07-03 18:58:45] [data] Shuffling data
[2026-07-03 18:58:45] [data] Done reading 20,000 sentences
[2026-07-03 18:58:45] [data] Done shuffling 20,000 sentences to temp files
[2026-07-03 18:59:00] Seen 20,000 samples
[2026-07-03 18:59:00] Starting data epoch 713 in logical epoch 713
[2026-07-03 18:59:00] [data] Shuffling data
[2026-07-03 18:59:00] [data] Done reading 20,000 sentences
[2026-07-03 18:59:00] [data] Done shuffling 20,000 sentences to temp files
[2026-07-03 18:59:15] Seen 20,000 samples
[2026-07-03 18:59:15] Starting data epoch 714 in logical epoch 714
[2026-07-03 18:59:15] [data] Shuffling data
[2026-07-03 18:59:15] [data] Done reading 20,000 sentences
[2026-07-03 18:59:15] [data] Done shuffling 20,000 sentences to temp files
[2026-07-03 18:59:30] Seen 20,000 samples
[2026-07-03 18:59:30] Starting data epoch 715 in logical epoch 715
[2026-07-03 18:59:30] [data] Shuffling data
[2026-07-03 18:59:30] [data] Done reading 20,000 sentences
[2026-07-03 18:59:30] [data] Done shuffling 20,000 sentences to temp files
[2026-07-03 18:59:35] Ep. 715 : Up. 45000 : Sen. 5,734 : Cost 1.11571515 * 613,440 @ 1,332 after 55,239,962 : Time 118.87s : 5160.65 words/s : gNorm 0.2375 : L.r. 1.7889e-04
[2026-07-03 18:59:35] Saving model weights and runtime parameters to model.transformer.phmy/model.iter45000.npz
[2026-07-03 18:59:35] Saving model weights and runtime parameters to model.transformer.phmy/model.npz
[2026-07-03 18:59:35] Saving Adam parameters
[2026-07-03 18:59:35] [training] Saving training checkpoint to model.transformer.phmy/model.npz and model.transformer.phmy/model.npz.optimizer.npz
[2026-07-03 18:59:37] [valid] Ep. 715 : Up. 45000 : cross-entropy : 2.79254 : stalled 7 times (last best: 1.83935)
[2026-07-03 18:59:37] [valid] Ep. 715 : Up. 45000 : perplexity : 2.06796 : stalled 7 times (last best: 1.61375)
[2026-07-03 18:59:37] [valid] First sentence's tokens as scored:
[2026-07-03 18:59:37] [valid] DefaultVocab keeps original segments for scoring
[2026-07-03 18:59:37] [valid]   Hyp: ဥတ် တ ရ ဖ လ ဂု နီ
[2026-07-03 18:59:37] [valid]   Ref: ဥတ် တ ရ ဖ လ ဂု နီ
[2026-07-03 18:59:40] [valid] Ep. 715 : Up. 45000 : bleu : 75.5329 : stalled 7 times (last best: 76.1047)
[2026-07-03 18:59:51] Seen 20,000 samples
[2026-07-03 18:59:51] Starting data epoch 716 in logical epoch 716
[2026-07-03 18:59:51] [data] Shuffling data
[2026-07-03 18:59:51] [data] Done reading 20,000 sentences
[2026-07-03 18:59:51] [data] Done shuffling 20,000 sentences to temp files
[2026-07-03 19:00:06] Seen 20,000 samples
[2026-07-03 19:00:06] Starting data epoch 717 in logical epoch 717
[2026-07-03 19:00:06] [data] Shuffling data
[2026-07-03 19:00:06] [data] Done reading 20,000 sentences
[2026-07-03 19:00:06] [data] Done shuffling 20,000 sentences to temp files
[2026-07-03 19:00:21] Seen 20,000 samples
[2026-07-03 19:00:21] Starting data epoch 718 in logical epoch 718
[2026-07-03 19:00:21] [data] Shuffling data
[2026-07-03 19:00:21] [data] Done reading 20,000 sentences
[2026-07-03 19:00:21] [data] Done shuffling 20,000 sentences to temp files
[2026-07-03 19:00:35] Seen 20,000 samples
[2026-07-03 19:00:35] Starting data epoch 719 in logical epoch 719
[2026-07-03 19:00:35] [data] Shuffling data
[2026-07-03 19:00:35] [data] Done reading 20,000 sentences
[2026-07-03 19:00:36] [data] Done shuffling 20,000 sentences to temp files
[2026-07-03 19:00:51] Seen 20,000 samples
[2026-07-03 19:00:51] Starting data epoch 720 in logical epoch 720
[2026-07-03 19:00:51] [data] Shuffling data
[2026-07-03 19:00:51] [data] Done reading 20,000 sentences
[2026-07-03 19:00:51] [data] Done shuffling 20,000 sentences to temp files
[2026-07-03 19:01:06] Seen 20,000 samples
[2026-07-03 19:01:06] Starting data epoch 721 in logical epoch 721
[2026-07-03 19:01:06] [data] Shuffling data
[2026-07-03 19:01:06] [data] Done reading 20,000 sentences
[2026-07-03 19:01:06] [data] Done shuffling 20,000 sentences to temp files
[2026-07-03 19:01:21] Seen 20,000 samples
[2026-07-03 19:01:21] Starting data epoch 722 in logical epoch 722
[2026-07-03 19:01:21] [data] Shuffling data
[2026-07-03 19:01:21] [data] Done reading 20,000 sentences
[2026-07-03 19:01:21] [data] Done shuffling 20,000 sentences to temp files
[2026-07-03 19:01:36] Seen 20,000 samples
[2026-07-03 19:01:36] Starting data epoch 723 in logical epoch 723
[2026-07-03 19:01:36] [data] Shuffling data
[2026-07-03 19:01:36] [data] Done reading 20,000 sentences
[2026-07-03 19:01:36] [data] Done shuffling 20,000 sentences to temp files
[2026-07-03 19:01:39] Ep. 723 : Up. 45500 : Sen. 4,402 : Cost 1.11546600 * 612,856 @ 1,665 after 55,852,818 : Time 124.54s : 4921.05 words/s : gNorm 0.2609 : L.r. 1.7790e-04
[2026-07-03 19:01:51] Seen 20,000 samples
[2026-07-03 19:01:51] Starting data epoch 724 in logical epoch 724
[2026-07-03 19:01:51] [data] Shuffling data
[2026-07-03 19:01:51] [data] Done reading 20,000 sentences
[2026-07-03 19:01:51] [data] Done shuffling 20,000 sentences to temp files
[2026-07-03 19:02:06] Seen 20,000 samples
[2026-07-03 19:02:06] Starting data epoch 725 in logical epoch 725
[2026-07-03 19:02:06] [data] Shuffling data
[2026-07-03 19:02:06] [data] Done reading 20,000 sentences
[2026-07-03 19:02:06] [data] Done shuffling 20,000 sentences to temp files
[2026-07-03 19:02:21] Seen 20,000 samples
[2026-07-03 19:02:21] Starting data epoch 726 in logical epoch 726
[2026-07-03 19:02:21] [data] Shuffling data
[2026-07-03 19:02:21] [data] Done reading 20,000 sentences
[2026-07-03 19:02:21] [data] Done shuffling 20,000 sentences to temp files
[2026-07-03 19:02:36] Seen 20,000 samples
[2026-07-03 19:02:36] Starting data epoch 727 in logical epoch 727
[2026-07-03 19:02:36] [data] Shuffling data
[2026-07-03 19:02:36] [data] Done reading 20,000 sentences
[2026-07-03 19:02:36] [data] Done shuffling 20,000 sentences to temp files
[2026-07-03 19:02:51] Seen 20,000 samples
[2026-07-03 19:02:51] Starting data epoch 728 in logical epoch 728
[2026-07-03 19:02:51] [data] Shuffling data
[2026-07-03 19:02:51] [data] Done reading 20,000 sentences
[2026-07-03 19:02:51] [data] Done shuffling 20,000 sentences to temp files
[2026-07-03 19:03:06] Seen 20,000 samples
[2026-07-03 19:03:06] Starting data epoch 729 in logical epoch 729
[2026-07-03 19:03:06] [data] Shuffling data
[2026-07-03 19:03:06] [data] Done reading 20,000 sentences
[2026-07-03 19:03:06] [data] Done shuffling 20,000 sentences to temp files
[2026-07-03 19:03:21] Seen 20,000 samples
[2026-07-03 19:03:21] Starting data epoch 730 in logical epoch 730
[2026-07-03 19:03:21] [data] Shuffling data
[2026-07-03 19:03:21] [data] Done reading 20,000 sentences
[2026-07-03 19:03:21] [data] Done shuffling 20,000 sentences to temp files
[2026-07-03 19:03:36] Seen 20,000 samples
[2026-07-03 19:03:36] Starting data epoch 731 in logical epoch 731
[2026-07-03 19:03:36] [data] Shuffling data
[2026-07-03 19:03:36] [data] Done reading 20,000 sentences
[2026-07-03 19:03:36] [data] Done shuffling 20,000 sentences to temp files
[2026-07-03 19:03:38] Ep. 731 : Up. 46000 : Sen. 3,240 : Cost 1.11513567 * 614,030 @ 1,316 after 56,466,848 : Time 119.28s : 5147.75 words/s : gNorm 0.2860 : L.r. 1.7693e-04
[2026-07-03 19:03:51] Seen 20,000 samples
[2026-07-03 19:03:51] Starting data epoch 732 in logical epoch 732
[2026-07-03 19:03:51] [data] Shuffling data
[2026-07-03 19:03:51] [data] Done reading 20,000 sentences
[2026-07-03 19:03:51] [data] Done shuffling 20,000 sentences to temp files
[2026-07-03 19:04:06] Seen 20,000 samples
[2026-07-03 19:04:06] Starting data epoch 733 in logical epoch 733
[2026-07-03 19:04:06] [data] Shuffling data
[2026-07-03 19:04:06] [data] Done reading 20,000 sentences
[2026-07-03 19:04:06] [data] Done shuffling 20,000 sentences to temp files
[2026-07-03 19:04:21] Seen 20,000 samples
[2026-07-03 19:04:21] Starting data epoch 734 in logical epoch 734
[2026-07-03 19:04:21] [data] Shuffling data
[2026-07-03 19:04:21] [data] Done reading 20,000 sentences
[2026-07-03 19:04:21] [data] Done shuffling 20,000 sentences to temp files
[2026-07-03 19:04:37] Seen 20,000 samples
[2026-07-03 19:04:37] Starting data epoch 735 in logical epoch 735
[2026-07-03 19:04:37] [data] Shuffling data
[2026-07-03 19:04:37] [data] Done reading 20,000 sentences
[2026-07-03 19:04:37] [data] Done shuffling 20,000 sentences to temp files
[2026-07-03 19:04:52] Seen 20,000 samples
[2026-07-03 19:04:52] Starting data epoch 736 in logical epoch 736
[2026-07-03 19:04:52] [data] Shuffling data
[2026-07-03 19:04:52] [data] Done reading 20,000 sentences
[2026-07-03 19:04:52] [data] Done shuffling 20,000 sentences to temp files
[2026-07-03 19:05:07] Seen 20,000 samples
[2026-07-03 19:05:07] Starting data epoch 737 in logical epoch 737
[2026-07-03 19:05:07] [data] Shuffling data
[2026-07-03 19:05:07] [data] Done reading 20,000 sentences
[2026-07-03 19:05:07] [data] Done shuffling 20,000 sentences to temp files
[2026-07-03 19:05:22] Seen 20,000 samples
[2026-07-03 19:05:22] Starting data epoch 738 in logical epoch 738
[2026-07-03 19:05:22] [data] Shuffling data
[2026-07-03 19:05:22] [data] Done reading 20,000 sentences
[2026-07-03 19:05:22] [data] Done shuffling 20,000 sentences to temp files
[2026-07-03 19:05:37] Seen 20,000 samples
[2026-07-03 19:05:37] Starting data epoch 739 in logical epoch 739
[2026-07-03 19:05:37] [data] Shuffling data
[2026-07-03 19:05:37] [data] Done reading 20,000 sentences
[2026-07-03 19:05:38] [data] Done shuffling 20,000 sentences to temp files
[2026-07-03 19:05:39] Ep. 739 : Up. 46500 : Sen. 1,828 : Cost 1.11473835 * 614,249 @ 1,332 after 57,081,097 : Time 120.70s : 5088.97 words/s : gNorm 0.2813 : L.r. 1.7598e-04
[2026-07-03 19:05:53] Seen 20,000 samples
[2026-07-03 19:05:53] Starting data epoch 740 in logical epoch 740
[2026-07-03 19:05:53] [data] Shuffling data
[2026-07-03 19:05:53] [data] Done reading 20,000 sentences
[2026-07-03 19:05:53] [data] Done shuffling 20,000 sentences to temp files
[2026-07-03 19:06:08] Seen 20,000 samples
[2026-07-03 19:06:08] Starting data epoch 741 in logical epoch 741
[2026-07-03 19:06:08] [data] Shuffling data
[2026-07-03 19:06:08] [data] Done reading 20,000 sentences
[2026-07-03 19:06:08] [data] Done shuffling 20,000 sentences to temp files
[2026-07-03 19:06:24] Seen 20,000 samples
[2026-07-03 19:06:24] Starting data epoch 742 in logical epoch 742
[2026-07-03 19:06:24] [data] Shuffling data
[2026-07-03 19:06:24] [data] Done reading 20,000 sentences
[2026-07-03 19:06:24] [data] Done shuffling 20,000 sentences to temp files
[2026-07-03 19:06:39] Seen 20,000 samples
[2026-07-03 19:06:39] Starting data epoch 743 in logical epoch 743
[2026-07-03 19:06:39] [data] Shuffling data
[2026-07-03 19:06:39] [data] Done reading 20,000 sentences
[2026-07-03 19:06:39] [data] Done shuffling 20,000 sentences to temp files
[2026-07-03 19:06:54] Seen 20,000 samples
[2026-07-03 19:06:54] Starting data epoch 744 in logical epoch 744
[2026-07-03 19:06:54] [data] Shuffling data
[2026-07-03 19:06:54] [data] Done reading 20,000 sentences
[2026-07-03 19:06:55] [data] Done shuffling 20,000 sentences to temp files
[2026-07-03 19:07:10] Seen 20,000 samples
[2026-07-03 19:07:10] Starting data epoch 745 in logical epoch 745
[2026-07-03 19:07:10] [data] Shuffling data
[2026-07-03 19:07:10] [data] Done reading 20,000 sentences
[2026-07-03 19:07:10] [data] Done shuffling 20,000 sentences to temp files
[2026-07-03 19:07:25] Seen 20,000 samples
[2026-07-03 19:07:25] Starting data epoch 746 in logical epoch 746
[2026-07-03 19:07:25] [data] Shuffling data
[2026-07-03 19:07:25] [data] Done reading 20,000 sentences
[2026-07-03 19:07:25] [data] Done shuffling 20,000 sentences to temp files
[2026-07-03 19:07:41] Seen 20,000 samples
[2026-07-03 19:07:41] Starting data epoch 747 in logical epoch 747
[2026-07-03 19:07:41] [data] Shuffling data
[2026-07-03 19:07:41] [data] Done reading 20,000 sentences
[2026-07-03 19:07:41] [data] Done shuffling 20,000 sentences to temp files
[2026-07-03 19:07:41] Ep. 747 : Up. 47000 : Sen. 576 : Cost 1.11491466 * 613,953 @ 1,665 after 57,695,050 : Time 122.23s : 5023.07 words/s : gNorm 0.4101 : L.r. 1.7504e-04
[2026-07-03 19:07:56] Seen 20,000 samples
[2026-07-03 19:07:56] Starting data epoch 748 in logical epoch 748
[2026-07-03 19:07:56] [data] Shuffling data
[2026-07-03 19:07:56] [data] Done reading 20,000 sentences
[2026-07-03 19:07:56] [data] Done shuffling 20,000 sentences to temp files
[2026-07-03 19:08:12] Seen 20,000 samples
[2026-07-03 19:08:12] Starting data epoch 749 in logical epoch 749
[2026-07-03 19:08:12] [data] Shuffling data
[2026-07-03 19:08:12] [data] Done reading 20,000 sentences
[2026-07-03 19:08:12] [data] Done shuffling 20,000 sentences to temp files
[2026-07-03 19:08:27] Seen 20,000 samples
[2026-07-03 19:08:27] Starting data epoch 750 in logical epoch 750
[2026-07-03 19:08:27] [data] Shuffling data
[2026-07-03 19:08:27] [data] Done reading 20,000 sentences
[2026-07-03 19:08:27] [data] Done shuffling 20,000 sentences to temp files
[2026-07-03 19:08:43] Seen 20,000 samples
[2026-07-03 19:08:43] Starting data epoch 751 in logical epoch 751
[2026-07-03 19:08:43] [data] Shuffling data
[2026-07-03 19:08:43] [data] Done reading 20,000 sentences
[2026-07-03 19:08:43] [data] Done shuffling 20,000 sentences to temp files
[2026-07-03 19:08:58] Seen 20,000 samples
[2026-07-03 19:08:58] Starting data epoch 752 in logical epoch 752
[2026-07-03 19:08:58] [data] Shuffling data
[2026-07-03 19:08:58] [data] Done reading 20,000 sentences
[2026-07-03 19:08:58] [data] Done shuffling 20,000 sentences to temp files
[2026-07-03 19:09:13] Seen 20,000 samples
[2026-07-03 19:09:13] Starting data epoch 753 in logical epoch 753
[2026-07-03 19:09:13] [data] Shuffling data
[2026-07-03 19:09:13] [data] Done reading 20,000 sentences
[2026-07-03 19:09:14] [data] Done shuffling 20,000 sentences to temp files
[2026-07-03 19:09:29] Seen 20,000 samples
[2026-07-03 19:09:29] Starting data epoch 754 in logical epoch 754
[2026-07-03 19:09:29] [data] Shuffling data
[2026-07-03 19:09:29] [data] Done reading 20,000 sentences
[2026-07-03 19:09:29] [data] Done shuffling 20,000 sentences to temp files
[2026-07-03 19:09:44] Ep. 754 : Up. 47500 : Sen. 19,533 : Cost 1.11493599 * 614,319 @ 1,112 after 58,309,369 : Time 122.75s : 5004.63 words/s : gNorm 0.3225 : L.r. 1.7411e-04
[2026-07-03 19:09:45] Seen 20,000 samples
[2026-07-03 19:09:45] Starting data epoch 755 in logical epoch 755
[2026-07-03 19:09:45] [data] Shuffling data
[2026-07-03 19:09:45] [data] Done reading 20,000 sentences
[2026-07-03 19:09:45] [data] Done shuffling 20,000 sentences to temp files
[2026-07-03 19:10:00] Seen 20,000 samples
[2026-07-03 19:10:00] Starting data epoch 756 in logical epoch 756
[2026-07-03 19:10:00] [data] Shuffling data
[2026-07-03 19:10:00] [data] Done reading 20,000 sentences
[2026-07-03 19:10:00] [data] Done shuffling 20,000 sentences to temp files
[2026-07-03 19:10:16] Seen 20,000 samples
[2026-07-03 19:10:16] Starting data epoch 757 in logical epoch 757
[2026-07-03 19:10:16] [data] Shuffling data
[2026-07-03 19:10:16] [data] Done reading 20,000 sentences
[2026-07-03 19:10:16] [data] Done shuffling 20,000 sentences to temp files
[2026-07-03 19:10:31] Seen 20,000 samples
[2026-07-03 19:10:31] Starting data epoch 758 in logical epoch 758
[2026-07-03 19:10:31] [data] Shuffling data
[2026-07-03 19:10:31] [data] Done reading 20,000 sentences
[2026-07-03 19:10:31] [data] Done shuffling 20,000 sentences to temp files
[2026-07-03 19:10:47] Seen 20,000 samples
[2026-07-03 19:10:47] Starting data epoch 759 in logical epoch 759
[2026-07-03 19:10:47] [data] Shuffling data
[2026-07-03 19:10:47] [data] Done reading 20,000 sentences
[2026-07-03 19:10:47] [data] Done shuffling 20,000 sentences to temp files
[2026-07-03 19:11:02] Seen 20,000 samples
[2026-07-03 19:11:02] Starting data epoch 760 in logical epoch 760
[2026-07-03 19:11:02] [data] Shuffling data
[2026-07-03 19:11:02] [data] Done reading 20,000 sentences
[2026-07-03 19:11:02] [data] Done shuffling 20,000 sentences to temp files
[2026-07-03 19:11:18] Seen 20,000 samples
[2026-07-03 19:11:18] Starting data epoch 761 in logical epoch 761
[2026-07-03 19:11:18] [data] Shuffling data
[2026-07-03 19:11:18] [data] Done reading 20,000 sentences
[2026-07-03 19:11:18] [data] Done shuffling 20,000 sentences to temp files
[2026-07-03 19:11:33] Seen 20,000 samples
[2026-07-03 19:11:33] Starting data epoch 762 in logical epoch 762
[2026-07-03 19:11:33] [data] Shuffling data
[2026-07-03 19:11:33] [data] Done reading 20,000 sentences
[2026-07-03 19:11:34] [data] Done shuffling 20,000 sentences to temp files
[2026-07-03 19:11:47] Ep. 762 : Up. 48000 : Sen. 18,291 : Cost 1.11530626 * 614,169 @ 1,332 after 58,923,538 : Time 123.44s : 4975.37 words/s : gNorm 0.3305 : L.r. 1.7321e-04
[2026-07-03 19:11:49] Seen 20,000 samples
[2026-07-03 19:11:49] Starting data epoch 763 in logical epoch 763
[2026-07-03 19:11:49] [data] Shuffling data
[2026-07-03 19:11:49] [data] Done reading 20,000 sentences
[2026-07-03 19:11:49] [data] Done shuffling 20,000 sentences to temp files
[2026-07-03 19:12:04] Seen 20,000 samples
[2026-07-03 19:12:04] Starting data epoch 764 in logical epoch 764
[2026-07-03 19:12:04] [data] Shuffling data
[2026-07-03 19:12:04] [data] Done reading 20,000 sentences
[2026-07-03 19:12:05] [data] Done shuffling 20,000 sentences to temp files
[2026-07-03 19:12:20] Seen 20,000 samples
[2026-07-03 19:12:20] Starting data epoch 765 in logical epoch 765
[2026-07-03 19:12:20] [data] Shuffling data
[2026-07-03 19:12:20] [data] Done reading 20,000 sentences
[2026-07-03 19:12:20] [data] Done shuffling 20,000 sentences to temp files
[2026-07-03 19:12:36] Seen 20,000 samples
[2026-07-03 19:12:36] Starting data epoch 766 in logical epoch 766
[2026-07-03 19:12:36] [data] Shuffling data
[2026-07-03 19:12:36] [data] Done reading 20,000 sentences
[2026-07-03 19:12:36] [data] Done shuffling 20,000 sentences to temp files
[2026-07-03 19:12:51] Seen 20,000 samples
[2026-07-03 19:12:51] Starting data epoch 767 in logical epoch 767
[2026-07-03 19:12:51] [data] Shuffling data
[2026-07-03 19:12:51] [data] Done reading 20,000 sentences
[2026-07-03 19:12:52] [data] Done shuffling 20,000 sentences to temp files
[2026-07-03 19:13:07] Seen 20,000 samples
[2026-07-03 19:13:07] Starting data epoch 768 in logical epoch 768
[2026-07-03 19:13:07] [data] Shuffling data
[2026-07-03 19:13:07] [data] Done reading 20,000 sentences
[2026-07-03 19:13:07] [data] Done shuffling 20,000 sentences to temp files
[2026-07-03 19:13:23] Seen 20,000 samples
[2026-07-03 19:13:23] Starting data epoch 769 in logical epoch 769
[2026-07-03 19:13:23] [data] Shuffling data
[2026-07-03 19:13:23] [data] Done reading 20,000 sentences
[2026-07-03 19:13:23] [data] Done shuffling 20,000 sentences to temp files
[2026-07-03 19:13:38] Seen 20,000 samples
[2026-07-03 19:13:38] Starting data epoch 770 in logical epoch 770
[2026-07-03 19:13:38] [data] Shuffling data
[2026-07-03 19:13:38] [data] Done reading 20,000 sentences
[2026-07-03 19:13:38] [data] Done shuffling 20,000 sentences to temp files
[2026-07-03 19:13:51] Ep. 770 : Up. 48500 : Sen. 16,959 : Cost 1.11480081 * 613,500 @ 999 after 59,537,038 : Time 123.88s : 4952.25 words/s : gNorm 0.2837 : L.r. 1.7231e-04
[2026-07-03 19:13:54] Seen 20,000 samples
[2026-07-03 19:13:54] Starting data epoch 771 in logical epoch 771
[2026-07-03 19:13:54] [data] Shuffling data
[2026-07-03 19:13:54] [data] Done reading 20,000 sentences
[2026-07-03 19:13:54] [data] Done shuffling 20,000 sentences to temp files
[2026-07-03 19:14:10] Seen 20,000 samples
[2026-07-03 19:14:10] Starting data epoch 772 in logical epoch 772
[2026-07-03 19:14:10] [data] Shuffling data
[2026-07-03 19:14:10] [data] Done reading 20,000 sentences
[2026-07-03 19:14:10] [data] Done shuffling 20,000 sentences to temp files
[2026-07-03 19:14:25] Seen 20,000 samples
[2026-07-03 19:14:25] Starting data epoch 773 in logical epoch 773
[2026-07-03 19:14:25] [data] Shuffling data
[2026-07-03 19:14:25] [data] Done reading 20,000 sentences
[2026-07-03 19:14:25] [data] Done shuffling 20,000 sentences to temp files
[2026-07-03 19:14:41] Seen 20,000 samples
[2026-07-03 19:14:41] Starting data epoch 774 in logical epoch 774
[2026-07-03 19:14:41] [data] Shuffling data
[2026-07-03 19:14:41] [data] Done reading 20,000 sentences
[2026-07-03 19:14:41] [data] Done shuffling 20,000 sentences to temp files
[2026-07-03 19:14:57] Seen 20,000 samples
[2026-07-03 19:14:57] Starting data epoch 775 in logical epoch 775
[2026-07-03 19:14:57] [data] Shuffling data
[2026-07-03 19:14:57] [data] Done reading 20,000 sentences
[2026-07-03 19:14:57] [data] Done shuffling 20,000 sentences to temp files
[2026-07-03 19:15:12] Seen 20,000 samples
[2026-07-03 19:15:12] Starting data epoch 776 in logical epoch 776
[2026-07-03 19:15:12] [data] Shuffling data
[2026-07-03 19:15:12] [data] Done reading 20,000 sentences
[2026-07-03 19:15:12] [data] Done shuffling 20,000 sentences to temp files
[2026-07-03 19:15:28] Seen 20,000 samples
[2026-07-03 19:15:28] Starting data epoch 777 in logical epoch 777
[2026-07-03 19:15:28] [data] Shuffling data
[2026-07-03 19:15:28] [data] Done reading 20,000 sentences
[2026-07-03 19:15:28] [data] Done shuffling 20,000 sentences to temp files
[2026-07-03 19:15:44] Seen 20,000 samples
[2026-07-03 19:15:44] Starting data epoch 778 in logical epoch 778
[2026-07-03 19:15:44] [data] Shuffling data
[2026-07-03 19:15:44] [data] Done reading 20,000 sentences
[2026-07-03 19:15:44] [data] Done shuffling 20,000 sentences to temp files
[2026-07-03 19:15:56] Ep. 778 : Up. 49000 : Sen. 15,707 : Cost 1.11465883 * 613,647 @ 729 after 60,150,685 : Time 124.52s : 4928.16 words/s : gNorm 0.2537 : L.r. 1.7143e-04
[2026-07-03 19:16:00] Seen 20,000 samples
[2026-07-03 19:16:00] Starting data epoch 779 in logical epoch 779
[2026-07-03 19:16:00] [data] Shuffling data
[2026-07-03 19:16:00] [data] Done reading 20,000 sentences
[2026-07-03 19:16:00] [data] Done shuffling 20,000 sentences to temp files
[2026-07-03 19:16:15] Seen 20,000 samples
[2026-07-03 19:16:15] Starting data epoch 780 in logical epoch 780
[2026-07-03 19:16:15] [data] Shuffling data
[2026-07-03 19:16:15] [data] Done reading 20,000 sentences
[2026-07-03 19:16:15] [data] Done shuffling 20,000 sentences to temp files
[2026-07-03 19:16:31] Seen 20,000 samples
[2026-07-03 19:16:31] Starting data epoch 781 in logical epoch 781
[2026-07-03 19:16:31] [data] Shuffling data
[2026-07-03 19:16:31] [data] Done reading 20,000 sentences
[2026-07-03 19:16:31] [data] Done shuffling 20,000 sentences to temp files
[2026-07-03 19:16:46] Seen 20,000 samples
[2026-07-03 19:16:46] Starting data epoch 782 in logical epoch 782
[2026-07-03 19:16:46] [data] Shuffling data
[2026-07-03 19:16:46] [data] Done reading 20,000 sentences
[2026-07-03 19:16:47] [data] Done shuffling 20,000 sentences to temp files
[2026-07-03 19:17:02] Seen 20,000 samples
[2026-07-03 19:17:02] Starting data epoch 783 in logical epoch 783
[2026-07-03 19:17:02] [data] Shuffling data
[2026-07-03 19:17:02] [data] Done reading 20,000 sentences
[2026-07-03 19:17:02] [data] Done shuffling 20,000 sentences to temp files
[2026-07-03 19:17:18] Seen 20,000 samples
[2026-07-03 19:17:18] Starting data epoch 784 in logical epoch 784
[2026-07-03 19:17:18] [data] Shuffling data
[2026-07-03 19:17:18] [data] Done reading 20,000 sentences
[2026-07-03 19:17:18] [data] Done shuffling 20,000 sentences to temp files
[2026-07-03 19:17:34] Seen 20,000 samples
[2026-07-03 19:17:34] Starting data epoch 785 in logical epoch 785
[2026-07-03 19:17:34] [data] Shuffling data
[2026-07-03 19:17:34] [data] Done reading 20,000 sentences
[2026-07-03 19:17:34] [data] Done shuffling 20,000 sentences to temp files
[2026-07-03 19:17:49] Seen 20,000 samples
[2026-07-03 19:17:49] Starting data epoch 786 in logical epoch 786
[2026-07-03 19:17:49] [data] Shuffling data
[2026-07-03 19:17:49] [data] Done reading 20,000 sentences
[2026-07-03 19:17:49] [data] Done shuffling 20,000 sentences to temp files
[2026-07-03 19:18:01] Ep. 786 : Up. 49500 : Sen. 14,465 : Cost 1.11458099 * 615,039 @ 1,867 after 60,765,724 : Time 124.92s : 4923.59 words/s : gNorm 0.2835 : L.r. 1.7056e-04
[2026-07-03 19:18:05] Seen 20,000 samples
[2026-07-03 19:18:05] Starting data epoch 787 in logical epoch 787
[2026-07-03 19:18:05] [data] Shuffling data
[2026-07-03 19:18:05] [data] Done reading 20,000 sentences
[2026-07-03 19:18:05] [data] Done shuffling 20,000 sentences to temp files
[2026-07-03 19:18:21] Seen 20,000 samples
[2026-07-03 19:18:21] Starting data epoch 788 in logical epoch 788
[2026-07-03 19:18:21] [data] Shuffling data
[2026-07-03 19:18:21] [data] Done reading 20,000 sentences
[2026-07-03 19:18:21] [data] Done shuffling 20,000 sentences to temp files
[2026-07-03 19:18:36] Seen 20,000 samples
[2026-07-03 19:18:36] Starting data epoch 789 in logical epoch 789
[2026-07-03 19:18:36] [data] Shuffling data
[2026-07-03 19:18:36] [data] Done reading 20,000 sentences
[2026-07-03 19:18:36] [data] Done shuffling 20,000 sentences to temp files
[2026-07-03 19:18:52] Seen 20,000 samples
[2026-07-03 19:18:52] Starting data epoch 790 in logical epoch 790
[2026-07-03 19:18:52] [data] Shuffling data
[2026-07-03 19:18:52] [data] Done reading 20,000 sentences
[2026-07-03 19:18:52] [data] Done shuffling 20,000 sentences to temp files
[2026-07-03 19:19:08] Seen 20,000 samples
[2026-07-03 19:19:08] Starting data epoch 791 in logical epoch 791
[2026-07-03 19:19:08] [data] Shuffling data
[2026-07-03 19:19:08] [data] Done reading 20,000 sentences
[2026-07-03 19:19:08] [data] Done shuffling 20,000 sentences to temp files
[2026-07-03 19:19:23] Seen 20,000 samples
[2026-07-03 19:19:23] Starting data epoch 792 in logical epoch 792
[2026-07-03 19:19:23] [data] Shuffling data
[2026-07-03 19:19:23] [data] Done reading 20,000 sentences
[2026-07-03 19:19:23] [data] Done shuffling 20,000 sentences to temp files
[2026-07-03 19:19:39] Seen 20,000 samples
[2026-07-03 19:19:39] Starting data epoch 793 in logical epoch 793
[2026-07-03 19:19:39] [data] Shuffling data
[2026-07-03 19:19:39] [data] Done reading 20,000 sentences
[2026-07-03 19:19:39] [data] Done shuffling 20,000 sentences to temp files
[2026-07-03 19:19:55] Seen 20,000 samples
[2026-07-03 19:19:55] Starting data epoch 794 in logical epoch 794
[2026-07-03 19:19:55] [data] Shuffling data
[2026-07-03 19:19:55] [data] Done reading 20,000 sentences
[2026-07-03 19:19:55] [data] Done shuffling 20,000 sentences to temp files
[2026-07-03 19:20:05] Ep. 794 : Up. 50000 : Sen. 13,133 : Cost 1.11386597 * 612,087 @ 999 after 61,377,811 : Time 123.92s : 4939.29 words/s : gNorm 0.2702 : L.r. 1.6971e-04
[2026-07-03 19:20:05] Saving model weights and runtime parameters to model.transformer.phmy/model.iter50000.npz
[2026-07-03 19:20:05] Saving model weights and runtime parameters to model.transformer.phmy/model.npz
[2026-07-03 19:20:05] Saving Adam parameters
[2026-07-03 19:20:06] [training] Saving training checkpoint to model.transformer.phmy/model.npz and model.transformer.phmy/model.npz.optimizer.npz
[2026-07-03 19:20:07] [valid] Ep. 794 : Up. 50000 : cross-entropy : 2.83179 : stalled 8 times (last best: 1.83935)
[2026-07-03 19:20:08] [valid] Ep. 794 : Up. 50000 : perplexity : 2.08918 : stalled 8 times (last best: 1.61375)
[2026-07-03 19:20:10] [valid] Ep. 794 : Up. 50000 : bleu : 75.7721 : stalled 8 times (last best: 76.1047)
[2026-07-03 19:20:16] Seen 20,000 samples
[2026-07-03 19:20:16] Starting data epoch 795 in logical epoch 795
[2026-07-03 19:20:16] [data] Shuffling data
[2026-07-03 19:20:16] [data] Done reading 20,000 sentences
[2026-07-03 19:20:16] [data] Done shuffling 20,000 sentences to temp files
[2026-07-03 19:20:32] Seen 20,000 samples
[2026-07-03 19:20:32] Starting data epoch 796 in logical epoch 796
[2026-07-03 19:20:32] [data] Shuffling data
[2026-07-03 19:20:32] [data] Done reading 20,000 sentences
[2026-07-03 19:20:32] [data] Done shuffling 20,000 sentences to temp files
[2026-07-03 19:20:47] Seen 20,000 samples
[2026-07-03 19:20:47] Starting data epoch 797 in logical epoch 797
[2026-07-03 19:20:47] [data] Shuffling data
[2026-07-03 19:20:47] [data] Done reading 20,000 sentences
[2026-07-03 19:20:47] [data] Done shuffling 20,000 sentences to temp files
[2026-07-03 19:21:03] Seen 20,000 samples
[2026-07-03 19:21:03] Starting data epoch 798 in logical epoch 798
[2026-07-03 19:21:03] [data] Shuffling data
[2026-07-03 19:21:03] [data] Done reading 20,000 sentences
[2026-07-03 19:21:03] [data] Done shuffling 20,000 sentences to temp files
[2026-07-03 19:21:19] Seen 20,000 samples
[2026-07-03 19:21:19] Starting data epoch 799 in logical epoch 799
[2026-07-03 19:21:19] [data] Shuffling data
[2026-07-03 19:21:19] [data] Done reading 20,000 sentences
[2026-07-03 19:21:19] [data] Done shuffling 20,000 sentences to temp files
[2026-07-03 19:21:35] Seen 20,000 samples
[2026-07-03 19:21:35] Starting data epoch 800 in logical epoch 800
[2026-07-03 19:21:35] [data] Shuffling data
[2026-07-03 19:21:35] [data] Done reading 20,000 sentences
[2026-07-03 19:21:35] [data] Done shuffling 20,000 sentences to temp files
[2026-07-03 19:21:50] Seen 20,000 samples
[2026-07-03 19:21:50] Starting data epoch 801 in logical epoch 801
[2026-07-03 19:21:50] [data] Shuffling data
[2026-07-03 19:21:50] [data] Done reading 20,000 sentences
[2026-07-03 19:21:50] [data] Done shuffling 20,000 sentences to temp files
[2026-07-03 19:22:06] Seen 20,000 samples
[2026-07-03 19:22:06] Starting data epoch 802 in logical epoch 802
[2026-07-03 19:22:06] [data] Shuffling data
[2026-07-03 19:22:06] [data] Done reading 20,000 sentences
[2026-07-03 19:22:06] [data] Done shuffling 20,000 sentences to temp files
[2026-07-03 19:22:15] Ep. 802 : Up. 50500 : Sen. 11,801 : Cost 1.11452520 * 614,468 @ 729 after 61,992,279 : Time 130.51s : 4708.07 words/s : gNorm 0.3035 : L.r. 1.6886e-04
[2026-07-03 19:22:22] Seen 20,000 samples
[2026-07-03 19:22:22] Starting data epoch 803 in logical epoch 803
[2026-07-03 19:22:22] [data] Shuffling data
[2026-07-03 19:22:22] [data] Done reading 20,000 sentences
[2026-07-03 19:22:22] [data] Done shuffling 20,000 sentences to temp files
[2026-07-03 19:22:37] Seen 20,000 samples
[2026-07-03 19:22:37] Starting data epoch 804 in logical epoch 804
[2026-07-03 19:22:37] [data] Shuffling data
[2026-07-03 19:22:37] [data] Done reading 20,000 sentences
[2026-07-03 19:22:37] [data] Done shuffling 20,000 sentences to temp files
[2026-07-03 19:22:53] Seen 20,000 samples
[2026-07-03 19:22:53] Starting data epoch 805 in logical epoch 805
[2026-07-03 19:22:53] [data] Shuffling data
[2026-07-03 19:22:53] [data] Done reading 20,000 sentences
[2026-07-03 19:22:53] [data] Done shuffling 20,000 sentences to temp files
[2026-07-03 19:23:09] Seen 20,000 samples
[2026-07-03 19:23:09] Starting data epoch 806 in logical epoch 806
[2026-07-03 19:23:09] [data] Shuffling data
[2026-07-03 19:23:09] [data] Done reading 20,000 sentences
[2026-07-03 19:23:09] [data] Done shuffling 20,000 sentences to temp files
[2026-07-03 19:23:24] Seen 20,000 samples
[2026-07-03 19:23:24] Starting data epoch 807 in logical epoch 807
[2026-07-03 19:23:24] [data] Shuffling data
[2026-07-03 19:23:24] [data] Done reading 20,000 sentences
[2026-07-03 19:23:24] [data] Done shuffling 20,000 sentences to temp files
[2026-07-03 19:23:40] Seen 20,000 samples
[2026-07-03 19:23:40] Starting data epoch 808 in logical epoch 808
[2026-07-03 19:23:40] [data] Shuffling data
[2026-07-03 19:23:40] [data] Done reading 20,000 sentences
[2026-07-03 19:23:40] [data] Done shuffling 20,000 sentences to temp files
[2026-07-03 19:23:56] Seen 20,000 samples
[2026-07-03 19:23:56] Starting data epoch 809 in logical epoch 809
[2026-07-03 19:23:56] [data] Shuffling data
[2026-07-03 19:23:56] [data] Done reading 20,000 sentences
[2026-07-03 19:23:56] [data] Done shuffling 20,000 sentences to temp files
[2026-07-03 19:24:11] Seen 20,000 samples
[2026-07-03 19:24:11] Starting data epoch 810 in logical epoch 810
[2026-07-03 19:24:11] [data] Shuffling data
[2026-07-03 19:24:11] [data] Done reading 20,000 sentences
[2026-07-03 19:24:11] [data] Done shuffling 20,000 sentences to temp files
[2026-07-03 19:24:20] Ep. 810 : Up. 51000 : Sen. 10,469 : Cost 1.11527038 * 613,124 @ 999 after 62,605,403 : Time 124.30s : 4932.44 words/s : gNorm 0.3641 : L.r. 1.6803e-04
[2026-07-03 19:24:27] Seen 20,000 samples
[2026-07-03 19:24:27] Starting data epoch 811 in logical epoch 811
[2026-07-03 19:24:27] [data] Shuffling data
[2026-07-03 19:24:27] [data] Done reading 20,000 sentences
[2026-07-03 19:24:27] [data] Done shuffling 20,000 sentences to temp files
[2026-07-03 19:24:43] Seen 20,000 samples
[2026-07-03 19:24:43] Starting data epoch 812 in logical epoch 812
[2026-07-03 19:24:43] [data] Shuffling data
[2026-07-03 19:24:43] [data] Done reading 20,000 sentences
[2026-07-03 19:24:43] [data] Done shuffling 20,000 sentences to temp files
[2026-07-03 19:24:58] Seen 20,000 samples
[2026-07-03 19:24:58] Starting data epoch 813 in logical epoch 813
[2026-07-03 19:24:58] [data] Shuffling data
[2026-07-03 19:24:58] [data] Done reading 20,000 sentences
[2026-07-03 19:24:59] [data] Done shuffling 20,000 sentences to temp files
[2026-07-03 19:25:14] Seen 20,000 samples
[2026-07-03 19:25:14] Starting data epoch 814 in logical epoch 814
[2026-07-03 19:25:14] [data] Shuffling data
[2026-07-03 19:25:14] [data] Done reading 20,000 sentences
[2026-07-03 19:25:14] [data] Done shuffling 20,000 sentences to temp files
[2026-07-03 19:25:30] Seen 20,000 samples
[2026-07-03 19:25:30] Starting data epoch 815 in logical epoch 815
[2026-07-03 19:25:30] [data] Shuffling data
[2026-07-03 19:25:30] [data] Done reading 20,000 sentences
[2026-07-03 19:25:30] [data] Done shuffling 20,000 sentences to temp files
[2026-07-03 19:25:45] Seen 20,000 samples
[2026-07-03 19:25:45] Starting data epoch 816 in logical epoch 816
[2026-07-03 19:25:45] [data] Shuffling data
[2026-07-03 19:25:45] [data] Done reading 20,000 sentences
[2026-07-03 19:25:46] [data] Done shuffling 20,000 sentences to temp files
[2026-07-03 19:26:01] Seen 20,000 samples
[2026-07-03 19:26:01] Starting data epoch 817 in logical epoch 817
[2026-07-03 19:26:01] [data] Shuffling data
[2026-07-03 19:26:01] [data] Done reading 20,000 sentences
[2026-07-03 19:26:01] [data] Done shuffling 20,000 sentences to temp files
[2026-07-03 19:26:17] Seen 20,000 samples
[2026-07-03 19:26:17] Starting data epoch 818 in logical epoch 818
[2026-07-03 19:26:17] [data] Shuffling data
[2026-07-03 19:26:17] [data] Done reading 20,000 sentences
[2026-07-03 19:26:17] [data] Done shuffling 20,000 sentences to temp files
[2026-07-03 19:26:24] Ep. 818 : Up. 51500 : Sen. 9,227 : Cost 1.11409354 * 613,959 @ 999 after 63,219,362 : Time 124.54s : 4929.96 words/s : gNorm 0.3891 : L.r. 1.6722e-04
[2026-07-03 19:26:33] Seen 20,000 samples
[2026-07-03 19:26:33] Starting data epoch 819 in logical epoch 819
[2026-07-03 19:26:33] [data] Shuffling data
[2026-07-03 19:26:33] [data] Done reading 20,000 sentences
[2026-07-03 19:26:33] [data] Done shuffling 20,000 sentences to temp files
[2026-07-03 19:26:48] Seen 20,000 samples
[2026-07-03 19:26:48] Starting data epoch 820 in logical epoch 820
[2026-07-03 19:26:48] [data] Shuffling data
[2026-07-03 19:26:48] [data] Done reading 20,000 sentences
[2026-07-03 19:26:48] [data] Done shuffling 20,000 sentences to temp files
[2026-07-03 19:27:04] Seen 20,000 samples
[2026-07-03 19:27:04] Starting data epoch 821 in logical epoch 821
[2026-07-03 19:27:04] [data] Shuffling data
[2026-07-03 19:27:04] [data] Done reading 20,000 sentences
[2026-07-03 19:27:04] [data] Done shuffling 20,000 sentences to temp files
[2026-07-03 19:27:20] Seen 20,000 samples
[2026-07-03 19:27:20] Starting data epoch 822 in logical epoch 822
[2026-07-03 19:27:20] [data] Shuffling data
[2026-07-03 19:27:20] [data] Done reading 20,000 sentences
[2026-07-03 19:27:20] [data] Done shuffling 20,000 sentences to temp files
[2026-07-03 19:27:35] Seen 20,000 samples
[2026-07-03 19:27:35] Starting data epoch 823 in logical epoch 823
[2026-07-03 19:27:35] [data] Shuffling data
[2026-07-03 19:27:35] [data] Done reading 20,000 sentences
[2026-07-03 19:27:35] [data] Done shuffling 20,000 sentences to temp files
[2026-07-03 19:27:51] Seen 20,000 samples
[2026-07-03 19:27:51] Starting data epoch 824 in logical epoch 824
[2026-07-03 19:27:51] [data] Shuffling data
[2026-07-03 19:27:51] [data] Done reading 20,000 sentences
[2026-07-03 19:27:51] [data] Done shuffling 20,000 sentences to temp files
[2026-07-03 19:28:07] Seen 20,000 samples
[2026-07-03 19:28:07] Starting data epoch 825 in logical epoch 825
[2026-07-03 19:28:07] [data] Shuffling data
[2026-07-03 19:28:07] [data] Done reading 20,000 sentences
[2026-07-03 19:28:07] [data] Done shuffling 20,000 sentences to temp files
[2026-07-03 19:28:22] Seen 20,000 samples
[2026-07-03 19:28:22] Starting data epoch 826 in logical epoch 826
[2026-07-03 19:28:22] [data] Shuffling data
[2026-07-03 19:28:22] [data] Done reading 20,000 sentences
[2026-07-03 19:28:23] [data] Done shuffling 20,000 sentences to temp files
[2026-07-03 19:28:29] Ep. 826 : Up. 52000 : Sen. 8,065 : Cost 1.11406457 * 613,979 @ 999 after 63,833,341 : Time 124.65s : 4925.78 words/s : gNorm 0.3379 : L.r. 1.6641e-04
[2026-07-03 19:28:38] Seen 20,000 samples
[2026-07-03 19:28:38] Starting data epoch 827 in logical epoch 827
[2026-07-03 19:28:38] [data] Shuffling data
[2026-07-03 19:28:38] [data] Done reading 20,000 sentences
[2026-07-03 19:28:38] [data] Done shuffling 20,000 sentences to temp files
[2026-07-03 19:28:54] Seen 20,000 samples
[2026-07-03 19:28:54] Starting data epoch 828 in logical epoch 828
[2026-07-03 19:28:54] [data] Shuffling data
[2026-07-03 19:28:54] [data] Done reading 20,000 sentences
[2026-07-03 19:28:54] [data] Done shuffling 20,000 sentences to temp files
[2026-07-03 19:29:09] Seen 20,000 samples
[2026-07-03 19:29:09] Starting data epoch 829 in logical epoch 829
[2026-07-03 19:29:09] [data] Shuffling data
[2026-07-03 19:29:09] [data] Done reading 20,000 sentences
[2026-07-03 19:29:10] [data] Done shuffling 20,000 sentences to temp files
[2026-07-03 19:29:25] Seen 20,000 samples
[2026-07-03 19:29:25] Starting data epoch 830 in logical epoch 830
[2026-07-03 19:29:25] [data] Shuffling data
[2026-07-03 19:29:25] [data] Done reading 20,000 sentences
[2026-07-03 19:29:25] [data] Done shuffling 20,000 sentences to temp files
[2026-07-03 19:29:41] Seen 20,000 samples
[2026-07-03 19:29:41] Starting data epoch 831 in logical epoch 831
[2026-07-03 19:29:41] [data] Shuffling data
[2026-07-03 19:29:41] [data] Done reading 20,000 sentences
[2026-07-03 19:29:41] [data] Done shuffling 20,000 sentences to temp files
[2026-07-03 19:29:57] Seen 20,000 samples
[2026-07-03 19:29:57] Starting data epoch 832 in logical epoch 832
[2026-07-03 19:29:57] [data] Shuffling data
[2026-07-03 19:29:57] [data] Done reading 20,000 sentences
[2026-07-03 19:29:57] [data] Done shuffling 20,000 sentences to temp files
[2026-07-03 19:30:12] Seen 20,000 samples
[2026-07-03 19:30:12] Starting data epoch 833 in logical epoch 833
[2026-07-03 19:30:12] [data] Shuffling data
[2026-07-03 19:30:12] [data] Done reading 20,000 sentences
[2026-07-03 19:30:12] [data] Done shuffling 20,000 sentences to temp files
[2026-07-03 19:30:28] Seen 20,000 samples
[2026-07-03 19:30:28] Starting data epoch 834 in logical epoch 834
[2026-07-03 19:30:28] [data] Shuffling data
[2026-07-03 19:30:28] [data] Done reading 20,000 sentences
[2026-07-03 19:30:28] [data] Done shuffling 20,000 sentences to temp files
[2026-07-03 19:30:33] Ep. 834 : Up. 52500 : Sen. 6,643 : Cost 1.11411023 * 613,012 @ 729 after 64,446,353 : Time 124.40s : 4927.62 words/s : gNorm 0.4006 : L.r. 1.6562e-04
[2026-07-03 19:30:44] Seen 20,000 samples
[2026-07-03 19:30:44] Starting data epoch 835 in logical epoch 835
[2026-07-03 19:30:44] [data] Shuffling data
[2026-07-03 19:30:44] [data] Done reading 20,000 sentences
[2026-07-03 19:30:44] [data] Done shuffling 20,000 sentences to temp files
[2026-07-03 19:30:59] Seen 20,000 samples
[2026-07-03 19:30:59] Starting data epoch 836 in logical epoch 836
[2026-07-03 19:30:59] [data] Shuffling data
[2026-07-03 19:30:59] [data] Done reading 20,000 sentences
[2026-07-03 19:30:59] [data] Done shuffling 20,000 sentences to temp files
[2026-07-03 19:31:15] Seen 20,000 samples
[2026-07-03 19:31:15] Starting data epoch 837 in logical epoch 837
[2026-07-03 19:31:15] [data] Shuffling data
[2026-07-03 19:31:15] [data] Done reading 20,000 sentences
[2026-07-03 19:31:15] [data] Done shuffling 20,000 sentences to temp files
[2026-07-03 19:31:31] Seen 20,000 samples
[2026-07-03 19:31:31] Starting data epoch 838 in logical epoch 838
[2026-07-03 19:31:31] [data] Shuffling data
[2026-07-03 19:31:31] [data] Done reading 20,000 sentences
[2026-07-03 19:31:31] [data] Done shuffling 20,000 sentences to temp files
[2026-07-03 19:31:47] Seen 20,000 samples
[2026-07-03 19:31:47] Starting data epoch 839 in logical epoch 839
[2026-07-03 19:31:47] [data] Shuffling data
[2026-07-03 19:31:47] [data] Done reading 20,000 sentences
[2026-07-03 19:31:47] [data] Done shuffling 20,000 sentences to temp files
[2026-07-03 19:32:02] Seen 20,000 samples
[2026-07-03 19:32:02] Starting data epoch 840 in logical epoch 840
[2026-07-03 19:32:02] [data] Shuffling data
[2026-07-03 19:32:02] [data] Done reading 20,000 sentences
[2026-07-03 19:32:02] [data] Done shuffling 20,000 sentences to temp files
[2026-07-03 19:32:18] Seen 20,000 samples
[2026-07-03 19:32:18] Starting data epoch 841 in logical epoch 841
[2026-07-03 19:32:18] [data] Shuffling data
[2026-07-03 19:32:18] [data] Done reading 20,000 sentences
[2026-07-03 19:32:18] [data] Done shuffling 20,000 sentences to temp files
[2026-07-03 19:32:34] Seen 20,000 samples
[2026-07-03 19:32:34] Starting data epoch 842 in logical epoch 842
[2026-07-03 19:32:34] [data] Shuffling data
[2026-07-03 19:32:34] [data] Done reading 20,000 sentences
[2026-07-03 19:32:34] [data] Done shuffling 20,000 sentences to temp files
[2026-07-03 19:32:38] Ep. 842 : Up. 53000 : Sen. 5,571 : Cost 1.11408496 * 614,794 @ 1,665 after 65,061,147 : Time 124.79s : 4926.47 words/s : gNorm 0.2558 : L.r. 1.6483e-04
[2026-07-03 19:32:49] Seen 20,000 samples
[2026-07-03 19:32:49] Starting data epoch 843 in logical epoch 843
[2026-07-03 19:32:49] [data] Shuffling data
[2026-07-03 19:32:49] [data] Done reading 20,000 sentences
[2026-07-03 19:32:49] [data] Done shuffling 20,000 sentences to temp files
[2026-07-03 19:33:05] Seen 20,000 samples
[2026-07-03 19:33:05] Starting data epoch 844 in logical epoch 844
[2026-07-03 19:33:05] [data] Shuffling data
[2026-07-03 19:33:05] [data] Done reading 20,000 sentences
[2026-07-03 19:33:05] [data] Done shuffling 20,000 sentences to temp files
[2026-07-03 19:33:21] Seen 20,000 samples
[2026-07-03 19:33:21] Starting data epoch 845 in logical epoch 845
[2026-07-03 19:33:21] [data] Shuffling data
[2026-07-03 19:33:21] [data] Done reading 20,000 sentences
[2026-07-03 19:33:21] [data] Done shuffling 20,000 sentences to temp files
[2026-07-03 19:33:36] Seen 20,000 samples
[2026-07-03 19:33:36] Starting data epoch 846 in logical epoch 846
[2026-07-03 19:33:36] [data] Shuffling data
[2026-07-03 19:33:37] [data] Done reading 20,000 sentences
[2026-07-03 19:33:37] [data] Done shuffling 20,000 sentences to temp files
[2026-07-03 19:33:52] Seen 20,000 samples
[2026-07-03 19:33:52] Starting data epoch 847 in logical epoch 847
[2026-07-03 19:33:52] [data] Shuffling data
[2026-07-03 19:33:52] [data] Done reading 20,000 sentences
[2026-07-03 19:33:52] [data] Done shuffling 20,000 sentences to temp files
[2026-07-03 19:34:08] Seen 20,000 samples
[2026-07-03 19:34:08] Starting data epoch 848 in logical epoch 848
[2026-07-03 19:34:08] [data] Shuffling data
[2026-07-03 19:34:08] [data] Done reading 20,000 sentences
[2026-07-03 19:34:08] [data] Done shuffling 20,000 sentences to temp files
[2026-07-03 19:34:24] Seen 20,000 samples
[2026-07-03 19:34:24] Starting data epoch 849 in logical epoch 849
[2026-07-03 19:34:24] [data] Shuffling data
[2026-07-03 19:34:24] [data] Done reading 20,000 sentences
[2026-07-03 19:34:24] [data] Done shuffling 20,000 sentences to temp files
[2026-07-03 19:34:39] Seen 20,000 samples
[2026-07-03 19:34:39] Starting data epoch 850 in logical epoch 850
[2026-07-03 19:34:39] [data] Shuffling data
[2026-07-03 19:34:39] [data] Done reading 20,000 sentences
[2026-07-03 19:34:39] [data] Done shuffling 20,000 sentences to temp files
[2026-07-03 19:34:43] Ep. 850 : Up. 53500 : Sen. 4,069 : Cost 1.11349273 * 612,812 @ 999 after 65,673,959 : Time 124.66s : 4916.01 words/s : gNorm 0.2310 : L.r. 1.6406e-04
[2026-07-03 19:34:55] Seen 20,000 samples
[2026-07-03 19:34:55] Starting data epoch 851 in logical epoch 851
[2026-07-03 19:34:55] [data] Shuffling data
[2026-07-03 19:34:55] [data] Done reading 20,000 sentences
[2026-07-03 19:34:55] [data] Done shuffling 20,000 sentences to temp files
[2026-07-03 19:35:11] Seen 20,000 samples
[2026-07-03 19:35:11] Starting data epoch 852 in logical epoch 852
[2026-07-03 19:35:11] [data] Shuffling data
[2026-07-03 19:35:11] [data] Done reading 20,000 sentences
[2026-07-03 19:35:11] [data] Done shuffling 20,000 sentences to temp files
[2026-07-03 19:35:27] Seen 20,000 samples
[2026-07-03 19:35:27] Starting data epoch 853 in logical epoch 853
[2026-07-03 19:35:27] [data] Shuffling data
[2026-07-03 19:35:27] [data] Done reading 20,000 sentences
[2026-07-03 19:35:27] [data] Done shuffling 20,000 sentences to temp files
[2026-07-03 19:35:42] Seen 20,000 samples
[2026-07-03 19:35:42] Starting data epoch 854 in logical epoch 854
[2026-07-03 19:35:42] [data] Shuffling data
[2026-07-03 19:35:42] [data] Done reading 20,000 sentences
[2026-07-03 19:35:43] [data] Done shuffling 20,000 sentences to temp files
[2026-07-03 19:35:58] Seen 20,000 samples
[2026-07-03 19:35:58] Starting data epoch 855 in logical epoch 855
[2026-07-03 19:35:58] [data] Shuffling data
[2026-07-03 19:35:58] [data] Done reading 20,000 sentences
[2026-07-03 19:35:58] [data] Done shuffling 20,000 sentences to temp files
[2026-07-03 19:36:14] Seen 20,000 samples
[2026-07-03 19:36:14] Starting data epoch 856 in logical epoch 856
[2026-07-03 19:36:14] [data] Shuffling data
[2026-07-03 19:36:14] [data] Done reading 20,000 sentences
[2026-07-03 19:36:14] [data] Done shuffling 20,000 sentences to temp files
[2026-07-03 19:36:30] Seen 20,000 samples
[2026-07-03 19:36:30] Starting data epoch 857 in logical epoch 857
[2026-07-03 19:36:30] [data] Shuffling data
[2026-07-03 19:36:30] [data] Done reading 20,000 sentences
[2026-07-03 19:36:30] [data] Done shuffling 20,000 sentences to temp files
[2026-07-03 19:36:45] Seen 20,000 samples
[2026-07-03 19:36:45] Starting data epoch 858 in logical epoch 858
[2026-07-03 19:36:45] [data] Shuffling data
[2026-07-03 19:36:45] [data] Done reading 20,000 sentences
[2026-07-03 19:36:46] [data] Done shuffling 20,000 sentences to temp files
[2026-07-03 19:36:48] Ep. 858 : Up. 54000 : Sen. 2,997 : Cost 1.11368179 * 615,510 @ 1,332 after 66,289,469 : Time 125.39s : 4908.84 words/s : gNorm 0.2814 : L.r. 1.6330e-04
[2026-07-03 19:37:01] Seen 20,000 samples
[2026-07-03 19:37:01] Starting data epoch 859 in logical epoch 859
[2026-07-03 19:37:01] [data] Shuffling data
[2026-07-03 19:37:01] [data] Done reading 20,000 sentences
[2026-07-03 19:37:01] [data] Done shuffling 20,000 sentences to temp files
[2026-07-03 19:37:17] Seen 20,000 samples
[2026-07-03 19:37:17] Starting data epoch 860 in logical epoch 860
[2026-07-03 19:37:17] [data] Shuffling data
[2026-07-03 19:37:17] [data] Done reading 20,000 sentences
[2026-07-03 19:37:17] [data] Done shuffling 20,000 sentences to temp files
[2026-07-03 19:37:33] Seen 20,000 samples
[2026-07-03 19:37:33] Starting data epoch 861 in logical epoch 861
[2026-07-03 19:37:33] [data] Shuffling data
[2026-07-03 19:37:33] [data] Done reading 20,000 sentences
[2026-07-03 19:37:33] [data] Done shuffling 20,000 sentences to temp files
[2026-07-03 19:37:48] Seen 20,000 samples
[2026-07-03 19:37:48] Starting data epoch 862 in logical epoch 862
[2026-07-03 19:37:48] [data] Shuffling data
[2026-07-03 19:37:48] [data] Done reading 20,000 sentences
[2026-07-03 19:37:49] [data] Done shuffling 20,000 sentences to temp files
[2026-07-03 19:38:04] Seen 20,000 samples
[2026-07-03 19:38:04] Starting data epoch 863 in logical epoch 863
[2026-07-03 19:38:04] [data] Shuffling data
[2026-07-03 19:38:04] [data] Done reading 20,000 sentences
[2026-07-03 19:38:04] [data] Done shuffling 20,000 sentences to temp files
[2026-07-03 19:38:20] Seen 20,000 samples
[2026-07-03 19:38:20] Starting data epoch 864 in logical epoch 864
[2026-07-03 19:38:20] [data] Shuffling data
[2026-07-03 19:38:20] [data] Done reading 20,000 sentences
[2026-07-03 19:38:20] [data] Done shuffling 20,000 sentences to temp files
[2026-07-03 19:38:36] Seen 20,000 samples
[2026-07-03 19:38:36] Starting data epoch 865 in logical epoch 865
[2026-07-03 19:38:36] [data] Shuffling data
[2026-07-03 19:38:36] [data] Done reading 20,000 sentences
[2026-07-03 19:38:36] [data] Done shuffling 20,000 sentences to temp files
[2026-07-03 19:38:51] Seen 20,000 samples
[2026-07-03 19:38:51] Starting data epoch 866 in logical epoch 866
[2026-07-03 19:38:51] [data] Shuffling data
[2026-07-03 19:38:51] [data] Done reading 20,000 sentences
[2026-07-03 19:38:52] [data] Done shuffling 20,000 sentences to temp files
[2026-07-03 19:38:53] Ep. 866 : Up. 54500 : Sen. 1,575 : Cost 1.11313701 * 612,228 @ 1,665 after 66,901,697 : Time 124.74s : 4908.15 words/s : gNorm 0.1665 : L.r. 1.6255e-04
[2026-07-03 19:39:07] Seen 20,000 samples
[2026-07-03 19:39:07] Starting data epoch 867 in logical epoch 867
[2026-07-03 19:39:07] [data] Shuffling data
[2026-07-03 19:39:07] [data] Done reading 20,000 sentences
[2026-07-03 19:39:07] [data] Done shuffling 20,000 sentences to temp files
[2026-07-03 19:39:23] Seen 20,000 samples
[2026-07-03 19:39:23] Starting data epoch 868 in logical epoch 868
[2026-07-03 19:39:23] [data] Shuffling data
[2026-07-03 19:39:23] [data] Done reading 20,000 sentences
[2026-07-03 19:39:23] [data] Done shuffling 20,000 sentences to temp files
[2026-07-03 19:39:39] Seen 20,000 samples
[2026-07-03 19:39:39] Starting data epoch 869 in logical epoch 869
[2026-07-03 19:39:39] [data] Shuffling data
[2026-07-03 19:39:39] [data] Done reading 20,000 sentences
[2026-07-03 19:39:39] [data] Done shuffling 20,000 sentences to temp files
[2026-07-03 19:39:54] Seen 20,000 samples
[2026-07-03 19:39:54] Starting data epoch 870 in logical epoch 870
[2026-07-03 19:39:54] [data] Shuffling data
[2026-07-03 19:39:54] [data] Done reading 20,000 sentences
[2026-07-03 19:39:55] [data] Done shuffling 20,000 sentences to temp files
[2026-07-03 19:40:10] Seen 20,000 samples
[2026-07-03 19:40:10] Starting data epoch 871 in logical epoch 871
[2026-07-03 19:40:10] [data] Shuffling data
[2026-07-03 19:40:10] [data] Done reading 20,000 sentences
[2026-07-03 19:40:10] [data] Done shuffling 20,000 sentences to temp files
[2026-07-03 19:40:26] Seen 20,000 samples
[2026-07-03 19:40:26] Starting data epoch 872 in logical epoch 872
[2026-07-03 19:40:26] [data] Shuffling data
[2026-07-03 19:40:26] [data] Done reading 20,000 sentences
[2026-07-03 19:40:26] [data] Done shuffling 20,000 sentences to temp files
[2026-07-03 19:40:42] Seen 20,000 samples
[2026-07-03 19:40:42] Starting data epoch 873 in logical epoch 873
[2026-07-03 19:40:42] [data] Shuffling data
[2026-07-03 19:40:42] [data] Done reading 20,000 sentences
[2026-07-03 19:40:42] [data] Done shuffling 20,000 sentences to temp files
[2026-07-03 19:40:58] Seen 20,000 samples
[2026-07-03 19:40:58] Starting data epoch 874 in logical epoch 874
[2026-07-03 19:40:58] [data] Shuffling data
[2026-07-03 19:40:58] [data] Done reading 20,000 sentences
[2026-07-03 19:40:58] [data] Done shuffling 20,000 sentences to temp files
[2026-07-03 19:40:58] Ep. 874 : Up. 55000 : Sen. 243 : Cost 1.11323464 * 613,360 @ 729 after 67,515,057 : Time 125.13s : 4901.76 words/s : gNorm 0.1663 : L.r. 1.6181e-04
[2026-07-03 19:40:58] Saving model weights and runtime parameters to model.transformer.phmy/model.iter55000.npz
[2026-07-03 19:40:58] Saving model weights and runtime parameters to model.transformer.phmy/model.npz
[2026-07-03 19:40:58] Saving Adam parameters
[2026-07-03 19:40:59] [training] Saving training checkpoint to model.transformer.phmy/model.npz and model.transformer.phmy/model.npz.optimizer.npz
[2026-07-03 19:41:00] [valid] Ep. 874 : Up. 55000 : cross-entropy : 2.86251 : stalled 9 times (last best: 1.83935)
[2026-07-03 19:41:01] [valid] Ep. 874 : Up. 55000 : perplexity : 2.10595 : stalled 9 times (last best: 1.61375)
[2026-07-03 19:41:03] [valid] Ep. 874 : Up. 55000 : bleu : 75.527 : stalled 9 times (last best: 76.1047)
[2026-07-03 19:41:19] Seen 20,000 samples
[2026-07-03 19:41:19] Starting data epoch 875 in logical epoch 875
[2026-07-03 19:41:19] [data] Shuffling data
[2026-07-03 19:41:19] [data] Done reading 20,000 sentences
[2026-07-03 19:41:19] [data] Done shuffling 20,000 sentences to temp files
[2026-07-03 19:41:35] Seen 20,000 samples
[2026-07-03 19:41:35] Starting data epoch 876 in logical epoch 876
[2026-07-03 19:41:35] [data] Shuffling data
[2026-07-03 19:41:35] [data] Done reading 20,000 sentences
[2026-07-03 19:41:35] [data] Done shuffling 20,000 sentences to temp files
[2026-07-03 19:41:50] Seen 20,000 samples
[2026-07-03 19:41:50] Starting data epoch 877 in logical epoch 877
[2026-07-03 19:41:50] [data] Shuffling data
[2026-07-03 19:41:50] [data] Done reading 20,000 sentences
[2026-07-03 19:41:50] [data] Done shuffling 20,000 sentences to temp files
[2026-07-03 19:42:06] Seen 20,000 samples
[2026-07-03 19:42:06] Starting data epoch 878 in logical epoch 878
[2026-07-03 19:42:06] [data] Shuffling data
[2026-07-03 19:42:06] [data] Done reading 20,000 sentences
[2026-07-03 19:42:06] [data] Done shuffling 20,000 sentences to temp files
[2026-07-03 19:42:22] Seen 20,000 samples
[2026-07-03 19:42:22] Starting data epoch 879 in logical epoch 879
[2026-07-03 19:42:22] [data] Shuffling data
[2026-07-03 19:42:22] [data] Done reading 20,000 sentences
[2026-07-03 19:42:22] [data] Done shuffling 20,000 sentences to temp files
[2026-07-03 19:42:38] Seen 20,000 samples
[2026-07-03 19:42:38] Starting data epoch 880 in logical epoch 880
[2026-07-03 19:42:38] [data] Shuffling data
[2026-07-03 19:42:38] [data] Done reading 20,000 sentences
[2026-07-03 19:42:38] [data] Done shuffling 20,000 sentences to temp files
[2026-07-03 19:42:53] Seen 20,000 samples
[2026-07-03 19:42:53] Starting data epoch 881 in logical epoch 881
[2026-07-03 19:42:53] [data] Shuffling data
[2026-07-03 19:42:53] [data] Done reading 20,000 sentences
[2026-07-03 19:42:53] [data] Done shuffling 20,000 sentences to temp files
[2026-07-03 19:43:08] Ep. 881 : Up. 55500 : Sen. 19,200 : Cost 1.11421597 * 614,861 @ 999 after 68,129,918 : Time 130.32s : 4718.00 words/s : gNorm 0.1948 : L.r. 1.6108e-04
[2026-07-03 19:43:09] Seen 20,000 samples
[2026-07-03 19:43:09] Starting data epoch 882 in logical epoch 882
[2026-07-03 19:43:09] [data] Shuffling data
[2026-07-03 19:43:09] [data] Done reading 20,000 sentences
[2026-07-03 19:43:09] [data] Done shuffling 20,000 sentences to temp files
[2026-07-03 19:43:25] Seen 20,000 samples
[2026-07-03 19:43:25] Starting data epoch 883 in logical epoch 883
[2026-07-03 19:43:25] [data] Shuffling data
[2026-07-03 19:43:25] [data] Done reading 20,000 sentences
[2026-07-03 19:43:25] [data] Done shuffling 20,000 sentences to temp files
[2026-07-03 19:43:40] Seen 20,000 samples
[2026-07-03 19:43:40] Starting data epoch 884 in logical epoch 884
[2026-07-03 19:43:40] [data] Shuffling data
[2026-07-03 19:43:40] [data] Done reading 20,000 sentences
[2026-07-03 19:43:40] [data] Done shuffling 20,000 sentences to temp files
[2026-07-03 19:43:56] Seen 20,000 samples
[2026-07-03 19:43:56] Starting data epoch 885 in logical epoch 885
[2026-07-03 19:43:56] [data] Shuffling data
[2026-07-03 19:43:56] [data] Done reading 20,000 sentences
[2026-07-03 19:43:56] [data] Done shuffling 20,000 sentences to temp files
[2026-07-03 19:44:12] Seen 20,000 samples
[2026-07-03 19:44:12] Starting data epoch 886 in logical epoch 886
[2026-07-03 19:44:12] [data] Shuffling data
[2026-07-03 19:44:12] [data] Done reading 20,000 sentences
[2026-07-03 19:44:12] [data] Done shuffling 20,000 sentences to temp files
[2026-07-03 19:44:28] Seen 20,000 samples
[2026-07-03 19:44:28] Starting data epoch 887 in logical epoch 887
[2026-07-03 19:44:28] [data] Shuffling data
[2026-07-03 19:44:28] [data] Done reading 20,000 sentences
[2026-07-03 19:44:28] [data] Done shuffling 20,000 sentences to temp files
[2026-07-03 19:44:43] Seen 20,000 samples
[2026-07-03 19:44:43] Starting data epoch 888 in logical epoch 888
[2026-07-03 19:44:43] [data] Shuffling data
[2026-07-03 19:44:43] [data] Done reading 20,000 sentences
[2026-07-03 19:44:43] [data] Done shuffling 20,000 sentences to temp files
[2026-07-03 19:44:59] Seen 20,000 samples
[2026-07-03 19:44:59] Starting data epoch 889 in logical epoch 889
[2026-07-03 19:44:59] [data] Shuffling data
[2026-07-03 19:44:59] [data] Done reading 20,000 sentences
[2026-07-03 19:44:59] [data] Done shuffling 20,000 sentences to temp files
[2026-07-03 19:45:13] Ep. 889 : Up. 56000 : Sen. 17,868 : Cost 1.11296797 * 613,673 @ 999 after 68,743,591 : Time 124.84s : 4915.61 words/s : gNorm 0.3080 : L.r. 1.6036e-04
[2026-07-03 19:45:15] Seen 20,000 samples
[2026-07-03 19:45:15] Starting data epoch 890 in logical epoch 890
[2026-07-03 19:45:15] [data] Shuffling data
[2026-07-03 19:45:15] [data] Done reading 20,000 sentences
[2026-07-03 19:45:15] [data] Done shuffling 20,000 sentences to temp files
[2026-07-03 19:45:31] Seen 20,000 samples
[2026-07-03 19:45:31] Starting data epoch 891 in logical epoch 891
[2026-07-03 19:45:31] [data] Shuffling data
[2026-07-03 19:45:31] [data] Done reading 20,000 sentences
[2026-07-03 19:45:31] [data] Done shuffling 20,000 sentences to temp files
[2026-07-03 19:45:47] Seen 20,000 samples
[2026-07-03 19:45:47] Starting data epoch 892 in logical epoch 892
[2026-07-03 19:45:47] [data] Shuffling data
[2026-07-03 19:45:47] [data] Done reading 20,000 sentences
[2026-07-03 19:45:47] [data] Done shuffling 20,000 sentences to temp files
[2026-07-03 19:46:03] Seen 20,000 samples
[2026-07-03 19:46:03] Starting data epoch 893 in logical epoch 893
[2026-07-03 19:46:03] [data] Shuffling data
[2026-07-03 19:46:03] [data] Done reading 20,000 sentences
[2026-07-03 19:46:03] [data] Done shuffling 20,000 sentences to temp files
[2026-07-03 19:46:18] Seen 20,000 samples
[2026-07-03 19:46:18] Starting data epoch 894 in logical epoch 894
[2026-07-03 19:46:18] [data] Shuffling data
[2026-07-03 19:46:18] [data] Done reading 20,000 sentences
[2026-07-03 19:46:18] [data] Done shuffling 20,000 sentences to temp files
[2026-07-03 19:46:34] Seen 20,000 samples
[2026-07-03 19:46:34] Starting data epoch 895 in logical epoch 895
[2026-07-03 19:46:34] [data] Shuffling data
[2026-07-03 19:46:34] [data] Done reading 20,000 sentences
[2026-07-03 19:46:34] [data] Done shuffling 20,000 sentences to temp files
[2026-07-03 19:46:50] Seen 20,000 samples
[2026-07-03 19:46:50] Starting data epoch 896 in logical epoch 896
[2026-07-03 19:46:50] [data] Shuffling data
[2026-07-03 19:46:50] [data] Done reading 20,000 sentences
[2026-07-03 19:46:50] [data] Done shuffling 20,000 sentences to temp files
[2026-07-03 19:47:06] Seen 20,000 samples
[2026-07-03 19:47:06] Starting data epoch 897 in logical epoch 897
[2026-07-03 19:47:06] [data] Shuffling data
[2026-07-03 19:47:06] [data] Done reading 20,000 sentences
[2026-07-03 19:47:06] [data] Done shuffling 20,000 sentences to temp files
[2026-07-03 19:47:19] Ep. 897 : Up. 56500 : Sen. 16,706 : Cost 1.11393905 * 614,247 @ 1,332 after 69,357,838 : Time 126.30s : 4863.50 words/s : gNorm 0.2767 : L.r. 1.5965e-04
[2026-07-03 19:47:22] Seen 20,000 samples
[2026-07-03 19:47:22] Starting data epoch 898 in logical epoch 898
[2026-07-03 19:47:22] [data] Shuffling data
[2026-07-03 19:47:22] [data] Done reading 20,000 sentences
[2026-07-03 19:47:22] [data] Done shuffling 20,000 sentences to temp files
[2026-07-03 19:47:38] Seen 20,000 samples
[2026-07-03 19:47:38] Starting data epoch 899 in logical epoch 899
[2026-07-03 19:47:38] [data] Shuffling data
[2026-07-03 19:47:38] [data] Done reading 20,000 sentences
[2026-07-03 19:47:38] [data] Done shuffling 20,000 sentences to temp files
[2026-07-03 19:47:54] Seen 20,000 samples
[2026-07-03 19:47:54] Starting data epoch 900 in logical epoch 900
[2026-07-03 19:47:54] [data] Shuffling data
[2026-07-03 19:47:54] [data] Done reading 20,000 sentences
[2026-07-03 19:47:54] [data] Done shuffling 20,000 sentences to temp files
[2026-07-03 19:48:10] Seen 20,000 samples
[2026-07-03 19:48:10] Starting data epoch 901 in logical epoch 901
[2026-07-03 19:48:10] [data] Shuffling data
[2026-07-03 19:48:10] [data] Done reading 20,000 sentences
[2026-07-03 19:48:10] [data] Done shuffling 20,000 sentences to temp files
[2026-07-03 19:48:27] Seen 20,000 samples
[2026-07-03 19:48:27] Starting data epoch 902 in logical epoch 902
[2026-07-03 19:48:27] [data] Shuffling data
[2026-07-03 19:48:27] [data] Done reading 20,000 sentences
[2026-07-03 19:48:27] [data] Done shuffling 20,000 sentences to temp files
[2026-07-03 19:48:43] Seen 20,000 samples
[2026-07-03 19:48:43] Starting data epoch 903 in logical epoch 903
[2026-07-03 19:48:43] [data] Shuffling data
[2026-07-03 19:48:43] [data] Done reading 20,000 sentences
[2026-07-03 19:48:44] [data] Done shuffling 20,000 sentences to temp files
[2026-07-03 19:49:00] Seen 20,000 samples
[2026-07-03 19:49:00] Starting data epoch 904 in logical epoch 904
[2026-07-03 19:49:00] [data] Shuffling data
[2026-07-03 19:49:00] [data] Done reading 20,000 sentences
[2026-07-03 19:49:00] [data] Done shuffling 20,000 sentences to temp files
[2026-07-03 19:49:16] Seen 20,000 samples
[2026-07-03 19:49:16] Starting data epoch 905 in logical epoch 905
[2026-07-03 19:49:16] [data] Shuffling data
[2026-07-03 19:49:16] [data] Done reading 20,000 sentences
[2026-07-03 19:49:17] [data] Done shuffling 20,000 sentences to temp files
[2026-07-03 19:49:29] Ep. 905 : Up. 57000 : Sen. 15,464 : Cost 1.11315703 * 613,932 @ 1,332 after 69,971,770 : Time 129.99s : 4723.06 words/s : gNorm 0.2056 : L.r. 1.5894e-04
[2026-07-03 19:49:33] Seen 20,000 samples
[2026-07-03 19:49:33] Starting data epoch 906 in logical epoch 906
[2026-07-03 19:49:33] [data] Shuffling data
[2026-07-03 19:49:33] [data] Done reading 20,000 sentences
[2026-07-03 19:49:33] [data] Done shuffling 20,000 sentences to temp files
[2026-07-03 19:49:50] Seen 20,000 samples
[2026-07-03 19:49:50] Starting data epoch 907 in logical epoch 907
[2026-07-03 19:49:50] [data] Shuffling data
[2026-07-03 19:49:50] [data] Done reading 20,000 sentences
[2026-07-03 19:49:50] [data] Done shuffling 20,000 sentences to temp files
[2026-07-03 19:50:07] Seen 20,000 samples
[2026-07-03 19:50:07] Starting data epoch 908 in logical epoch 908
[2026-07-03 19:50:07] [data] Shuffling data
[2026-07-03 19:50:07] [data] Done reading 20,000 sentences
[2026-07-03 19:50:07] [data] Done shuffling 20,000 sentences to temp files
[2026-07-03 19:50:24] Seen 20,000 samples
[2026-07-03 19:50:24] Starting data epoch 909 in logical epoch 909
[2026-07-03 19:50:24] [data] Shuffling data
[2026-07-03 19:50:24] [data] Done reading 20,000 sentences
[2026-07-03 19:50:24] [data] Done shuffling 20,000 sentences to temp files
[2026-07-03 19:50:41] Seen 20,000 samples
[2026-07-03 19:50:41] Starting data epoch 910 in logical epoch 910
[2026-07-03 19:50:41] [data] Shuffling data
[2026-07-03 19:50:41] [data] Done reading 20,000 sentences
[2026-07-03 19:50:41] [data] Done shuffling 20,000 sentences to temp files
[2026-07-03 19:50:58] Seen 20,000 samples
[2026-07-03 19:50:58] Starting data epoch 911 in logical epoch 911
[2026-07-03 19:50:58] [data] Shuffling data
[2026-07-03 19:50:58] [data] Done reading 20,000 sentences
[2026-07-03 19:50:58] [data] Done shuffling 20,000 sentences to temp files
[2026-07-03 19:51:15] Seen 20,000 samples
[2026-07-03 19:51:15] Starting data epoch 912 in logical epoch 912
[2026-07-03 19:51:15] [data] Shuffling data
[2026-07-03 19:51:15] [data] Done reading 20,000 sentences
[2026-07-03 19:51:15] [data] Done shuffling 20,000 sentences to temp files
[2026-07-03 19:51:32] Seen 20,000 samples
[2026-07-03 19:51:32] Starting data epoch 913 in logical epoch 913
[2026-07-03 19:51:32] [data] Shuffling data
[2026-07-03 19:51:32] [data] Done reading 20,000 sentences
[2026-07-03 19:51:32] [data] Done shuffling 20,000 sentences to temp files
[2026-07-03 19:51:43] Ep. 913 : Up. 57500 : Sen. 13,872 : Cost 1.11322510 * 612,801 @ 1,332 after 70,584,571 : Time 134.08s : 4570.41 words/s : gNorm 0.2993 : L.r. 1.5825e-04
[2026-07-03 19:51:49] Seen 20,000 samples
[2026-07-03 19:51:49] Starting data epoch 914 in logical epoch 914
[2026-07-03 19:51:49] [data] Shuffling data
[2026-07-03 19:51:49] [data] Done reading 20,000 sentences
[2026-07-03 19:51:49] [data] Done shuffling 20,000 sentences to temp files
[2026-07-03 19:52:06] Seen 20,000 samples
[2026-07-03 19:52:06] Starting data epoch 915 in logical epoch 915
[2026-07-03 19:52:06] [data] Shuffling data
[2026-07-03 19:52:06] [data] Done reading 20,000 sentences
[2026-07-03 19:52:06] [data] Done shuffling 20,000 sentences to temp files
[2026-07-03 19:52:23] Seen 20,000 samples
[2026-07-03 19:52:23] Starting data epoch 916 in logical epoch 916
[2026-07-03 19:52:23] [data] Shuffling data
[2026-07-03 19:52:23] [data] Done reading 20,000 sentences
[2026-07-03 19:52:23] [data] Done shuffling 20,000 sentences to temp files
[2026-07-03 19:52:40] Seen 20,000 samples
[2026-07-03 19:52:40] Starting data epoch 917 in logical epoch 917
[2026-07-03 19:52:40] [data] Shuffling data
[2026-07-03 19:52:40] [data] Done reading 20,000 sentences
[2026-07-03 19:52:40] [data] Done shuffling 20,000 sentences to temp files
[2026-07-03 19:52:56] Seen 20,000 samples
[2026-07-03 19:52:56] Starting data epoch 918 in logical epoch 918
[2026-07-03 19:52:56] [data] Shuffling data
[2026-07-03 19:52:56] [data] Done reading 20,000 sentences
[2026-07-03 19:52:56] [data] Done shuffling 20,000 sentences to temp files
[2026-07-03 19:53:13] Seen 20,000 samples
[2026-07-03 19:53:13] Starting data epoch 919 in logical epoch 919
[2026-07-03 19:53:13] [data] Shuffling data
[2026-07-03 19:53:13] [data] Done reading 20,000 sentences
[2026-07-03 19:53:14] [data] Done shuffling 20,000 sentences to temp files
[2026-07-03 19:53:30] Seen 20,000 samples
[2026-07-03 19:53:30] Starting data epoch 920 in logical epoch 920
[2026-07-03 19:53:30] [data] Shuffling data
[2026-07-03 19:53:30] [data] Done reading 20,000 sentences
[2026-07-03 19:53:30] [data] Done shuffling 20,000 sentences to temp files
[2026-07-03 19:53:46] Seen 20,000 samples
[2026-07-03 19:53:46] Starting data epoch 921 in logical epoch 921
[2026-07-03 19:53:46] [data] Shuffling data
[2026-07-03 19:53:46] [data] Done reading 20,000 sentences
[2026-07-03 19:53:46] [data] Done shuffling 20,000 sentences to temp files
[2026-07-03 19:53:57] Ep. 921 : Up. 58000 : Sen. 12,800 : Cost 1.11254489 * 614,008 @ 1,332 after 71,198,579 : Time 133.49s : 4599.60 words/s : gNorm 0.2871 : L.r. 1.5757e-04
[2026-07-03 19:54:03] Seen 20,000 samples
[2026-07-03 19:54:03] Starting data epoch 922 in logical epoch 922
[2026-07-03 19:54:03] [data] Shuffling data
[2026-07-03 19:54:03] [data] Done reading 20,000 sentences
[2026-07-03 19:54:03] [data] Done shuffling 20,000 sentences to temp files
[2026-07-03 19:54:20] Seen 20,000 samples
[2026-07-03 19:54:20] Starting data epoch 923 in logical epoch 923
[2026-07-03 19:54:20] [data] Shuffling data
[2026-07-03 19:54:20] [data] Done reading 20,000 sentences
[2026-07-03 19:54:20] [data] Done shuffling 20,000 sentences to temp files
[2026-07-03 19:54:37] Seen 20,000 samples
[2026-07-03 19:54:37] Starting data epoch 924 in logical epoch 924
[2026-07-03 19:54:37] [data] Shuffling data
[2026-07-03 19:54:37] [data] Done reading 20,000 sentences
[2026-07-03 19:54:37] [data] Done shuffling 20,000 sentences to temp files
[2026-07-03 19:54:53] Seen 20,000 samples
[2026-07-03 19:54:53] Starting data epoch 925 in logical epoch 925
[2026-07-03 19:54:53] [data] Shuffling data
[2026-07-03 19:54:53] [data] Done reading 20,000 sentences
[2026-07-03 19:54:53] [data] Done shuffling 20,000 sentences to temp files
[2026-07-03 19:55:10] Seen 20,000 samples
[2026-07-03 19:55:10] Starting data epoch 926 in logical epoch 926
[2026-07-03 19:55:10] [data] Shuffling data
[2026-07-03 19:55:10] [data] Done reading 20,000 sentences
[2026-07-03 19:55:10] [data] Done shuffling 20,000 sentences to temp files
[2026-07-03 19:55:26] Seen 20,000 samples
[2026-07-03 19:55:26] Starting data epoch 927 in logical epoch 927
[2026-07-03 19:55:26] [data] Shuffling data
[2026-07-03 19:55:26] [data] Done reading 20,000 sentences
[2026-07-03 19:55:26] [data] Done shuffling 20,000 sentences to temp files
[2026-07-03 19:55:43] Seen 20,000 samples
[2026-07-03 19:55:43] Starting data epoch 928 in logical epoch 928
[2026-07-03 19:55:43] [data] Shuffling data
[2026-07-03 19:55:43] [data] Done reading 20,000 sentences
[2026-07-03 19:55:43] [data] Done shuffling 20,000 sentences to temp files
[2026-07-03 19:55:59] Seen 20,000 samples
[2026-07-03 19:55:59] Starting data epoch 929 in logical epoch 929
[2026-07-03 19:55:59] [data] Shuffling data
[2026-07-03 19:55:59] [data] Done reading 20,000 sentences
[2026-07-03 19:55:59] [data] Done shuffling 20,000 sentences to temp files
[2026-07-03 20:03:11] [marian] Marian v1.12.0 65bf82ff 2023-02-21 09:56:29 -0800
[2026-07-03 20:03:11] [marian] Running on PS42 as process 27690 with command line:
[2026-07-03 20:03:11] [marian] /home/phantom/marian/build/marian -c model.transformer.phmy/ph-my.config.yml
[2026-07-03 20:03:11] [config] after: 0e
[2026-07-03 20:03:11] [config] after-batches: 0
[2026-07-03 20:03:11] [config] after-epochs: 0
[2026-07-03 20:03:11] [config] all-caps-every: 0
[2026-07-03 20:03:11] [config] allow-unk: false
[2026-07-03 20:03:11] [config] authors: false
[2026-07-03 20:03:11] [config] beam-size: 4
[2026-07-03 20:03:11] [config] bert-class-symbol: "[CLS]"
[2026-07-03 20:03:11] [config] bert-mask-symbol: "[MASK]"
[2026-07-03 20:03:11] [config] bert-masking-fraction: 0.15
[2026-07-03 20:03:11] [config] bert-sep-symbol: "[SEP]"
[2026-07-03 20:03:11] [config] bert-train-type-embeddings: true
[2026-07-03 20:03:11] [config] bert-type-vocab-size: 2
[2026-07-03 20:03:11] [config] build-info: ""
[2026-07-03 20:03:11] [config] check-gradient-nan: false
[2026-07-03 20:03:11] [config] check-nan: false
[2026-07-03 20:03:11] [config] cite: false
[2026-07-03 20:03:11] [config] clip-norm: 5
[2026-07-03 20:03:11] [config] cost-scaling:
[2026-07-03 20:03:11] [config]   []
[2026-07-03 20:03:11] [config] cost-type: ce-sum
[2026-07-03 20:03:11] [config] cpu-threads: 0
[2026-07-03 20:03:11] [config] data-threads: 8
[2026-07-03 20:03:11] [config] data-weighting: ""
[2026-07-03 20:03:11] [config] data-weighting-type: sentence
[2026-07-03 20:03:11] [config] dec-cell: gru
[2026-07-03 20:03:11] [config] dec-cell-base-depth: 2
[2026-07-03 20:03:11] [config] dec-cell-high-depth: 1
[2026-07-03 20:03:11] [config] dec-depth: 2
[2026-07-03 20:03:11] [config] devices:
[2026-07-03 20:03:11] [config]   - 0
[2026-07-03 20:03:11] [config] dim-emb: 512
[2026-07-03 20:03:11] [config] dim-rnn: 1024
[2026-07-03 20:03:11] [config] dim-vocabs:
[2026-07-03 20:03:11] [config]   - 1851
[2026-07-03 20:03:11] [config]   - 2308
[2026-07-03 20:03:11] [config] disp-first: 0
[2026-07-03 20:03:11] [config] disp-freq: 500
[2026-07-03 20:03:11] [config] disp-label-counts: true
[2026-07-03 20:03:11] [config] dropout-rnn: 0
[2026-07-03 20:03:11] [config] dropout-src: 0
[2026-07-03 20:03:11] [config] dropout-trg: 0
[2026-07-03 20:03:11] [config] dump-config: ""
[2026-07-03 20:03:11] [config] dynamic-gradient-scaling:
[2026-07-03 20:03:11] [config]   []
[2026-07-03 20:03:11] [config] early-stopping: 10
[2026-07-03 20:03:11] [config] early-stopping-on: first
[2026-07-03 20:03:11] [config] embedding-fix-src: false
[2026-07-03 20:03:11] [config] embedding-fix-trg: false
[2026-07-03 20:03:11] [config] embedding-normalization: false
[2026-07-03 20:03:11] [config] embedding-vectors:
[2026-07-03 20:03:11] [config]   []
[2026-07-03 20:03:11] [config] enc-cell: gru
[2026-07-03 20:03:11] [config] enc-cell-depth: 1
[2026-07-03 20:03:11] [config] enc-depth: 2
[2026-07-03 20:03:11] [config] enc-type: bidirectional
[2026-07-03 20:03:11] [config] english-title-case-every: 0
[2026-07-03 20:03:11] [config] exponential-smoothing: 0.0001
[2026-07-03 20:03:11] [config] factor-weight: 1
[2026-07-03 20:03:11] [config] factors-combine: sum
[2026-07-03 20:03:11] [config] factors-dim-emb: 0
[2026-07-03 20:03:11] [config] gradient-checkpointing: false
[2026-07-03 20:03:11] [config] gradient-norm-average-window: 100
[2026-07-03 20:03:11] [config] guided-alignment: none
[2026-07-03 20:03:11] [config] guided-alignment-cost: ce
[2026-07-03 20:03:11] [config] guided-alignment-weight: 0.1
[2026-07-03 20:03:11] [config] ignore-model-config: false
[2026-07-03 20:03:11] [config] input-types:
[2026-07-03 20:03:11] [config]   []
[2026-07-03 20:03:11] [config] interpolate-env-vars: false
[2026-07-03 20:03:11] [config] keep-best: false
[2026-07-03 20:03:11] [config] label-smoothing: 0.1
[2026-07-03 20:03:11] [config] layer-normalization: false
[2026-07-03 20:03:11] [config] learn-rate: 0.0003
[2026-07-03 20:03:11] [config] lemma-dependency: ""
[2026-07-03 20:03:11] [config] lemma-dim-emb: 0
[2026-07-03 20:03:11] [config] log: model.transformer.phmy/train.log
[2026-07-03 20:03:11] [config] log-level: info
[2026-07-03 20:03:11] [config] log-time-zone: ""
[2026-07-03 20:03:11] [config] logical-epoch:
[2026-07-03 20:03:11] [config]   - 1e
[2026-07-03 20:03:11] [config]   - 0
[2026-07-03 20:03:11] [config] lr-decay: 0
[2026-07-03 20:03:11] [config] lr-decay-freq: 50000
[2026-07-03 20:03:11] [config] lr-decay-inv-sqrt:
[2026-07-03 20:03:11] [config]   - 16000
[2026-07-03 20:03:11] [config] lr-decay-repeat-warmup: false
[2026-07-03 20:03:11] [config] lr-decay-reset-optimizer: false
[2026-07-03 20:03:11] [config] lr-decay-start:
[2026-07-03 20:03:11] [config]   - 10
[2026-07-03 20:03:11] [config]   - 1
[2026-07-03 20:03:11] [config] lr-decay-strategy: epoch+stalled
[2026-07-03 20:03:11] [config] lr-report: true
[2026-07-03 20:03:11] [config] lr-warmup: 0
[2026-07-03 20:03:11] [config] lr-warmup-at-reload: false
[2026-07-03 20:03:11] [config] lr-warmup-cycle: false
[2026-07-03 20:03:11] [config] lr-warmup-start-rate: 0
[2026-07-03 20:03:11] [config] max-length: 200
[2026-07-03 20:03:11] [config] max-length-crop: false
[2026-07-03 20:03:11] [config] max-length-factor: 3
[2026-07-03 20:03:11] [config] maxi-batch: 100
[2026-07-03 20:03:11] [config] maxi-batch-sort: trg
[2026-07-03 20:03:11] [config] mini-batch: 64
[2026-07-03 20:03:11] [config] mini-batch-fit: true
[2026-07-03 20:03:11] [config] mini-batch-fit-step: 10
[2026-07-03 20:03:11] [config] mini-batch-round-up: true
[2026-07-03 20:03:11] [config] mini-batch-track-lr: false
[2026-07-03 20:03:11] [config] mini-batch-warmup: 0
[2026-07-03 20:03:11] [config] mini-batch-words: 0
[2026-07-03 20:03:11] [config] mini-batch-words-ref: 0
[2026-07-03 20:03:11] [config] model: model.transformer.phmy/model.npz
[2026-07-03 20:03:11] [config] multi-loss-type: sum
[2026-07-03 20:03:11] [config] n-best: false
[2026-07-03 20:03:11] [config] no-nccl: false
[2026-07-03 20:03:11] [config] no-reload: false
[2026-07-03 20:03:11] [config] no-restore-corpus: false
[2026-07-03 20:03:11] [config] normalize: 0.6
[2026-07-03 20:03:11] [config] normalize-gradient: false
[2026-07-03 20:03:11] [config] num-devices: 0
[2026-07-03 20:03:11] [config] optimizer: adam
[2026-07-03 20:03:11] [config] optimizer-delay: 1
[2026-07-03 20:03:11] [config] optimizer-params:
[2026-07-03 20:03:11] [config]   []
[2026-07-03 20:03:11] [config] output-omit-bias: false
[2026-07-03 20:03:11] [config] overwrite: false
[2026-07-03 20:03:11] [config] precision:
[2026-07-03 20:03:11] [config]   - float32
[2026-07-03 20:03:11] [config]   - float32
[2026-07-03 20:03:11] [config] pretrained-model: ""
[2026-07-03 20:03:11] [config] quantize-biases: false
[2026-07-03 20:03:11] [config] quantize-bits: 0
[2026-07-03 20:03:11] [config] quantize-log-based: false
[2026-07-03 20:03:11] [config] quantize-optimization-steps: 0
[2026-07-03 20:03:11] [config] quiet: false
[2026-07-03 20:03:11] [config] quiet-translation: true
[2026-07-03 20:03:11] [config] relative-paths: false
[2026-07-03 20:03:11] [config] right-left: false
[2026-07-03 20:03:11] [config] save-freq: 10000
[2026-07-03 20:03:11] [config] seed: 1111
[2026-07-03 20:03:11] [config] sentencepiece-alphas:
[2026-07-03 20:03:11] [config]   []
[2026-07-03 20:03:11] [config] sentencepiece-max-lines: 2000000
[2026-07-03 20:03:11] [config] sentencepiece-options: ""
[2026-07-03 20:03:11] [config] sharding: global
[2026-07-03 20:03:11] [config] shuffle: data
[2026-07-03 20:03:11] [config] shuffle-in-ram: false
[2026-07-03 20:03:11] [config] sigterm: save-and-exit
[2026-07-03 20:03:11] [config] skip: false
[2026-07-03 20:03:11] [config] sqlite: ""
[2026-07-03 20:03:11] [config] sqlite-drop: false
[2026-07-03 20:03:11] [config] sync-freq: 200u
[2026-07-03 20:03:11] [config] sync-sgd: true
[2026-07-03 20:03:11] [config] tempdir: /tmp
[2026-07-03 20:03:11] [config] tied-embeddings: true
[2026-07-03 20:03:11] [config] tied-embeddings-all: false
[2026-07-03 20:03:11] [config] tied-embeddings-src: false
[2026-07-03 20:03:11] [config] train-embedder-rank:
[2026-07-03 20:03:11] [config]   []
[2026-07-03 20:03:11] [config] train-sets:
[2026-07-03 20:03:11] [config]   - /home/phantom/Documents/assignment_7_testing/kaung-htet-htun_assignment-7/g2p-par/train.ph
[2026-07-03 20:03:11] [config]   - /home/phantom/Documents/assignment_7_testing/kaung-htet-htun_assignment-7/g2p-par/train.my
[2026-07-03 20:03:11] [config] transformer-aan-activation: swish
[2026-07-03 20:03:11] [config] transformer-aan-depth: 2
[2026-07-03 20:03:11] [config] transformer-aan-nogate: false
[2026-07-03 20:03:11] [config] transformer-decoder-autoreg: self-attention
[2026-07-03 20:03:11] [config] transformer-decoder-dim-ffn: 0
[2026-07-03 20:03:11] [config] transformer-decoder-ffn-depth: 0
[2026-07-03 20:03:11] [config] transformer-depth-scaling: false
[2026-07-03 20:03:11] [config] transformer-dim-aan: 2048
[2026-07-03 20:03:11] [config] transformer-dim-ffn: 2048
[2026-07-03 20:03:11] [config] transformer-dropout: 0.3
[2026-07-03 20:03:11] [config] transformer-dropout-attention: 0
[2026-07-03 20:03:11] [config] transformer-dropout-ffn: 0
[2026-07-03 20:03:11] [config] transformer-ffn-activation: swish
[2026-07-03 20:03:11] [config] transformer-ffn-depth: 2
[2026-07-03 20:03:11] [config] transformer-guided-alignment-layer: last
[2026-07-03 20:03:11] [config] transformer-heads: 8
[2026-07-03 20:03:11] [config] transformer-no-projection: false
[2026-07-03 20:03:11] [config] transformer-pool: false
[2026-07-03 20:03:11] [config] transformer-postprocess: dan
[2026-07-03 20:03:11] [config] transformer-postprocess-emb: d
[2026-07-03 20:03:11] [config] transformer-postprocess-top: ""
[2026-07-03 20:03:11] [config] transformer-preprocess: ""
[2026-07-03 20:03:11] [config] transformer-rnn-projection: false
[2026-07-03 20:03:11] [config] transformer-tied-layers:
[2026-07-03 20:03:11] [config]   []
[2026-07-03 20:03:11] [config] transformer-train-position-embeddings: false
[2026-07-03 20:03:11] [config] tsv: false
[2026-07-03 20:03:11] [config] tsv-fields: 0
[2026-07-03 20:03:11] [config] type: transformer
[2026-07-03 20:03:11] [config] ulr: false
[2026-07-03 20:03:11] [config] ulr-dim-emb: 0
[2026-07-03 20:03:11] [config] ulr-dropout: 0
[2026-07-03 20:03:11] [config] ulr-keys-vectors: ""
[2026-07-03 20:03:11] [config] ulr-query-vectors: ""
[2026-07-03 20:03:11] [config] ulr-softmax-temperature: 1
[2026-07-03 20:03:11] [config] ulr-trainable-transformation: false
[2026-07-03 20:03:11] [config] unlikelihood-loss: false
[2026-07-03 20:03:11] [config] valid-freq: 10000
[2026-07-03 20:03:11] [config] valid-log: model.transformer.phmy/valid.log
[2026-07-03 20:03:11] [config] valid-max-length: 1000
[2026-07-03 20:03:11] [config] valid-metrics:
[2026-07-03 20:03:11] [config]   - cross-entropy
[2026-07-03 20:03:11] [config]   - perplexity
[2026-07-03 20:03:11] [config]   - bleu
[2026-07-03 20:03:11] [config] valid-mini-batch: 64
[2026-07-03 20:03:11] [config] valid-reset-all: false
[2026-07-03 20:03:11] [config] valid-reset-stalled: false
[2026-07-03 20:03:11] [config] valid-script-args:
[2026-07-03 20:03:11] [config]   []
[2026-07-03 20:03:11] [config] valid-script-path: ""
[2026-07-03 20:03:11] [config] valid-sets:
[2026-07-03 20:03:11] [config]   - /home/phantom/Documents/assignment_7_testing/kaung-htet-htun_assignment-7/g2p-par/dev.ph
[2026-07-03 20:03:11] [config]   - /home/phantom/Documents/assignment_7_testing/kaung-htet-htun_assignment-7/g2p-par/dev.my
[2026-07-03 20:03:11] [config] valid-translation-output: model.transformer.phmy/valid.ph-my.output
[2026-07-03 20:03:11] [config] version: v1.12.0 65bf82ff 2023-02-21 09:56:29 -0800
[2026-07-03 20:03:11] [config] vocabs:
[2026-07-03 20:03:11] [config]   - /home/phantom/Documents/assignment_7_testing/kaung-htet-htun_assignment-7/g2p-par/vocab/vocab.ph.yml
[2026-07-03 20:03:11] [config]   - /home/phantom/Documents/assignment_7_testing/kaung-htet-htun_assignment-7/g2p-par/vocab/vocab.my.yml
[2026-07-03 20:03:11] [config] word-penalty: 0
[2026-07-03 20:03:11] [config] word-scores: false
[2026-07-03 20:03:11] [config] workspace: 512
[2026-07-03 20:03:11] [config] Loaded model has been created with Marian v1.12.0 65bf82ff 2023-02-21 09:56:29 -0800
[2026-07-03 20:03:11] Using synchronous SGD
[2026-07-03 20:03:11] [comm] Compiled without MPI support. Running as a single process on PS42
[2026-07-03 20:03:11] Synced seed 1111
[2026-07-03 20:03:11] [data] Loading vocabulary from JSON/Yaml file /home/phantom/Documents/assignment_7_testing/kaung-htet-htun_assignment-7/g2p-par/vocab/vocab.ph.yml
[2026-07-03 20:03:11] [data] Setting vocabulary size for input 0 to 1,851
[2026-07-03 20:03:11] [data] Loading vocabulary from JSON/Yaml file /home/phantom/Documents/assignment_7_testing/kaung-htet-htun_assignment-7/g2p-par/vocab/vocab.my.yml
[2026-07-03 20:03:11] [data] Setting vocabulary size for input 1 to 2,308
[2026-07-03 20:03:11] [batching] Collecting statistics for batch fitting with step size 10
[2026-07-03 20:03:11] [memory] Extending reserved space to 512 MB (device gpu0)
[2026-07-03 20:03:11] [comm] Using NCCL 2.8.3 for GPU communication
[2026-07-03 20:03:11] [comm] Using global sharding
[2026-07-03 20:03:11] [comm] NCCLCommunicators constructed successfully
[2026-07-03 20:03:11] [training] Using 1 GPUs
[2026-07-03 20:03:11] [logits] Applying loss function for 1 factor(s)
[2026-07-03 20:03:11] [memory] Reserving 64 MB, device gpu0
[2026-07-03 20:03:12] [gpu] 16-bit TensorCores enabled for float32 matrix operations
[2026-07-03 20:03:12] [memory] Reserving 64 MB, device gpu0
[2026-07-03 20:03:27] [batching] Done. Typical MB size is 1,385 target words
[2026-07-03 20:03:27] [memory] Extending reserved space to 512 MB (device gpu0)
[2026-07-03 20:03:27] [comm] Using NCCL 2.8.3 for GPU communication
[2026-07-03 20:03:27] [comm] Using global sharding
[2026-07-03 20:03:27] [comm] NCCLCommunicators constructed successfully
[2026-07-03 20:03:27] [training] Using 1 GPUs
[2026-07-03 20:03:27] Loading model from model.transformer.phmy/model.npz
[2026-07-03 20:03:27] Allocating memory for general optimizer shards
[2026-07-03 20:03:27] [memory] Reserving 64 MB, device gpu0
[2026-07-03 20:03:27] Loading Adam parameters
[2026-07-03 20:03:27] [memory] Reserving 128 MB, device gpu0
[2026-07-03 20:03:27] [memory] Reserving 64 MB, device gpu0
[2026-07-03 20:03:27] [training] Master parameters and optimizers restored from training checkpoint model.transformer.phmy/model.npz and model.transformer.phmy/model.npz.optimizer.npz
[2026-07-03 20:03:27] [data] Restoring the corpus state to epoch 874, batch 55000
[2026-07-03 20:03:27] [data] Shuffling data
[2026-07-03 20:03:27] [data] Done reading 20,000 sentences
[2026-07-03 20:03:27] [data] Done shuffling 20,000 sentences to temp files
[2026-07-03 20:03:27] Training started
[2026-07-03 20:03:27] [training] Batches are processed as 1 process(es) x 1 devices/process
[2026-07-03 20:03:28] [memory] Reserving 64 MB, device gpu0
[2026-07-03 20:03:28] Parameter type float32, optimization type float32, casting types false
[2026-07-03 20:03:43] Seen 20,077 samples
[2026-07-03 20:03:43] Starting data epoch 875 in logical epoch 875
[2026-07-03 20:03:43] [data] Shuffling data
[2026-07-03 20:03:43] [data] Done reading 20,000 sentences
[2026-07-03 20:03:43] [data] Done shuffling 20,000 sentences to temp files
[2026-07-03 20:03:58] Seen 20,000 samples
[2026-07-03 20:03:58] Starting data epoch 876 in logical epoch 876
[2026-07-03 20:03:58] [data] Shuffling data
[2026-07-03 20:03:58] [data] Done reading 20,000 sentences
[2026-07-03 20:03:58] [data] Done shuffling 20,000 sentences to temp files
[2026-07-03 20:04:14] Seen 20,000 samples
[2026-07-03 20:04:14] Starting data epoch 877 in logical epoch 877
[2026-07-03 20:04:14] [data] Shuffling data
[2026-07-03 20:04:14] [data] Done reading 20,000 sentences
[2026-07-03 20:04:14] [data] Done shuffling 20,000 sentences to temp files
[2026-07-03 20:04:29] Seen 20,000 samples
[2026-07-03 20:04:29] Starting data epoch 878 in logical epoch 878
[2026-07-03 20:04:29] [data] Shuffling data
[2026-07-03 20:04:29] [data] Done reading 20,000 sentences
[2026-07-03 20:04:29] [data] Done shuffling 20,000 sentences to temp files
[2026-07-03 20:04:30] Ep. 878 : Up. 55500 : Sen. 332 : Cost 1.11446488 * 310,174 @ 664 after 67,825,231 : Time 62.93s : 4929.10 words/s : gNorm 0.3419 : L.r. 1.6108e-04
[2026-07-03 20:04:45] Seen 20,000 samples
[2026-07-03 20:04:45] Starting data epoch 879 in logical epoch 879
[2026-07-03 20:04:45] [data] Shuffling data
[2026-07-03 20:04:45] [data] Done reading 20,000 sentences
[2026-07-03 20:04:45] [data] Done shuffling 20,000 sentences to temp files
[2026-07-03 20:05:00] Seen 20,000 samples
[2026-07-03 20:05:00] Starting data epoch 880 in logical epoch 880
[2026-07-03 20:05:00] [data] Shuffling data
[2026-07-03 20:05:00] [data] Done reading 20,000 sentences
[2026-07-03 20:05:00] [data] Done shuffling 20,000 sentences to temp files
[2026-07-03 20:05:16] Seen 20,000 samples
[2026-07-03 20:05:16] Starting data epoch 881 in logical epoch 881
[2026-07-03 20:05:16] [data] Shuffling data
[2026-07-03 20:05:16] [data] Done reading 20,000 sentences
[2026-07-03 20:05:16] [data] Done shuffling 20,000 sentences to temp files
[2026-07-03 20:05:32] Seen 20,000 samples
[2026-07-03 20:05:32] Starting data epoch 882 in logical epoch 882
[2026-07-03 20:05:32] [data] Shuffling data
[2026-07-03 20:05:32] [data] Done reading 20,000 sentences
[2026-07-03 20:05:32] [data] Done shuffling 20,000 sentences to temp files
[2026-07-03 20:05:32] Ep. 882 : Up. 56000 : Sen. 166 : Cost 1.11467505 * 308,680 @ 664 after 68,133,911 : Time 62.22s : 4961.04 words/s : gNorm 0.2851 : L.r. 1.6036e-04
[2026-07-03 20:05:47] Seen 20,000 samples
[2026-07-03 20:05:47] Starting data epoch 883 in logical epoch 883
[2026-07-03 20:05:47] [data] Shuffling data
[2026-07-03 20:05:47] [data] Done reading 20,000 sentences
[2026-07-03 20:05:47] [data] Done shuffling 20,000 sentences to temp files
[2026-07-03 20:06:03] Seen 20,000 samples
[2026-07-03 20:06:03] Starting data epoch 884 in logical epoch 884
[2026-07-03 20:06:03] [data] Shuffling data
[2026-07-03 20:06:03] [data] Done reading 20,000 sentences
[2026-07-03 20:06:03] [data] Done shuffling 20,000 sentences to temp files
[2026-07-03 20:06:18] Seen 20,000 samples
[2026-07-03 20:06:18] Starting data epoch 885 in logical epoch 885
[2026-07-03 20:06:18] [data] Shuffling data
[2026-07-03 20:06:18] [data] Done reading 20,000 sentences
[2026-07-03 20:06:18] [data] Done shuffling 20,000 sentences to temp files
[2026-07-03 20:06:34] Ep. 885 : Up. 56500 : Sen. 20,000 : Cost 1.11501741 * 308,680 @ 697 after 68,442,591 : Time 62.14s : 4967.17 words/s : gNorm 0.2701 : L.r. 1.5965e-04
[2026-07-03 20:06:34] Seen 20,000 samples
[2026-07-03 20:06:34] Starting data epoch 886 in logical epoch 886
[2026-07-03 20:06:34] [data] Shuffling data
[2026-07-03 20:06:34] [data] Done reading 20,000 sentences
[2026-07-03 20:06:34] [data] Done shuffling 20,000 sentences to temp files
[2026-07-03 20:06:50] Seen 20,000 samples
[2026-07-03 20:06:50] Starting data epoch 887 in logical epoch 887
[2026-07-03 20:06:50] [data] Shuffling data
[2026-07-03 20:06:50] [data] Done reading 20,000 sentences
[2026-07-03 20:06:50] [data] Done shuffling 20,000 sentences to temp files
[2026-07-03 20:07:05] Seen 20,000 samples
[2026-07-03 20:07:05] Starting data epoch 888 in logical epoch 888
[2026-07-03 20:07:05] [data] Shuffling data
[2026-07-03 20:07:05] [data] Done reading 20,000 sentences
[2026-07-03 20:07:05] [data] Done shuffling 20,000 sentences to temp files
[2026-07-03 20:07:21] Seen 20,000 samples
[2026-07-03 20:07:21] Starting data epoch 889 in logical epoch 889
[2026-07-03 20:07:21] [data] Shuffling data
[2026-07-03 20:07:21] [data] Done reading 20,000 sentences
[2026-07-03 20:07:21] [data] Done shuffling 20,000 sentences to temp files
[2026-07-03 20:07:37] Seen 20,000 samples
[2026-07-03 20:07:37] Starting data epoch 890 in logical epoch 890
[2026-07-03 20:07:37] [data] Shuffling data
[2026-07-03 20:07:37] [data] Done reading 20,000 sentences
[2026-07-03 20:07:37] [data] Done shuffling 20,000 sentences to temp files
[2026-07-03 20:07:37] Ep. 890 : Up. 57000 : Sen. 166 : Cost 1.11509860 * 309,842 @ 498 after 68,752,433 : Time 63.04s : 4915.24 words/s : gNorm 0.3336 : L.r. 1.5894e-04
[2026-07-03 20:07:52] Seen 20,000 samples
[2026-07-03 20:07:52] Starting data epoch 891 in logical epoch 891
[2026-07-03 20:07:52] [data] Shuffling data
[2026-07-03 20:07:52] [data] Done reading 20,000 sentences
[2026-07-03 20:07:53] [data] Done shuffling 20,000 sentences to temp files
[2026-07-03 20:08:08] Seen 20,000 samples
[2026-07-03 20:08:08] Starting data epoch 892 in logical epoch 892
[2026-07-03 20:08:08] [data] Shuffling data
[2026-07-03 20:08:08] [data] Done reading 20,000 sentences
[2026-07-03 20:08:08] [data] Done shuffling 20,000 sentences to temp files
[2026-07-03 20:08:24] Seen 20,000 samples
[2026-07-03 20:08:24] Starting data epoch 893 in logical epoch 893
[2026-07-03 20:08:24] [data] Shuffling data
[2026-07-03 20:08:24] [data] Done reading 20,000 sentences
[2026-07-03 20:08:24] [data] Done shuffling 20,000 sentences to temp files
[2026-07-03 20:08:40] Seen 20,000 samples
[2026-07-03 20:08:40] Starting data epoch 894 in logical epoch 894
[2026-07-03 20:08:40] [data] Shuffling data
[2026-07-03 20:08:40] [data] Done reading 20,000 sentences
[2026-07-03 20:08:40] [data] Done shuffling 20,000 sentences to temp files
[2026-07-03 20:08:40] Ep. 894 : Up. 57500 : Sen. 498 : Cost 1.11490488 * 310,838 @ 664 after 69,063,271 : Time 63.29s : 4911.37 words/s : gNorm 0.3226 : L.r. 1.5825e-04
[2026-07-03 20:08:55] Seen 20,000 samples
[2026-07-03 20:08:55] Starting data epoch 895 in logical epoch 895
[2026-07-03 20:08:55] [data] Shuffling data
[2026-07-03 20:08:55] [data] Done reading 20,000 sentences
[2026-07-03 20:08:56] [data] Done shuffling 20,000 sentences to temp files
[2026-07-03 20:09:11] Seen 20,000 samples
[2026-07-03 20:09:11] Starting data epoch 896 in logical epoch 896
[2026-07-03 20:09:11] [data] Shuffling data
[2026-07-03 20:09:11] [data] Done reading 20,000 sentences
[2026-07-03 20:09:11] [data] Done shuffling 20,000 sentences to temp files
[2026-07-03 20:09:27] Seen 20,000 samples
[2026-07-03 20:09:27] Starting data epoch 897 in logical epoch 897
[2026-07-03 20:09:27] [data] Shuffling data
[2026-07-03 20:09:27] [data] Done reading 20,000 sentences
[2026-07-03 20:09:27] [data] Done shuffling 20,000 sentences to temp files
[2026-07-03 20:09:43] Seen 20,000 samples
[2026-07-03 20:09:43] Starting data epoch 898 in logical epoch 898
[2026-07-03 20:09:43] [data] Shuffling data
[2026-07-03 20:09:43] [data] Done reading 20,000 sentences
[2026-07-03 20:09:43] [data] Done shuffling 20,000 sentences to temp files
[2026-07-03 20:09:43] Ep. 898 : Up. 58000 : Sen. 830 : Cost 1.11480451 * 310,629 @ 953 after 69,373,900 : Time 63.18s : 4916.72 words/s : gNorm 0.4192 : L.r. 1.5757e-04
[2026-07-03 20:09:58] Seen 20,000 samples
[2026-07-03 20:09:58] Starting data epoch 899 in logical epoch 899
[2026-07-03 20:09:58] [data] Shuffling data
[2026-07-03 20:09:58] [data] Done reading 20,000 sentences
[2026-07-03 20:09:58] [data] Done shuffling 20,000 sentences to temp files
[2026-07-03 20:10:14] Seen 20,000 samples
[2026-07-03 20:10:14] Starting data epoch 900 in logical epoch 900
[2026-07-03 20:10:14] [data] Shuffling data
[2026-07-03 20:10:14] [data] Done reading 20,000 sentences
[2026-07-03 20:10:14] [data] Done shuffling 20,000 sentences to temp files
[2026-07-03 20:10:30] Seen 20,000 samples
[2026-07-03 20:10:30] Starting data epoch 901 in logical epoch 901
[2026-07-03 20:10:30] [data] Shuffling data
[2026-07-03 20:10:30] [data] Done reading 20,000 sentences
[2026-07-03 20:10:30] [data] Done shuffling 20,000 sentences to temp files
[2026-07-03 20:10:46] Seen 20,000 samples
[2026-07-03 20:10:46] Starting data epoch 902 in logical epoch 902
[2026-07-03 20:10:46] [data] Shuffling data
[2026-07-03 20:10:46] [data] Done reading 20,000 sentences
[2026-07-03 20:10:46] [data] Done shuffling 20,000 sentences to temp files
[2026-07-03 20:10:46] Ep. 902 : Up. 58500 : Sen. 664 : Cost 1.11523962 * 308,391 @ 664 after 69,682,291 : Time 62.78s : 4912.57 words/s : gNorm 0.5837 : L.r. 1.5689e-04
[2026-07-03 20:11:01] Seen 20,000 samples
[2026-07-03 20:11:01] Starting data epoch 903 in logical epoch 903
[2026-07-03 20:11:01] [data] Shuffling data
[2026-07-03 20:11:01] [data] Done reading 20,000 sentences
[2026-07-03 20:11:01] [data] Done shuffling 20,000 sentences to temp files
[2026-07-03 20:11:17] Seen 20,000 samples
[2026-07-03 20:11:17] Starting data epoch 904 in logical epoch 904
[2026-07-03 20:11:17] [data] Shuffling data
[2026-07-03 20:11:17] [data] Done reading 20,000 sentences
[2026-07-03 20:11:17] [data] Done shuffling 20,000 sentences to temp files
[2026-07-03 20:11:33] Seen 20,000 samples
[2026-07-03 20:11:33] Starting data epoch 905 in logical epoch 905
[2026-07-03 20:11:33] [data] Shuffling data
[2026-07-03 20:11:33] [data] Done reading 20,000 sentences
[2026-07-03 20:11:33] [data] Done shuffling 20,000 sentences to temp files
[2026-07-03 20:11:49] Seen 20,000 samples
[2026-07-03 20:11:49] Starting data epoch 906 in logical epoch 906
[2026-07-03 20:11:49] [data] Shuffling data
[2026-07-03 20:11:49] [data] Done reading 20,000 sentences
[2026-07-03 20:11:49] [data] Done shuffling 20,000 sentences to temp files
[2026-07-03 20:11:49] Ep. 906 : Up. 59000 : Sen. 664 : Cost 1.11539686 * 309,949 @ 664 after 69,992,240 : Time 63.15s : 4907.81 words/s : gNorm 0.3124 : L.r. 1.5623e-04
[2026-07-03 20:12:04] Seen 20,000 samples
[2026-07-03 20:12:04] Starting data epoch 907 in logical epoch 907
[2026-07-03 20:12:04] [data] Shuffling data
[2026-07-03 20:12:04] [data] Done reading 20,000 sentences
[2026-07-03 20:12:05] [data] Done shuffling 20,000 sentences to temp files
[2026-07-03 20:12:20] Seen 20,000 samples
[2026-07-03 20:12:20] Starting data epoch 908 in logical epoch 908
[2026-07-03 20:12:20] [data] Shuffling data
[2026-07-03 20:12:20] [data] Done reading 20,000 sentences
[2026-07-03 20:12:20] [data] Done shuffling 20,000 sentences to temp files
[2026-07-03 20:12:36] Seen 20,000 samples
[2026-07-03 20:12:36] Starting data epoch 909 in logical epoch 909
[2026-07-03 20:12:36] [data] Shuffling data
[2026-07-03 20:12:36] [data] Done reading 20,000 sentences
[2026-07-03 20:12:36] [data] Done shuffling 20,000 sentences to temp files
[2026-07-03 20:12:52] Seen 20,000 samples
[2026-07-03 20:12:52] Starting data epoch 910 in logical epoch 910
[2026-07-03 20:12:52] [data] Shuffling data
[2026-07-03 20:12:52] [data] Done reading 20,000 sentences
[2026-07-03 20:12:52] [data] Done shuffling 20,000 sentences to temp files
[2026-07-03 20:12:52] Ep. 910 : Up. 59500 : Sen. 664 : Cost 1.11488438 * 308,739 @ 498 after 70,300,979 : Time 63.10s : 4892.78 words/s : gNorm 0.4484 : L.r. 1.5557e-04
[2026-07-03 20:13:08] Seen 20,000 samples
[2026-07-03 20:13:08] Starting data epoch 911 in logical epoch 911
[2026-07-03 20:13:08] [data] Shuffling data
[2026-07-03 20:13:08] [data] Done reading 20,000 sentences
[2026-07-03 20:13:08] [data] Done shuffling 20,000 sentences to temp files
[2026-07-03 20:13:23] Seen 20,000 samples
[2026-07-03 20:13:23] Starting data epoch 912 in logical epoch 912
[2026-07-03 20:13:23] [data] Shuffling data
[2026-07-03 20:13:23] [data] Done reading 20,000 sentences
[2026-07-03 20:13:24] [data] Done shuffling 20,000 sentences to temp files
[2026-07-03 20:13:39] Seen 20,000 samples
[2026-07-03 20:13:39] Starting data epoch 913 in logical epoch 913
[2026-07-03 20:13:39] [data] Shuffling data
[2026-07-03 20:13:39] [data] Done reading 20,000 sentences
[2026-07-03 20:13:39] [data] Done shuffling 20,000 sentences to temp files
[2026-07-03 20:13:55] Seen 20,000 samples
[2026-07-03 20:13:55] Starting data epoch 914 in logical epoch 914
[2026-07-03 20:13:55] [data] Shuffling data
[2026-07-03 20:13:55] [data] Done reading 20,000 sentences
[2026-07-03 20:13:55] [data] Done shuffling 20,000 sentences to temp files
[2026-07-03 20:13:56] Ep. 914 : Up. 60000 : Sen. 664 : Cost 1.11494994 * 309,614 @ 934 after 70,610,593 : Time 63.28s : 4892.48 words/s : gNorm 0.2682 : L.r. 1.5492e-04
[2026-07-03 20:13:56] Saving model weights and runtime parameters to model.transformer.phmy/model.iter60000.npz
[2026-07-03 20:13:56] Saving model weights and runtime parameters to model.transformer.phmy/model.npz
[2026-07-03 20:13:56] Saving Adam parameters
[2026-07-03 20:13:56] [training] Saving training checkpoint to model.transformer.phmy/model.npz and model.transformer.phmy/model.npz.optimizer.npz
[2026-07-03 20:13:58] [valid] Ep. 914 : Up. 60000 : cross-entropy : 2.88912 : stalled 9 times (last best: 1.83935)
[2026-07-03 20:13:58] [valid] Ep. 914 : Up. 60000 : perplexity : 2.12058 : stalled 9 times (last best: 1.61375)
[2026-07-03 20:13:58] [valid] First sentence's tokens as scored:
[2026-07-03 20:13:58] [valid] DefaultVocab keeps original segments for scoring
[2026-07-03 20:13:58] [valid]   Hyp: ဥတ် တ ရ ဖ လ ဂု နီ
[2026-07-03 20:13:58] [valid]   Ref: ဥတ် တ ရ ဖ လ ဂု နီ
[2026-07-03 20:14:00] [valid] Ep. 914 : Up. 60000 : bleu : 75.6025 : stalled 9 times (last best: 76.1047)
[2026-07-03 20:14:15] Seen 20,000 samples
[2026-07-03 20:14:15] Starting data epoch 915 in logical epoch 915
[2026-07-03 20:14:15] [data] Shuffling data
[2026-07-03 20:14:15] [data] Done reading 20,000 sentences
[2026-07-03 20:14:16] [data] Done shuffling 20,000 sentences to temp files
[2026-07-03 20:14:31] Seen 20,000 samples
[2026-07-03 20:14:31] Starting data epoch 916 in logical epoch 916
[2026-07-03 20:14:31] [data] Shuffling data
[2026-07-03 20:14:31] [data] Done reading 20,000 sentences
[2026-07-03 20:14:31] [data] Done shuffling 20,000 sentences to temp files
[2026-07-03 20:14:47] Seen 20,000 samples
[2026-07-03 20:14:47] Starting data epoch 917 in logical epoch 917
[2026-07-03 20:14:47] [data] Shuffling data
[2026-07-03 20:14:47] [data] Done reading 20,000 sentences
[2026-07-03 20:14:47] [data] Done shuffling 20,000 sentences to temp files
[2026-07-03 20:15:03] Seen 20,000 samples
[2026-07-03 20:15:03] Starting data epoch 918 in logical epoch 918
[2026-07-03 20:15:03] [data] Shuffling data
[2026-07-03 20:15:03] [data] Done reading 20,000 sentences
[2026-07-03 20:15:03] [data] Done shuffling 20,000 sentences to temp files
[2026-07-03 20:15:03] Ep. 918 : Up. 60500 : Sen. 664 : Cost 1.11497748 * 309,074 @ 498 after 70,919,667 : Time 67.75s : 4561.97 words/s : gNorm 0.3119 : L.r. 1.5428e-04
[2026-07-03 20:15:19] Seen 20,000 samples
[2026-07-03 20:15:19] Starting data epoch 919 in logical epoch 919
[2026-07-03 20:15:19] [data] Shuffling data
[2026-07-03 20:15:19] [data] Done reading 20,000 sentences
[2026-07-03 20:15:19] [data] Done shuffling 20,000 sentences to temp files
[2026-07-03 20:15:35] Seen 20,000 samples
[2026-07-03 20:15:35] Starting data epoch 920 in logical epoch 920
[2026-07-03 20:15:35] [data] Shuffling data
[2026-07-03 20:15:35] [data] Done reading 20,000 sentences
[2026-07-03 20:15:35] [data] Done shuffling 20,000 sentences to temp files
[2026-07-03 20:15:51] Seen 20,000 samples
[2026-07-03 20:15:51] Starting data epoch 921 in logical epoch 921
[2026-07-03 20:15:51] [data] Shuffling data
[2026-07-03 20:15:51] [data] Done reading 20,000 sentences
[2026-07-03 20:15:51] [data] Done shuffling 20,000 sentences to temp files
[2026-07-03 20:16:06] Seen 20,000 samples
[2026-07-03 20:16:06] Starting data epoch 922 in logical epoch 922
[2026-07-03 20:16:06] [data] Shuffling data
[2026-07-03 20:16:06] [data] Done reading 20,000 sentences
[2026-07-03 20:16:06] [data] Done shuffling 20,000 sentences to temp files
[2026-07-03 20:16:07] Ep. 922 : Up. 61000 : Sen. 498 : Cost 1.11392128 * 308,846 @ 664 after 71,228,513 : Time 63.36s : 4874.55 words/s : gNorm 0.2603 : L.r. 1.5364e-04
[2026-07-03 20:16:22] Seen 20,000 samples
[2026-07-03 20:16:22] Starting data epoch 923 in logical epoch 923
[2026-07-03 20:16:22] [data] Shuffling data
[2026-07-03 20:16:22] [data] Done reading 20,000 sentences
[2026-07-03 20:16:22] [data] Done shuffling 20,000 sentences to temp files
[2026-07-03 20:16:38] Seen 20,000 samples
[2026-07-03 20:16:38] Starting data epoch 924 in logical epoch 924
[2026-07-03 20:16:38] [data] Shuffling data
[2026-07-03 20:16:38] [data] Done reading 20,000 sentences
[2026-07-03 20:16:38] [data] Done shuffling 20,000 sentences to temp files
[2026-07-03 20:16:54] Seen 20,000 samples
[2026-07-03 20:16:54] Starting data epoch 925 in logical epoch 925
[2026-07-03 20:16:54] [data] Shuffling data
[2026-07-03 20:16:54] [data] Done reading 20,000 sentences
[2026-07-03 20:16:54] [data] Done shuffling 20,000 sentences to temp files
[2026-07-03 20:17:10] Seen 20,000 samples
[2026-07-03 20:17:10] Starting data epoch 926 in logical epoch 926
[2026-07-03 20:17:10] [data] Shuffling data
[2026-07-03 20:17:10] [data] Done reading 20,000 sentences
[2026-07-03 20:17:10] [data] Done shuffling 20,000 sentences to temp files
[2026-07-03 20:17:10] Ep. 926 : Up. 61500 : Sen. 498 : Cost 1.11564386 * 309,775 @ 664 after 71,538,288 : Time 63.60s : 4870.80 words/s : gNorm 0.3399 : L.r. 1.5302e-04
[2026-07-03 20:17:26] Seen 20,000 samples
[2026-07-03 20:17:26] Starting data epoch 927 in logical epoch 927
[2026-07-03 20:17:26] [data] Shuffling data
[2026-07-03 20:17:26] [data] Done reading 20,000 sentences
[2026-07-03 20:17:26] [data] Done shuffling 20,000 sentences to temp files
[2026-07-03 20:17:42] Seen 20,000 samples
[2026-07-03 20:17:42] Starting data epoch 928 in logical epoch 928
[2026-07-03 20:17:42] [data] Shuffling data
[2026-07-03 20:17:42] [data] Done reading 20,000 sentences
[2026-07-03 20:17:42] [data] Done shuffling 20,000 sentences to temp files
[2026-07-03 20:17:58] Seen 20,000 samples
[2026-07-03 20:17:58] Starting data epoch 929 in logical epoch 929
[2026-07-03 20:17:58] [data] Shuffling data
[2026-07-03 20:17:58] [data] Done reading 20,000 sentences
[2026-07-03 20:17:58] [data] Done shuffling 20,000 sentences to temp files
[2026-07-03 20:18:13] Seen 20,000 samples
[2026-07-03 20:18:13] Starting data epoch 930 in logical epoch 930
[2026-07-03 20:18:13] [data] Shuffling data
[2026-07-03 20:18:13] [data] Done reading 20,000 sentences
[2026-07-03 20:18:14] [data] Done shuffling 20,000 sentences to temp files
[2026-07-03 20:18:14] Ep. 930 : Up. 62000 : Sen. 332 : Cost 1.11488914 * 308,083 @ 498 after 71,846,371 : Time 63.39s : 4860.26 words/s : gNorm 0.3623 : L.r. 1.5240e-04
[2026-07-03 20:18:29] Seen 20,000 samples
[2026-07-03 20:18:29] Starting data epoch 931 in logical epoch 931
[2026-07-03 20:18:29] [data] Shuffling data
[2026-07-03 20:18:29] [data] Done reading 20,000 sentences
[2026-07-03 20:18:30] [data] Done shuffling 20,000 sentences to temp files
[2026-07-03 20:18:45] Seen 20,000 samples
[2026-07-03 20:18:45] Starting data epoch 932 in logical epoch 932
[2026-07-03 20:18:45] [data] Shuffling data
[2026-07-03 20:18:45] [data] Done reading 20,000 sentences
[2026-07-03 20:18:45] [data] Done shuffling 20,000 sentences to temp files
[2026-07-03 20:19:01] Seen 20,000 samples
[2026-07-03 20:19:01] Starting data epoch 933 in logical epoch 933
[2026-07-03 20:19:01] [data] Shuffling data
[2026-07-03 20:19:01] [data] Done reading 20,000 sentences
[2026-07-03 20:19:01] [data] Done shuffling 20,000 sentences to temp files
[2026-07-03 20:19:17] Seen 20,000 samples
[2026-07-03 20:19:17] Starting data epoch 934 in logical epoch 934
[2026-07-03 20:19:17] [data] Shuffling data
[2026-07-03 20:19:17] [data] Done reading 20,000 sentences
[2026-07-03 20:19:17] [data] Done shuffling 20,000 sentences to temp files
[2026-07-03 20:19:18] Ep. 934 : Up. 62500 : Sen. 332 : Cost 1.11454129 * 309,676 @ 664 after 72,156,047 : Time 63.83s : 4851.41 words/s : gNorm 0.2259 : L.r. 1.5179e-04
[2026-07-03 20:19:33] Seen 20,000 samples
[2026-07-03 20:19:33] Starting data epoch 935 in logical epoch 935
[2026-07-03 20:19:33] [data] Shuffling data
[2026-07-03 20:19:33] [data] Done reading 20,000 sentences
[2026-07-03 20:19:33] [data] Done shuffling 20,000 sentences to temp files
[2026-07-03 20:19:49] Seen 20,000 samples
[2026-07-03 20:19:49] Starting data epoch 936 in logical epoch 936
[2026-07-03 20:19:49] [data] Shuffling data
[2026-07-03 20:19:49] [data] Done reading 20,000 sentences
[2026-07-03 20:19:49] [data] Done shuffling 20,000 sentences to temp files
[2026-07-03 20:20:05] Seen 20,000 samples
[2026-07-03 20:20:05] Starting data epoch 937 in logical epoch 937
[2026-07-03 20:20:05] [data] Shuffling data
[2026-07-03 20:20:05] [data] Done reading 20,000 sentences
[2026-07-03 20:20:05] [data] Done shuffling 20,000 sentences to temp files
[2026-07-03 20:20:21] Seen 20,000 samples
[2026-07-03 20:20:21] Starting data epoch 938 in logical epoch 938
[2026-07-03 20:20:21] [data] Shuffling data
[2026-07-03 20:20:21] [data] Done reading 20,000 sentences
[2026-07-03 20:20:21] [data] Done shuffling 20,000 sentences to temp files
[2026-07-03 20:20:22] Ep. 938 : Up. 63000 : Sen. 745 : Cost 1.11465871 * 311,102 @ 498 after 72,467,149 : Time 64.25s : 4841.89 words/s : gNorm 0.3434 : L.r. 1.5119e-04
[2026-07-03 20:20:37] Seen 20,000 samples
[2026-07-03 20:20:37] Starting data epoch 939 in logical epoch 939
[2026-07-03 20:20:37] [data] Shuffling data
[2026-07-03 20:20:37] [data] Done reading 20,000 sentences
[2026-07-03 20:20:37] [data] Done shuffling 20,000 sentences to temp files
[2026-07-03 20:20:53] Seen 20,000 samples
[2026-07-03 20:20:53] Starting data epoch 940 in logical epoch 940
[2026-07-03 20:20:53] [data] Shuffling data
[2026-07-03 20:20:53] [data] Done reading 20,000 sentences
[2026-07-03 20:20:53] [data] Done shuffling 20,000 sentences to temp files
[2026-07-03 20:21:09] Seen 20,000 samples
[2026-07-03 20:21:09] Starting data epoch 941 in logical epoch 941
[2026-07-03 20:21:09] [data] Shuffling data
[2026-07-03 20:21:09] [data] Done reading 20,000 sentences
[2026-07-03 20:21:09] [data] Done shuffling 20,000 sentences to temp files
[2026-07-03 20:21:25] Seen 20,000 samples
[2026-07-03 20:21:25] Starting data epoch 942 in logical epoch 942
[2026-07-03 20:21:25] [data] Shuffling data
[2026-07-03 20:21:25] [data] Done reading 20,000 sentences
[2026-07-03 20:21:25] [data] Done shuffling 20,000 sentences to temp files
[2026-07-03 20:21:26] Ep. 942 : Up. 63500 : Sen. 996 : Cost 1.11447763 * 310,574 @ 664 after 72,777,723 : Time 63.87s : 4862.59 words/s : gNorm 1.2425 : L.r. 1.5059e-04
[2026-07-03 20:21:41] Seen 20,000 samples
[2026-07-03 20:21:41] Starting data epoch 943 in logical epoch 943
[2026-07-03 20:21:41] [data] Shuffling data
[2026-07-03 20:21:41] [data] Done reading 20,000 sentences
[2026-07-03 20:21:41] [data] Done shuffling 20,000 sentences to temp files
[2026-07-03 20:21:57] Seen 20,000 samples
[2026-07-03 20:21:57] Starting data epoch 944 in logical epoch 944
[2026-07-03 20:21:57] [data] Shuffling data
[2026-07-03 20:21:57] [data] Done reading 20,000 sentences
[2026-07-03 20:21:57] [data] Done shuffling 20,000 sentences to temp files
[2026-07-03 20:22:13] Seen 20,000 samples
[2026-07-03 20:22:13] Starting data epoch 945 in logical epoch 945
[2026-07-03 20:22:13] [data] Shuffling data
[2026-07-03 20:22:13] [data] Done reading 20,000 sentences
[2026-07-03 20:22:13] [data] Done shuffling 20,000 sentences to temp files
[2026-07-03 20:22:29] Seen 20,000 samples
[2026-07-03 20:22:29] Starting data epoch 946 in logical epoch 946
[2026-07-03 20:22:29] [data] Shuffling data
[2026-07-03 20:22:29] [data] Done reading 20,000 sentences
[2026-07-03 20:22:29] [data] Done shuffling 20,000 sentences to temp files
[2026-07-03 20:22:29] Ep. 946 : Up. 64000 : Sen. 841 : Cost 1.11405241 * 308,049 @ 830 after 73,085,772 : Time 63.57s : 4846.02 words/s : gNorm 0.2863 : L.r. 1.5000e-04
[2026-07-03 20:22:45] Seen 20,000 samples
[2026-07-03 20:22:45] Starting data epoch 947 in logical epoch 947
[2026-07-03 20:22:45] [data] Shuffling data
[2026-07-03 20:22:45] [data] Done reading 20,000 sentences
[2026-07-03 20:22:45] [data] Done shuffling 20,000 sentences to temp files
[2026-07-03 20:23:01] Seen 20,000 samples
[2026-07-03 20:23:01] Starting data epoch 948 in logical epoch 948
[2026-07-03 20:23:01] [data] Shuffling data
[2026-07-03 20:23:01] [data] Done reading 20,000 sentences
[2026-07-03 20:23:01] [data] Done shuffling 20,000 sentences to temp files
[2026-07-03 20:23:16] Seen 20,000 samples
[2026-07-03 20:23:16] Starting data epoch 949 in logical epoch 949
[2026-07-03 20:23:16] [data] Shuffling data
[2026-07-03 20:23:16] [data] Done reading 20,000 sentences
[2026-07-03 20:23:16] [data] Done shuffling 20,000 sentences to temp files
[2026-07-03 20:23:32] Seen 20,000 samples
[2026-07-03 20:23:32] Starting data epoch 950 in logical epoch 950
[2026-07-03 20:23:32] [data] Shuffling data
[2026-07-03 20:23:32] [data] Done reading 20,000 sentences
[2026-07-03 20:23:32] [data] Done shuffling 20,000 sentences to temp files
[2026-07-03 20:23:33] Ep. 950 : Up. 64500 : Sen. 830 : Cost 1.11465216 * 309,311 @ 664 after 73,395,083 : Time 63.66s : 4858.42 words/s : gNorm 0.3225 : L.r. 1.4942e-04
[2026-07-03 20:23:48] Seen 20,000 samples
[2026-07-03 20:23:48] Starting data epoch 951 in logical epoch 951
[2026-07-03 20:23:48] [data] Shuffling data
[2026-07-03 20:23:48] [data] Done reading 20,000 sentences
[2026-07-03 20:23:48] [data] Done shuffling 20,000 sentences to temp files
[2026-07-03 20:24:04] Seen 20,000 samples
[2026-07-03 20:24:04] Starting data epoch 952 in logical epoch 952
[2026-07-03 20:24:04] [data] Shuffling data
[2026-07-03 20:24:04] [data] Done reading 20,000 sentences
[2026-07-03 20:24:04] [data] Done shuffling 20,000 sentences to temp files
[2026-07-03 20:24:20] Seen 20,000 samples
[2026-07-03 20:24:20] Starting data epoch 953 in logical epoch 953
[2026-07-03 20:24:20] [data] Shuffling data
[2026-07-03 20:24:20] [data] Done reading 20,000 sentences
[2026-07-03 20:24:20] [data] Done shuffling 20,000 sentences to temp files
[2026-07-03 20:24:36] Seen 20,000 samples
[2026-07-03 20:24:36] Starting data epoch 954 in logical epoch 954
[2026-07-03 20:24:36] [data] Shuffling data
[2026-07-03 20:24:36] [data] Done reading 20,000 sentences
[2026-07-03 20:24:36] [data] Done shuffling 20,000 sentences to temp files
[2026-07-03 20:24:37] Ep. 954 : Up. 65000 : Sen. 830 : Cost 1.11458349 * 309,676 @ 498 after 73,704,759 : Time 63.85s : 4849.92 words/s : gNorm 0.3966 : L.r. 1.4884e-04
[2026-07-03 20:24:52] Seen 20,000 samples
[2026-07-03 20:24:52] Starting data epoch 955 in logical epoch 955
[2026-07-03 20:24:52] [data] Shuffling data
[2026-07-03 20:24:52] [data] Done reading 20,000 sentences
[2026-07-03 20:24:52] [data] Done shuffling 20,000 sentences to temp files
[2026-07-03 20:25:08] Seen 20,000 samples
[2026-07-03 20:25:08] Starting data epoch 956 in logical epoch 956
[2026-07-03 20:25:08] [data] Shuffling data
[2026-07-03 20:25:08] [data] Done reading 20,000 sentences
[2026-07-03 20:25:08] [data] Done shuffling 20,000 sentences to temp files
[2026-07-03 20:25:24] Seen 20,000 samples
[2026-07-03 20:25:24] Starting data epoch 957 in logical epoch 957
[2026-07-03 20:25:24] [data] Shuffling data
[2026-07-03 20:25:24] [data] Done reading 20,000 sentences
[2026-07-03 20:25:24] [data] Done shuffling 20,000 sentences to temp files
[2026-07-03 20:25:40] Seen 20,000 samples
[2026-07-03 20:25:40] Starting data epoch 958 in logical epoch 958
[2026-07-03 20:25:40] [data] Shuffling data
[2026-07-03 20:25:40] [data] Done reading 20,000 sentences
[2026-07-03 20:25:40] [data] Done shuffling 20,000 sentences to temp files
[2026-07-03 20:25:41] Ep. 958 : Up. 65500 : Sen. 911 : Cost 1.11492813 * 309,406 @ 498 after 74,014,165 : Time 63.91s : 4840.97 words/s : gNorm 0.5814 : L.r. 1.4827e-04
[2026-07-03 20:25:56] Seen 20,000 samples
[2026-07-03 20:25:56] Starting data epoch 959 in logical epoch 959
[2026-07-03 20:25:56] [data] Shuffling data
[2026-07-03 20:25:56] [data] Done reading 20,000 sentences
[2026-07-03 20:25:56] [data] Done shuffling 20,000 sentences to temp files
[2026-07-03 20:26:12] Seen 20,000 samples
[2026-07-03 20:26:12] Starting data epoch 960 in logical epoch 960
[2026-07-03 20:26:12] [data] Shuffling data
[2026-07-03 20:26:12] [data] Done reading 20,000 sentences
[2026-07-03 20:26:12] [data] Done shuffling 20,000 sentences to temp files
[2026-07-03 20:26:28] Seen 20,000 samples
[2026-07-03 20:26:28] Starting data epoch 961 in logical epoch 961
[2026-07-03 20:26:28] [data] Shuffling data
[2026-07-03 20:26:28] [data] Done reading 20,000 sentences
[2026-07-03 20:26:28] [data] Done shuffling 20,000 sentences to temp files
[2026-07-03 20:26:44] Seen 20,000 samples
[2026-07-03 20:26:44] Starting data epoch 962 in logical epoch 962
[2026-07-03 20:26:44] [data] Shuffling data
[2026-07-03 20:26:44] [data] Done reading 20,000 sentences
[2026-07-03 20:26:44] [data] Done shuffling 20,000 sentences to temp files
[2026-07-03 20:26:45] Ep. 962 : Up. 66000 : Sen. 911 : Cost 1.11444676 * 309,983 @ 606 after 74,324,148 : Time 63.78s : 4860.26 words/s : gNorm 0.4035 : L.r. 1.4771e-04
[2026-07-03 20:26:59] Seen 20,000 samples
[2026-07-03 20:26:59] Starting data epoch 963 in logical epoch 963
[2026-07-03 20:26:59] [data] Shuffling data
[2026-07-03 20:26:59] [data] Done reading 20,000 sentences
[2026-07-03 20:26:59] [data] Done shuffling 20,000 sentences to temp files
[2026-07-03 20:27:15] Seen 20,000 samples
[2026-07-03 20:27:15] Starting data epoch 964 in logical epoch 964
[2026-07-03 20:27:15] [data] Shuffling data
[2026-07-03 20:27:15] [data] Done reading 20,000 sentences
[2026-07-03 20:27:15] [data] Done shuffling 20,000 sentences to temp files
[2026-07-03 20:27:31] Seen 20,000 samples
[2026-07-03 20:27:31] Starting data epoch 965 in logical epoch 965
[2026-07-03 20:27:31] [data] Shuffling data
[2026-07-03 20:27:31] [data] Done reading 20,000 sentences
[2026-07-03 20:27:31] [data] Done shuffling 20,000 sentences to temp files
[2026-07-03 20:27:47] Seen 20,000 samples
[2026-07-03 20:27:47] Starting data epoch 966 in logical epoch 966
[2026-07-03 20:27:47] [data] Shuffling data
[2026-07-03 20:27:47] [data] Done reading 20,000 sentences
[2026-07-03 20:27:47] [data] Done shuffling 20,000 sentences to temp files
[2026-07-03 20:27:48] Ep. 966 : Up. 66500 : Sen. 996 : Cost 1.11457753 * 309,141 @ 664 after 74,633,289 : Time 62.98s : 4908.23 words/s : gNorm 0.2891 : L.r. 1.4715e-04
[2026-07-03 20:28:02] Seen 20,000 samples
[2026-07-03 20:28:02] Starting data epoch 967 in logical epoch 967
[2026-07-03 20:28:02] [data] Shuffling data
[2026-07-03 20:28:02] [data] Done reading 20,000 sentences
[2026-07-03 20:28:03] [data] Done shuffling 20,000 sentences to temp files
[2026-07-03 20:28:18] Seen 20,000 samples
[2026-07-03 20:28:18] Starting data epoch 968 in logical epoch 968
[2026-07-03 20:28:18] [data] Shuffling data
[2026-07-03 20:28:18] [data] Done reading 20,000 sentences
[2026-07-03 20:28:18] [data] Done shuffling 20,000 sentences to temp files
[2026-07-03 20:28:34] Seen 20,000 samples
[2026-07-03 20:28:34] Starting data epoch 969 in logical epoch 969
[2026-07-03 20:28:34] [data] Shuffling data
[2026-07-03 20:28:34] [data] Done reading 20,000 sentences
[2026-07-03 20:28:34] [data] Done shuffling 20,000 sentences to temp files
[2026-07-03 20:28:50] Seen 20,000 samples
[2026-07-03 20:28:50] Starting data epoch 970 in logical epoch 970
[2026-07-03 20:28:50] [data] Shuffling data
[2026-07-03 20:28:50] [data] Done reading 20,000 sentences
[2026-07-03 20:28:50] [data] Done shuffling 20,000 sentences to temp files
[2026-07-03 20:28:51] Ep. 970 : Up. 67000 : Sen. 1,328 : Cost 1.11437929 * 311,004 @ 498 after 74,944,293 : Time 63.21s : 4920.05 words/s : gNorm 0.2878 : L.r. 1.4660e-04
[2026-07-03 20:29:05] Seen 20,000 samples
[2026-07-03 20:29:05] Starting data epoch 971 in logical epoch 971
[2026-07-03 20:29:05] [data] Shuffling data
[2026-07-03 20:29:05] [data] Done reading 20,000 sentences
[2026-07-03 20:29:05] [data] Done shuffling 20,000 sentences to temp files
[2026-07-03 20:29:21] Seen 20,000 samples
[2026-07-03 20:29:21] Starting data epoch 972 in logical epoch 972
[2026-07-03 20:29:21] [data] Shuffling data
[2026-07-03 20:29:21] [data] Done reading 20,000 sentences
[2026-07-03 20:29:21] [data] Done shuffling 20,000 sentences to temp files
[2026-07-03 20:29:37] Seen 20,000 samples
[2026-07-03 20:29:37] Starting data epoch 973 in logical epoch 973
[2026-07-03 20:29:37] [data] Shuffling data
[2026-07-03 20:29:37] [data] Done reading 20,000 sentences
[2026-07-03 20:29:37] [data] Done shuffling 20,000 sentences to temp files
[2026-07-03 20:29:52] Seen 20,000 samples
[2026-07-03 20:29:52] Starting data epoch 974 in logical epoch 974
[2026-07-03 20:29:52] [data] Shuffling data
[2026-07-03 20:29:52] [data] Done reading 20,000 sentences
[2026-07-03 20:29:52] [data] Done shuffling 20,000 sentences to temp files
[2026-07-03 20:29:53] Ep. 974 : Up. 67500 : Sen. 1,162 : Cost 1.11468434 * 307,983 @ 498 after 75,252,276 : Time 62.45s : 4932.01 words/s : gNorm 0.3277 : L.r. 1.4606e-04
[2026-07-03 20:30:08] Seen 20,000 samples
[2026-07-03 20:30:08] Starting data epoch 975 in logical epoch 975
[2026-07-03 20:30:08] [data] Shuffling data
[2026-07-03 20:30:08] [data] Done reading 20,000 sentences
[2026-07-03 20:30:08] [data] Done shuffling 20,000 sentences to temp files
[2026-07-03 20:30:23] Seen 20,000 samples
[2026-07-03 20:30:23] Starting data epoch 976 in logical epoch 976
[2026-07-03 20:30:23] [data] Shuffling data
[2026-07-03 20:30:23] [data] Done reading 20,000 sentences
[2026-07-03 20:30:24] [data] Done shuffling 20,000 sentences to temp files
[2026-07-03 20:30:39] Seen 20,000 samples
[2026-07-03 20:30:39] Starting data epoch 977 in logical epoch 977
[2026-07-03 20:30:39] [data] Shuffling data
[2026-07-03 20:30:39] [data] Done reading 20,000 sentences
[2026-07-03 20:30:39] [data] Done shuffling 20,000 sentences to temp files
[2026-07-03 20:30:55] Seen 20,000 samples
[2026-07-03 20:30:55] Starting data epoch 978 in logical epoch 978
[2026-07-03 20:30:55] [data] Shuffling data
[2026-07-03 20:30:55] [data] Done reading 20,000 sentences
[2026-07-03 20:30:55] [data] Done shuffling 20,000 sentences to temp files
[2026-07-03 20:30:56] Ep. 978 : Up. 68000 : Sen. 1,162 : Cost 1.11444700 * 309,149 @ 498 after 75,561,425 : Time 62.46s : 4949.59 words/s : gNorm 0.3216 : L.r. 1.4552e-04
[2026-07-03 20:31:10] Seen 20,000 samples
[2026-07-03 20:31:10] Starting data epoch 979 in logical epoch 979
[2026-07-03 20:31:10] [data] Shuffling data
[2026-07-03 20:31:10] [data] Done reading 20,000 sentences
[2026-07-03 20:31:10] [data] Done shuffling 20,000 sentences to temp files
[2026-07-03 20:31:26] Seen 20,000 samples
[2026-07-03 20:31:26] Starting data epoch 980 in logical epoch 980
[2026-07-03 20:31:26] [data] Shuffling data
[2026-07-03 20:31:26] [data] Done reading 20,000 sentences
[2026-07-03 20:31:26] [data] Done shuffling 20,000 sentences to temp files
[2026-07-03 20:31:42] Seen 20,000 samples
[2026-07-03 20:31:42] Starting data epoch 981 in logical epoch 981
[2026-07-03 20:31:42] [data] Shuffling data
[2026-07-03 20:31:42] [data] Done reading 20,000 sentences
[2026-07-03 20:31:42] [data] Done shuffling 20,000 sentences to temp files
[2026-07-03 20:31:57] Seen 20,000 samples
[2026-07-03 20:31:57] Starting data epoch 982 in logical epoch 982
[2026-07-03 20:31:57] [data] Shuffling data
[2026-07-03 20:31:57] [data] Done reading 20,000 sentences
[2026-07-03 20:31:57] [data] Done shuffling 20,000 sentences to temp files
[2026-07-03 20:31:58] Ep. 982 : Up. 68500 : Sen. 1,162 : Cost 1.11413920 * 309,406 @ 498 after 75,870,831 : Time 62.54s : 4947.54 words/s : gNorm 0.3425 : L.r. 1.4499e-04
[2026-07-03 20:32:13] Seen 20,000 samples
[2026-07-03 20:32:13] Starting data epoch 983 in logical epoch 983
[2026-07-03 20:32:13] [data] Shuffling data
[2026-07-03 20:32:13] [data] Done reading 20,000 sentences
[2026-07-03 20:32:13] [data] Done shuffling 20,000 sentences to temp files
[2026-07-03 20:32:29] Seen 20,000 samples
[2026-07-03 20:32:29] Starting data epoch 984 in logical epoch 984
[2026-07-03 20:32:29] [data] Shuffling data
[2026-07-03 20:32:29] [data] Done reading 20,000 sentences
[2026-07-03 20:32:29] [data] Done shuffling 20,000 sentences to temp files
[2026-07-03 20:32:44] Seen 20,000 samples
[2026-07-03 20:32:44] Starting data epoch 985 in logical epoch 985
[2026-07-03 20:32:44] [data] Shuffling data
[2026-07-03 20:32:44] [data] Done reading 20,000 sentences
[2026-07-03 20:32:44] [data] Done shuffling 20,000 sentences to temp files
[2026-07-03 20:33:00] Seen 20,000 samples
[2026-07-03 20:33:00] Starting data epoch 986 in logical epoch 986
[2026-07-03 20:33:00] [data] Shuffling data
[2026-07-03 20:33:00] [data] Done reading 20,000 sentences
[2026-07-03 20:33:00] [data] Done shuffling 20,000 sentences to temp files
[2026-07-03 20:33:01] Ep. 986 : Up. 69000 : Sen. 1,162 : Cost 1.11387074 * 309,676 @ 664 after 76,180,507 : Time 62.63s : 4944.93 words/s : gNorm 0.3182 : L.r. 1.4446e-04
[2026-07-03 20:33:16] Seen 20,000 samples
[2026-07-03 20:33:16] Starting data epoch 987 in logical epoch 987
[2026-07-03 20:33:16] [data] Shuffling data
[2026-07-03 20:33:16] [data] Done reading 20,000 sentences
[2026-07-03 20:33:16] [data] Done shuffling 20,000 sentences to temp files
[2026-07-03 20:33:31] Seen 20,000 samples
[2026-07-03 20:33:31] Starting data epoch 988 in logical epoch 988
[2026-07-03 20:33:31] [data] Shuffling data
[2026-07-03 20:33:31] [data] Done reading 20,000 sentences
[2026-07-03 20:33:31] [data] Done shuffling 20,000 sentences to temp files
[2026-07-03 20:33:47] Seen 20,000 samples
[2026-07-03 20:33:47] Starting data epoch 989 in logical epoch 989
[2026-07-03 20:33:47] [data] Shuffling data
[2026-07-03 20:33:47] [data] Done reading 20,000 sentences
[2026-07-03 20:33:47] [data] Done shuffling 20,000 sentences to temp files
[2026-07-03 20:34:02] Seen 20,000 samples
[2026-07-03 20:34:02] Starting data epoch 990 in logical epoch 990
[2026-07-03 20:34:02] [data] Shuffling data
[2026-07-03 20:34:02] [data] Done reading 20,000 sentences
[2026-07-03 20:34:02] [data] Done shuffling 20,000 sentences to temp files
[2026-07-03 20:34:04] Ep. 990 : Up. 69500 : Sen. 1,494 : Cost 1.11428440 * 311,192 @ 691 after 76,491,699 : Time 62.95s : 4943.57 words/s : gNorm 0.3407 : L.r. 1.4394e-04
[2026-07-03 20:34:18] Seen 20,000 samples
[2026-07-03 20:34:18] Starting data epoch 991 in logical epoch 991
[2026-07-03 20:34:18] [data] Shuffling data
[2026-07-03 20:34:18] [data] Done reading 20,000 sentences
[2026-07-03 20:34:18] [data] Done shuffling 20,000 sentences to temp files
[2026-07-03 20:34:34] Seen 20,000 samples
[2026-07-03 20:34:34] Starting data epoch 992 in logical epoch 992
[2026-07-03 20:34:34] [data] Shuffling data
[2026-07-03 20:34:34] [data] Done reading 20,000 sentences
[2026-07-03 20:34:34] [data] Done shuffling 20,000 sentences to temp files
[2026-07-03 20:34:49] Seen 20,000 samples
[2026-07-03 20:34:49] Starting data epoch 993 in logical epoch 993
[2026-07-03 20:34:49] [data] Shuffling data
[2026-07-03 20:34:49] [data] Done reading 20,000 sentences
[2026-07-03 20:34:49] [data] Done shuffling 20,000 sentences to temp files
[2026-07-03 20:35:05] Seen 20,000 samples
[2026-07-03 20:35:05] Starting data epoch 994 in logical epoch 994
[2026-07-03 20:35:05] [data] Shuffling data
[2026-07-03 20:35:05] [data] Done reading 20,000 sentences
[2026-07-03 20:35:05] [data] Done shuffling 20,000 sentences to temp files
[2026-07-03 20:35:06] Ep. 994 : Up. 70000 : Sen. 1,586 : Cost 1.11427319 * 309,668 @ 498 after 76,801,367 : Time 62.42s : 4961.35 words/s : gNorm 0.5444 : L.r. 1.4343e-04
[2026-07-03 20:35:06] Saving model weights and runtime parameters to model.transformer.phmy/model.iter70000.npz
[2026-07-03 20:35:06] Saving model weights and runtime parameters to model.transformer.phmy/model.npz
[2026-07-03 20:35:07] Saving Adam parameters
[2026-07-03 20:35:07] [training] Saving training checkpoint to model.transformer.phmy/model.npz and model.transformer.phmy/model.npz.optimizer.npz
[2026-07-03 20:35:08] [valid] Ep. 994 : Up. 70000 : cross-entropy : 2.92858 : stalled 10 times (last best: 1.83935)
[2026-07-03 20:35:09] [valid] Ep. 994 : Up. 70000 : perplexity : 2.14246 : stalled 10 times (last best: 1.61375)
[2026-07-03 20:35:11] [valid] Ep. 994 : Up. 70000 : bleu : 76.0422 : stalled 10 times (last best: 76.1047)
[2026-07-03 20:35:11] Training finished
[2026-07-03 20:35:11] Saving model weights and runtime parameters to model.transformer.phmy/model.npz
[2026-07-03 20:35:11] Saving Adam parameters
[2026-07-03 20:35:11] [training] Saving training checkpoint to model.transformer.phmy/model.npz and model.transformer.phmy/model.npz.optimizer.npz
